geoid,name,stateAbbreviation,stateFips,countyFips,population,populationMoe,enrolled,enrolledMoe,enrollmentPercent,under19,under19Moe,age19To64,age19To64Moe,age65Plus,age65PlusMoe
10001,"Kent County, Delaware",DE,10,001,184007,504,43788,1831,23.8,18478,1233,21051,1254,4259,510
10003,"New Castle County, Delaware",DE,10,003,570679,387,107935,3008,18.91,44674,1964,52853,2127,10408,815
10005,"Sussex County, Delaware",DE,10,005,252881,201,54919,1762,21.72,24053,1122,24904,1280,5962,456
11001,"District of Columbia, District of Columbia",DC,11,001,671766,453,167576,3197,24.95,58514,1891,87307,2357,21755,1045
12001,"Alachua County, Florida",FL,12,001,282974,109,39115,1969,13.82,17983,1282,14959,1290,6173,754
12003,"Baker County, Florida",FL,12,003,25733,105,5073,765,19.71,2704,578,1984,465,385,185
12005,"Bay County, Florida",FL,12,005,181841,554,32000,1508,17.6,16739,1066,11371,939,3890,506
12007,"Bradford County, Florida",FL,12,007,24180,75,6195,675,25.62,2960,440,2691,475,544,192
12009,"Brevard County, Florida",FL,12,009,625754,649,95339,2830,15.24,41008,1747,37985,1968,16346,1042
12011,"Broward County, Florida",FL,12,011,1963742,444,326321,5337,16.62,166527,3761,103132,3153,56662,2096
12013,"Calhoun County, Florida",FL,12,013,11752,27,3392,403,28.86,1688,265,1195,250,509,172
12015,"Charlotte County, Florida",FL,12,015,197014,98,27306,1433,13.86,10377,827,10395,901,6534,747
12017,"Citrus County, Florida",FL,12,017,160194,69,31264,1416,19.52,12400,894,12624,945,6240,559
12019,"Clay County, Florida",FL,12,019,223382,532,32196,1800,14.41,17133,1386,11475,1073,3588,411
12021,"Collier County, Florida",FL,12,021,396134,74,47922,2207,12.1,24612,1488,14000,1431,9310,779
12023,"Columbia County, Florida",FL,12,023,67679,110,17579,1048,25.97,8709,713,6652,686,2218,345
12027,"DeSoto County, Florida",FL,12,027,33647,26,8432,790,25.06,4015,436,3701,630,716,193
12029,"Dixie County, Florida",FL,12,029,15416,38,4473,476,29.02,1942,286,1801,333,730,184
12031,"Duval County, Florida",FL,12,031,999339,1377,186978,4316,18.71,92745,3280,70893,2559,23340,1149
12033,"Escambia County, Florida",FL,12,033,308976,838,65041,2271,21.05,32849,1597,24618,1496,7574,606
12035,"Flagler County, Florida",FL,12,035,125829,89,19407,1250,15.42,8271,844,6527,702,4609,598
12037,"Franklin County, Florida",FL,12,037,10939,26,1909,309,17.45,931,242,633,153,345,115
12039,"Gadsden County, Florida",FL,12,039,41091,72,11023,828,26.83,4819,507,4561,585,1643,293
12041,"Gilchrist County, Florida",FL,12,041,18125,30,3439,417,18.97,1489,235,1536,315,414,138
12043,"Glades County, Florida",FL,12,043,11436,42,2200,371,19.24,813,178,1036,304,351,117
12045,"Gulf County, Florida",FL,12,045,12523,178,2696,364,21.53,1196,221,986,234,514,170
12047,"Hamilton County, Florida",FL,12,047,11187,56,3218,383,28.77,1685,282,1108,228,425,122
12049,"Hardee County, Florida",FL,12,049,24109,34,6680,655,27.71,3924,475,2269,424,487,155
12051,"Hendry County, Florida",FL,12,051,41568,23,12487,994,30.04,7305,697,3985,651,1197,279
12053,"Hernando County, Florida",FL,12,053,205223,54,40096,1532,19.54,18816,942,15205,1049,6075,600
12055,"Highlands County, Florida",FL,12,055,104496,110,21719,1126,20.78,8950,718,7947,694,4822,521
12057,"Hillsborough County, Florida",FL,12,057,1507677,766,272902,4699,18.1,134982,3386,99700,2840,38220,1597
12059,"Holmes County, Florida",FL,12,059,17709,41,4268,419,24.1,2127,301,1489,245,652,157
12061,"Indian River County, Florida",FL,12,061,165069,483,26064,1479,15.79,10949,954,9626,965,5489,588
12063,"Jackson County, Florida",FL,12,063,41824,97,12116,707,28.97,5737,388,4883,532,1496,257
12065,"Jefferson County, Florida",FL,12,065,13936,55,3269,419,23.46,1562,301,1064,251,643,149
12067,"Lafayette County, Florida",FL,12,067,6719,28,1822,368,27.12,597,203,1045,297,180,76
12069,"Lake County, Florida",FL,12,069,408612,197,61741,2548,15.11,28635,1926,23646,1439,9460,845
12071,"Lee County, Florida",FL,12,071,812164,133,134951,3346,16.62,63783,2353,46964,1985,24204,1310
12073,"Leon County, Florida",FL,12,073,293671,211,43232,1949,14.72,19783,1240,18177,1425,5272,482
12075,"Levy County, Florida",FL,12,075,45096,6,11204,864,24.84,4857,577,4567,559,1780,319
12077,"Liberty County, Florida",FL,12,077,6171,28,1417,229,22.96,542,126,766,185,109,50
12079,"Madison County, Florida",FL,12,079,16408,29,4999,472,30.47,2054,264,2311,362,634,148
12081,"Manatee County, Florida",FL,12,081,425693,263,57740,2160,13.56,29304,1615,19308,1196,9128,792
12083,"Marion County, Florida",FL,12,083,392063,117,79960,2653,20.39,37273,1777,30073,1757,12614,891
12085,"Martin County, Florida",FL,12,085,158999,70,19368,1324,12.18,8596,894,6707,859,4065,464
12086,"Miami-Dade County, Florida",FL,12,086,2714154,643,619148,6595,22.81,270066,4380,185872,3841,163210,3091
12087,"Monroe County, Florida",FL,12,087,79854,376,11123,865,13.93,4873,609,3967,469,2283,397
12089,"Nassau County, Florida",FL,12,089,96562,181,13816,1245,14.31,6564,869,5229,810,2023,374
12091,"Okaloosa County, Florida",FL,12,091,200873,1066,28539,1543,14.21,14986,1088,9640,965,3913,515
12093,"Okeechobee County, Florida",FL,12,093,38173,74,10087,827,26.42,5677,601,3443,523,967,222
12095,"Orange County, Florida",FL,12,095,1459399,529,240288,4724,16.46,122684,3248,86754,3019,30850,1629
12097,"Osceola County, Florida",FL,12,097,425492,121,95875,3285,22.53,48495,2240,36401,2142,10979,1089
12099,"Palm Beach County, Florida",FL,12,099,1519770,214,220429,4301,14.5,111040,3038,71172,2664,38217,1473
12101,"Pasco County, Florida",FL,12,101,605704,303,105896,2886,17.48,47651,1965,41861,1881,16384,965
12103,"Pinellas County, Florida",FL,12,103,948700,497,135711,3057,14.3,56189,2053,50074,1818,29448,1350
12105,"Polk County, Florida",FL,12,105,782213,369,163139,3666,20.86,82474,2518,58435,2359,22230,1238
12107,"Putnam County, Florida",FL,12,107,74024,63,23806,1139,32.16,11195,831,9804,690,2807,360
12109,"St. Johns County, Florida",FL,12,109,304726,209,24406,1593,8.01,9396,985,10363,1092,4647,613
12111,"St. Lucie County, Florida",FL,12,111,357826,157,65865,2744,18.41,31849,1880,24478,1791,9538,886
12113,"Santa Rosa County, Florida",FL,12,113,188398,763,23987,1642,12.73,12053,1282,8961,929,2973,434
12115,"Sarasota County, Florida",FL,12,115,453581,153,46288,1817,10.21,19281,1228,16332,1115,10675,743
12117,"Seminole County, Florida",FL,12,117,477871,223,59672,2206,12.49,28008,1585,22910,1339,8754,750
12119,"Sumter County, Florida",FL,12,119,135678,138,17729,1255,13.07,6086,566,6201,874,5442,701
12121,"Suwannee County, Florida",FL,12,121,43370,41,12167,1040,28.05,5501,726,5163,630,1503,398
12123,"Taylor County, Florida",FL,12,123,18926,88,5742,667,30.34,2994,509,2214,380,534,203
12125,"Union County, Florida",FL,12,125,11132,104,2905,344,26.1,1819,254,915,223,171,65
12127,"Volusia County, Florida",FL,12,127,571153,349,101454,2915,17.76,45633,2044,38556,1806,17265,1028
12129,"Wakulla County, Florida",FL,12,129,32565,48,5452,662,16.74,2442,420,2310,473,700,194
12131,"Walton County, Florida",FL,12,131,81232,115,12684,1007,15.61,6244,727,4709,633,1731,291
12133,"Washington County, Florida",FL,12,133,22949,76,4734,481,20.63,2091,313,1995,339,648,136
13001,"Appling County, Georgia",GA,13,001,18154,51,5389,532,29.68,3058,323,1663,386,668,173
13003,"Atkinson County, Georgia",GA,13,003,8313,30,2694,308,32.41,1657,241,691,148,346,121
13005,"Bacon County, Georgia",GA,13,005,10733,46,2922,405,27.22,1821,310,850,233,251,117
13007,"Baker County, Georgia",GA,13,007,2790,14,798,184,28.6,339,136,232,83,227,92
13009,"Baldwin County, Georgia",GA,13,009,40478,57,7918,746,19.56,3488,508,3261,494,1169,234
13011,"Banks County, Georgia",GA,13,011,19246,22,3459,419,17.97,1866,287,1047,270,546,143
13013,"Barrow County, Georgia",GA,13,013,89524,43,15885,961,17.74,9608,724,4805,577,1472,259
13015,"Bartow County, Georgia",GA,13,015,111985,173,17493,1142,15.62,9789,851,5562,676,2142,351
13017,"Ben Hill County, Georgia",GA,13,017,16815,6,5111,428,30.4,2708,268,1792,298,611,150
13019,"Berrien County, Georgia",GA,13,019,18030,86,5299,492,29.39,2582,308,2016,344,701,170
13021,"Bibb County, Georgia",GA,13,021,152980,156,42998,1722,28.11,22527,1120,15250,1202,5221,515
13023,"Bleckley County, Georgia",GA,13,023,12004,38,3328,356,27.72,1505,202,1289,251,534,152
13025,"Brantley County, Georgia",GA,13,025,18256,2,3874,468,21.22,2181,336,1192,281,501,165
13027,"Brooks County, Georgia",GA,13,027,15972,63,4066,512,25.46,1889,341,1524,348,653,158
13029,"Bryan County, Georgia",GA,13,029,46041,430,4802,644,10.43,2742,516,1358,339,702,182
13031,"Bulloch County, Georgia",GA,13,031,81925,78,17080,1096,20.85,9875,731,5601,765,1604,285
13033,"Burke County, Georgia",GA,13,033,24260,5,6200,578,25.56,3337,363,1799,405,1064,197
13035,"Butts County, Georgia",GA,13,035,24008,95,4918,620,20.48,2904,497,1556,340,458,147
13037,"Calhoun County, Georgia",GA,13,037,3784,29,1059,153,27.99,624,120,281,81,154,48
13039,"Camden County, Georgia",GA,13,039,52610,434,9101,794,17.3,4943,501,3191,574,967,223
13043,"Candler County, Georgia",GA,13,043,10726,41,3202,427,29.85,1835,312,981,245,386,159
13045,"Carroll County, Georgia",GA,13,045,123530,74,24747,1455,20.03,13323,1044,8280,918,3144,430
13047,"Catoosa County, Georgia",GA,13,047,68121,35,11591,953,17.02,6570,702,3520,566,1501,308
13049,"Charlton County, Georgia",GA,13,049,12220,89,3865,471,31.63,2233,338,1138,304,494,123
13051,"Chatham County, Georgia",GA,13,051,292668,516,57293,1888,19.58,30910,1194,19159,1297,7224,675
13053,"Chattahoochee County, Georgia",GA,13,053,3698,204,706,166,19.09,397,122,228,103,81,45
13055,"Chattooga County, Georgia",GA,13,055,23576,61,7873,568,33.39,3561,308,3204,429,1108,208
13057,"Cherokee County, Georgia",GA,13,057,279509,183,26403,1663,9.45,15117,1243,7887,1011,3399,445
13059,"Clarke County, Georgia",GA,13,059,128684,159,16623,1136,12.92,8856,860,5527,648,2240,361
13061,"Clay County, Georgia",GA,13,061,2791,3,710,156,25.44,392,123,226,76,92,58
13063,"Clayton County, Georgia",GA,13,063,295556,261,79549,2869,26.92,49485,2191,24190,1750,5874,606
13065,"Clinch County, Georgia",GA,13,065,6673,3,1835,303,27.5,812,202,825,208,198,89
13067,"Cobb County, Georgia",GA,13,067,770393,334,87476,3034,11.35,53278,2537,23486,1483,10712,755
13069,"Coffee County, Georgia",GA,13,069,40086,109,10710,822,26.72,6440,568,3178,536,1092,255
13071,"Colquitt County, Georgia",GA,13,071,45731,18,13122,733,28.69,7559,478,3886,488,1677,265
13073,"Columbia County, Georgia",GA,13,073,158204,632,15977,1269,10.1,8052,941,5429,734,2496,430
13075,"Cook County, Georgia",GA,13,075,17130,162,4508,521,26.32,2352,376,1566,333,590,139
13077,"Coweta County, Georgia",GA,13,077,151887,178,20083,1409,13.22,10993,1123,6717,762,2373,379
13079,"Crawford County, Georgia",GA,13,079,12092,28,2668,390,22.06,1197,248,636,223,835,202
13081,"Crisp County, Georgia",GA,13,081,19461,11,5329,638,27.38,2898,467,1490,404,941,162
13083,"Dade County, Georgia",GA,13,083,16043,36,2411,376,15.03,1199,282,793,210,419,134
13085,"Dawson County, Georgia",GA,13,085,30042,88,3572,488,11.89,1957,383,1176,257,439,158
13087,"Decatur County, Georgia",GA,13,087,28112,62,9020,763,32.09,5070,510,3123,523,827,221
13089,"DeKalb County, Georgia",GA,13,089,760222,186,139210,3790,18.31,78727,2457,42914,2584,17569,1284
13091,"Dodge County, Georgia",GA,13,091,18247,57,4480,434,24.55,2145,268,1383,281,952,193
13093,"Dooly County, Georgia",GA,13,093,8619,67,2337,293,27.11,1243,214,560,151,534,131
13095,"Dougherty County, Georgia",GA,13,095,81347,143,27060,1052,33.26,13988,683,9165,695,3907,396
13097,"Douglas County, Georgia",GA,13,097,146425,139,27553,1713,18.82,17283,1411,8039,886,2231,398
13099,"Early County, Georgia",GA,13,099,10482,5,2950,347,28.14,1600,263,929,183,421,133
13101,"Echols County, Georgia",GA,13,101,3685,34,1050,184,28.49,714,141,276,113,60,32
13103,"Effingham County, Georgia",GA,13,103,68336,224,8943,900,13.09,4859,748,2684,425,1400,263
13105,"Elbert County, Georgia",GA,13,105,19611,7,4787,497,24.41,2564,332,1461,297,762,220
13107,"Emanuel County, Georgia",GA,13,107,22005,23,7121,467,32.36,4005,306,2295,320,821,147
13109,"Evans County, Georgia",GA,13,109,10172,16,3238,328,31.83,1975,255,877,172,386,113
13111,"Fannin County, Georgia",GA,13,111,25604,4,5286,546,20.65,2888,306,1571,396,827,219
13113,"Fayette County, Georgia",GA,13,113,121374,143,10474,908,8.63,5012,673,3231,492,2231,359
13115,"Floyd County, Georgia",GA,13,115,97837,60,20786,1083,21.25,11753,804,6995,645,2038,332
13117,"Forsyth County, Georgia",GA,13,117,266313,96,15591,1216,5.85,8162,872,4650,749,2779,398
13119,"Franklin County, Georgia",GA,13,119,24034,8,5836,518,24.28,3421,392,1471,271,944,204
13121,"Fulton County, Georgia",GA,13,121,1066415,502,158794,4155,14.89,79391,3036,55603,2608,23800,1117
13123,"Gilmer County, Georgia",GA,13,123,32268,4,6106,558,18.92,3426,404,1918,347,762,167
13125,"Glascock County, Georgia",GA,13,125,2848,17,1177,182,41.33,606,123,488,126,83,45
13127,"Glynn County, Georgia",GA,13,127,84419,118,14830,1142,17.57,8027,748,4778,804,2025,313
13129,"Gordon County, Georgia",GA,13,129,58575,18,10892,902,18.59,6419,677,2869,535,1604,262
13131,"Grady County, Georgia",GA,13,131,25945,4,7302,603,28.14,4045,428,2217,364,1040,219
13133,"Greene County, Georgia",GA,13,133,19958,68,2811,390,14.08,1354,294,738,183,719,180
13135,"Gwinnett County, Georgia",GA,13,135,974976,229,159543,4051,16.36,101970,3217,42303,2222,15270,1059
13137,"Habersham County, Georgia",GA,13,137,46123,79,9688,713,21,5022,455,3377,488,1289,251
13139,"Hall County, Georgia",GA,13,139,211216,86,39425,1684,18.67,23515,1251,11252,949,4658,609
13141,"Hancock County, Georgia",GA,13,141,6914,23,1939,441,28.04,857,313,854,291,228,108
13143,"Haralson County, Georgia",GA,13,143,30985,98,7085,620,22.87,3914,453,2420,378,751,192
13145,"Harris County, Georgia",GA,13,145,35362,157,4712,560,13.33,2309,384,1570,333,833,234
13147,"Hart County, Georgia",GA,13,147,26305,37,4364,456,16.59,2011,327,1686,266,667,173
13149,"Heard County, Georgia",GA,13,149,11657,8,3190,357,27.37,1497,199,1256,259,437,145
13151,"Henry County, Georgia",GA,13,151,248301,261,40446,2047,16.29,23164,1586,13206,1168,4076,557
13153,"Houston County, Georgia",GA,13,153,164263,859,28092,1709,17.1,15127,1328,9316,955,3649,496
13155,"Irwin County, Georgia",GA,13,155,9048,20,2146,322,23.72,1303,218,670,224,173,77
13157,"Jackson County, Georgia",GA,13,157,84163,69,13156,850,15.63,7162,640,4464,484,1530,281
13159,"Jasper County, Georgia",GA,13,159,15800,44,3509,362,22.21,2250,267,862,187,397,158
13161,"Jeff Davis County, Georgia",GA,13,161,14873,12,3704,521,24.9,1786,374,1323,330,595,151
13163,"Jefferson County, Georgia",GA,13,163,14872,10,4164,371,28,2267,260,1300,229,597,132
13165,"Jenkins County, Georgia",GA,13,165,7451,34,2247,427,30.16,771,232,999,300,477,196
13167,"Johnson County, Georgia",GA,13,167,7765,51,2239,298,28.83,1068,204,802,190,369,104
13169,"Jones County, Georgia",GA,13,169,28382,34,5313,528,18.72,2574,365,1870,329,869,193
13171,"Lamar County, Georgia",GA,13,171,19410,34,3653,480,18.82,1673,295,1345,317,635,207
13173,"Lanier County, Georgia",GA,13,173,9681,164,2135,318,22.05,1262,243,538,147,335,142
13175,"Laurens County, Georgia",GA,13,175,49065,34,12665,824,25.81,6571,541,4210,560,1884,270
13177,"Lee County, Georgia",GA,13,177,32673,62,5498,636,16.83,3333,502,1680,359,485,154
13179,"Liberty County, Georgia",GA,13,179,59523,676,13515,977,22.71,7609,805,4476,504,1430,228
13181,"Lincoln County, Georgia",GA,13,181,7752,83,1881,314,24.26,975,226,646,200,260,88
13183,"Long County, Georgia",GA,13,183,17583,177,4023,542,22.88,2282,382,1506,365,235,120
13185,"Lowndes County, Georgia",GA,13,185,114388,533,24743,1385,21.63,13591,1082,8124,777,3028,379
13187,"Lumpkin County, Georgia",GA,13,187,34080,108,4626,488,13.57,2135,356,1447,270,1044,196
13189,"McDuffie County, Georgia",GA,13,189,21528,7,5813,625,27,3234,432,2001,420,578,167
13191,"McIntosh County, Georgia",GA,13,191,11249,3,2717,299,24.15,1040,139,995,210,682,162
13193,"Macon County, Georgia",GA,13,193,9890,44,3554,321,35.94,1615,191,1231,218,708,138
13195,"Madison County, Georgia",GA,13,195,31349,13,7107,708,22.67,3423,515,2711,424,973,237
13197,"Marion County, Georgia",GA,13,197,7380,50,1466,230,19.86,802,162,526,148,138,68
13199,"Meriwether County, Georgia",GA,13,199,20820,7,5443,488,26.14,2768,306,1850,335,825,181
13201,"Miller County, Georgia",GA,13,201,5697,4,1250,192,21.94,657,144,468,118,125,48
13205,"Mitchell County, Georgia",GA,13,205,19534,65,6111,490,31.28,3104,299,1980,326,1027,211
13207,"Monroe County, Georgia",GA,13,207,28413,71,4247,538,14.95,2292,397,1065,285,890,224
13209,"Montgomery County, Georgia",GA,13,209,8120,54,1607,192,19.79,877,129,442,111,288,89
13211,"Morgan County, Georgia",GA,13,211,20890,23,3096,442,14.82,1436,339,1007,243,653,145
13213,"Murray County, Georgia",GA,13,213,40260,46,8720,684,21.66,4801,510,2907,415,1012,190
13215,"Muscogee County, Georgia",GA,13,215,194146,569,48282,1865,24.87,24890,1411,16780,1024,6612,661
13217,"Newton County, Georgia",GA,13,217,117267,121,24765,1626,21.12,14772,1266,7462,940,2531,398
13219,"Oconee County, Georgia",GA,13,219,43365,12,3679,592,8.48,1838,485,858,214,983,263
13221,"Oglethorpe County, Georgia",GA,13,221,15356,61,3175,405,20.68,1664,295,1082,248,429,123
13223,"Paulding County, Georgia",GA,13,223,177687,205,25319,1575,14.25,13812,1222,8600,883,2907,456
13225,"Peach County, Georgia",GA,13,225,28438,81,5226,584,18.38,2583,395,1867,365,776,228
13227,"Pickens County, Georgia",GA,13,227,34738,5,5886,583,16.94,3441,349,1938,441,507,155
13229,"Pierce County, Georgia",GA,13,229,20052,5,3747,421,18.69,2456,337,773,215,518,131
13231,"Pike County, Georgia",GA,13,231,19592,11,2093,319,10.68,958,212,835,220,300,91
13233,"Polk County, Georgia",GA,13,233,43236,64,11715,894,27.1,6568,589,4085,628,1062,240
13235,"Pulaski County, Georgia",GA,13,235,8683,36,2459,399,28.32,1054,275,876,233,529,172
13237,"Putnam County, Georgia",GA,13,237,22645,67,4636,629,20.47,2545,490,1450,360,641,160
13239,"Quitman County, Georgia",GA,13,239,2264,14,579,133,25.57,199,74,279,89,101,65
13241,"Rabun County, Georgia",GA,13,241,17158,10,3026,319,17.64,1610,227,883,182,533,130
13243,"Randolph County, Georgia",GA,13,243,6080,72,2941,410,48.37,1488,247,1010,260,443,199
13245,"Richmond County, Georgia",GA,13,245,194987,559,51935,1843,26.64,28030,1182,18652,1323,5253,499
13247,"Rockdale County, Georgia",GA,13,247,94406,114,17877,1167,18.94,11410,935,4539,616,1928,329
13249,"Schley County, Georgia",GA,13,249,4513,14,1066,231,23.62,517,152,408,151,141,87
13251,"Screven County, Georgia",GA,13,251,13868,23,3431,344,24.74,1639,241,976,196,816,147
13253,"Seminole County, Georgia",GA,13,253,9062,4,2592,303,28.6,1351,170,934,222,307,116
13255,"Spalding County, Georgia",GA,13,255,68113,53,16392,963,24.07,8823,618,5566,669,2003,313
13257,"Stephens County, Georgia",GA,13,257,26795,7,6632,537,24.75,3376,359,2085,317,1171,242
13259,"Stewart County, Georgia",GA,13,259,3904,342,1114,224,28.53,512,72,472,206,130,52
13261,"Sumter County, Georgia",GA,13,261,28365,19,8432,667,29.73,4586,359,2814,530,1032,188
13263,"Talbot County, Georgia",GA,13,263,5703,31,1332,184,23.36,607,114,426,108,299,95
13265,"Taliaferro County, Georgia",GA,13,265,1547,222,529,120,34.2,199,65,209,84,121,56
13267,"Tattnall County, Georgia",GA,13,267,19893,107,5756,537,28.93,2987,383,1992,319,777,199
13269,"Taylor County, Georgia",GA,13,269,7636,13,2759,316,36.13,1117,170,1164,240,478,115
13271,"Telfair County, Georgia",GA,13,271,9623,351,2711,495,28.17,1328,320,979,355,404,130
13273,"Terrell County, Georgia",GA,13,273,8563,21,2816,327,32.89,1672,253,831,189,313,83
13275,"Thomas County, Georgia",GA,13,275,45357,68,11894,721,26.22,5994,454,4171,475,1729,297
13277,"Tift County, Georgia",GA,13,277,40881,73,10512,794,25.71,6168,630,3074,429,1270,222
13279,"Toombs County, Georgia",GA,13,279,26799,6,8281,703,30.9,4606,486,2424,453,1251,229
13281,"Towns County, Georgia",GA,13,281,12768,11,2412,311,18.89,1099,204,780,194,533,132
13283,"Treutlen County, Georgia",GA,13,283,6067,18,1771,286,29.19,740,166,748,204,283,113
13285,"Troup County, Georgia",GA,13,285,68990,664,16566,1230,24.01,8619,897,5278,746,2669,391
13287,"Turner County, Georgia",GA,13,287,8692,31,3283,387,37.77,1652,281,1086,232,545,129
13289,"Twiggs County, Georgia",GA,13,289,7695,2,1809,291,23.51,686,179,683,195,440,120
13291,"Union County, Georgia",GA,13,291,25763,39,4068,514,15.79,1938,394,1350,284,780,169
13293,"Upson County, Georgia",GA,13,293,27611,40,5849,699,21.18,2547,446,2380,494,922,215
13295,"Walker County, Georgia",GA,13,295,67156,105,12799,961,19.06,6762,701,4390,611,1647,242
13297,"Walton County, Georgia",GA,13,297,102402,27,17656,1072,17.24,9698,769,5764,669,2194,332
13299,"Ware County, Georgia",GA,13,299,33840,40,9350,770,27.63,5605,542,2741,503,1004,214
13301,"Warren County, Georgia",GA,13,301,5105,3,1184,212,23.19,569,163,437,117,178,69
13303,"Washington County, Georgia",GA,13,303,18123,47,5671,420,31.29,3033,265,1799,287,839,155
13305,"Wayne County, Georgia",GA,13,305,29007,78,7734,656,26.66,4289,422,2581,428,864,263
13307,"Webster County, Georgia",GA,13,307,2379,222,584,201,24.55,157,86,319,165,108,75
13309,"Wheeler County, Georgia",GA,13,309,6118,27,1838,368,30.04,933,276,569,224,336,95
13311,"White County, Georgia",GA,13,311,28522,96,5457,629,19.13,2491,426,1910,390,1056,248
13313,"Whitfield County, Georgia",GA,13,313,102758,30,20542,1147,19.99,12905,870,5394,677,2243,317
13315,"Wilcox County, Georgia",GA,13,315,7031,32,1906,204,27.11,1029,134,516,112,361,106
13317,"Wilkes County, Georgia",GA,13,317,9451,35,2015,307,21.32,933,199,645,179,437,151
13319,"Wilkinson County, Georgia",GA,13,319,8638,5,2218,223,25.68,989,131,789,154,440,95
13321,"Worth County, Georgia",GA,13,321,20287,21,5545,513,27.33,2818,354,1820,325,907,180
15001,"Hawaii County, Hawaii",HI,15,001,204208,219,55187,1814,27.02,23131,1220,26048,1157,6008,681
15003,"Honolulu County, Hawaii",HI,15,003,945630,1199,171271,3178,18.11,68792,2205,79242,2041,23237,1036
15005,"Kalawao County, Hawaii",HI,15,005,66,25,20,29,30.3,0,17,13,18,7,15
15007,"Kauai County, Hawaii",HI,15,007,73016,153,16402,852,22.46,7463,554,7536,593,1403,261
15009,"Maui County, Hawaii",HI,15,009,162888,320,30634,1377,18.81,12650,959,15039,912,2945,382
16001,"Ada County, Idaho",ID,16,001,509534,327,67356,2212,13.22,28140,1555,32482,1432,6734,651
16003,"Adams County, Idaho",ID,16,003,4717,3,627,140,13.29,225,88,334,100,68,42
16005,"Bannock County, Idaho",ID,16,005,88317,95,21300,1090,24.12,9311,737,9980,750,2009,289
16007,"Bear Lake County, Idaho",ID,16,007,6593,3,1249,161,18.94,663,105,485,114,101,44
16009,"Benewah County, Idaho",ID,16,009,10055,19,1949,244,19.38,846,171,868,160,235,70
16011,"Bingham County, Idaho",ID,16,011,49147,51,11232,771,22.85,6016,568,4588,496,628,159
16013,"Blaine County, Idaho",ID,16,013,24828,6,2918,517,11.75,1606,364,1028,322,284,176
16015,"Boise County, Idaho",ID,16,015,8246,32,1227,182,14.88,574,118,525,124,128,63
16017,"Bonner County, Idaho",ID,16,017,50655,26,10331,711,20.39,4823,447,3912,443,1596,330
16019,"Bonneville County, Idaho",ID,16,019,127982,212,28155,1313,22,15418,1030,11294,765,1443,279
16021,"Boundary County, Idaho",ID,16,021,13062,25,3266,435,25,1493,325,1429,251,344,145
16023,"Butte County, Idaho",ID,16,023,2665,22,717,148,26.9,345,114,305,90,67,28
16025,"Camas County, Idaho",ID,16,025,1124,148,287,112,25.53,109,55,162,96,16,17
16027,"Canyon County, Idaho",ID,16,027,248987,116,52051,1920,20.91,26930,1375,20939,1272,4182,423
16029,"Caribou County, Idaho",ID,16,029,7079,8,1229,176,17.36,561,116,563,117,105,62
16031,"Cassia County, Idaho",ID,16,031,25162,14,6116,539,24.31,3651,423,1975,307,490,133
16033,"Clark County, Idaho",ID,16,033,843,148,190,56,22.54,102,39,88,36,0,17
16035,"Clearwater County, Idaho",ID,16,035,8296,29,1591,187,19.18,484,103,800,139,307,72
16037,"Custer County, Idaho",ID,16,037,4418,8,717,231,16.23,217,114,302,149,198,135
16039,"Elmore County, Idaho",ID,16,039,25730,352,5208,518,20.24,2452,397,2433,320,323,91
16041,"Franklin County, Idaho",ID,16,041,15007,10,2170,362,14.46,1010,270,955,229,205,77
16043,"Fremont County, Idaho",ID,16,043,13422,20,3203,352,23.86,1483,210,1492,270,228,82
16045,"Gem County, Idaho",ID,16,045,20346,12,4220,539,20.74,2272,405,1523,329,425,134
16047,"Gooding County, Idaho",ID,16,047,15836,10,3359,424,21.21,1633,327,1447,257,279,80
16049,"Idaho County, Idaho",ID,16,049,16923,32,3235,364,19.12,1336,255,1550,246,349,85
16051,"Jefferson County, Idaho",ID,16,051,32990,24,7110,649,21.55,3991,477,2613,407,506,166
16053,"Jerome County, Idaho",ID,16,053,24996,45,6604,520,26.42,3814,387,2373,327,417,117
16055,"Kootenai County, Idaho",ID,16,055,180570,113,29417,1705,16.29,13093,1208,13565,1147,2759,365
16057,"Latah County, Idaho",ID,16,057,40816,53,5344,477,13.09,2192,297,2509,338,643,159
16059,"Lemhi County, Idaho",ID,16,059,8141,45,2166,286,26.61,718,160,1090,205,358,120
16061,"Lewis County, Idaho",ID,16,061,3665,16,931,95,25.4,369,50,375,61,187,53
16063,"Lincoln County, Idaho",ID,16,063,5311,3,1392,160,26.21,712,110,578,110,102,38
16065,"Madison County, Idaho",ID,16,065,54305,14,11531,997,21.23,5681,604,5631,791,219,66
16067,"Minidoka County, Idaho",ID,16,067,22161,4,5626,590,25.39,3016,446,1980,350,630,165
16069,"Nez Perce County, Idaho",ID,16,069,41865,117,7375,693,17.62,2632,420,3514,494,1229,245
16071,"Oneida County, Idaho",ID,16,071,4726,7,616,131,13.03,369,108,177,64,70,36
16073,"Owyhee County, Idaho",ID,16,073,12341,22,3097,313,25.1,1577,233,1255,192,265,81
16075,"Payette County, Idaho",ID,16,075,26547,68,7021,613,26.45,3303,413,3126,411,592,192
16077,"Power County, Idaho",ID,16,077,8068,52,2269,350,28.12,1413,279,757,203,99,61
16079,"Shoshone County, Idaho",ID,16,079,13617,6,3232,310,23.74,1251,198,1651,222,330,86
16081,"Teton County, Idaho",ID,16,081,12408,4,1818,311,14.65,891,207,775,217,152,83
16083,"Twin Falls County, Idaho",ID,16,083,92721,79,20360,1206,21.96,10214,946,8042,685,2104,302
16085,"Valley County, Idaho",ID,16,085,12251,74,1705,429,13.92,665,270,798,307,242,130
16087,"Washington County, Idaho",ID,16,087,10972,29,2560,315,23.33,1261,231,1036,190,263,100
17001,"Adams County, Illinois",IL,17,001,63688,72,12652,768,19.87,5371,542,5967,481,1314,255
17003,"Alexander County, Illinois",IL,17,003,4780,7,1772,171,37.07,735,97,856,125,181,65
17005,"Bond County, Illinois",IL,17,005,15203,66,3125,370,20.56,1131,233,1711,276,283,82
17007,"Boone County, Illinois",IL,17,007,52935,7,11274,875,21.3,5583,581,4893,619,798,210
17009,"Brown County, Illinois",IL,17,009,4394,47,672,145,15.29,224,85,374,109,74,45
17011,"Bureau County, Illinois",IL,17,011,32444,46,6407,363,19.75,2873,271,2892,215,642,109
17013,"Calhoun County, Illinois",IL,17,013,4254,3,673,142,15.82,171,56,466,129,36,17
17015,"Carroll County, Illinois",IL,17,015,13983,63,2929,248,20.95,1306,167,1363,170,260,67
17017,"Cass County, Illinois",IL,17,017,12685,4,2826,299,22.28,1498,212,1146,199,182,69
17019,"Champaign County, Illinois",IL,17,019,207090,498,34024,1557,16.43,14877,1139,16932,1023,2215,282
17021,"Christian County, Illinois",IL,17,021,31840,116,7525,601,23.63,2944,375,3801,439,780,167
17023,"Clark County, Illinois",IL,17,023,14976,32,3346,356,22.34,1556,250,1444,234,346,97
17025,"Clay County, Illinois",IL,17,025,12867,30,3900,383,30.31,1718,242,1744,265,438,134
17027,"Clinton County, Illinois",IL,17,027,34961,111,4590,465,13.13,2057,337,2150,303,383,103
17029,"Coles County, Illinois",IL,17,029,45981,84,12609,779,27.42,4542,407,6933,625,1134,226
17031,"Cook County, Illinois",IL,17,031,5136506,460,1117496,9193,21.76,489342,5811,506847,6702,121307,2412
17033,"Crawford County, Illinois",IL,17,033,17268,67,3723,378,21.56,1350,238,2045,279,328,93
17035,"Cumberland County, Illinois",IL,17,035,10199,33,2054,219,20.14,940,148,867,142,247,76
17037,"DeKalb County, Illinois",IL,17,037,100030,34,21410,1131,21.4,8943,642,11227,892,1240,265
17039,"De Witt County, Illinois",IL,17,039,15138,61,2527,318,16.69,978,199,1269,232,280,87
17041,"Douglas County, Illinois",IL,17,041,19498,64,3012,309,15.45,1496,226,1198,193,318,85
17043,"DuPage County, Illinois",IL,17,043,923269,194,108067,2840,11.7,46697,2007,49087,1849,12283,787
17045,"Edgar County, Illinois",IL,17,045,16189,8,4553,402,28.12,2057,218,2152,298,344,160
17047,"Edwards County, Illinois",IL,17,047,6062,3,1483,156,24.46,628,104,705,107,150,46
17049,"Effingham County, Illinois",IL,17,049,34161,5,6652,542,19.47,3134,404,2903,335,615,135
17051,"Fayette County, Illinois",IL,17,051,20392,70,5267,451,25.83,2273,277,2622,338,372,110
17053,"Ford County, Illinois",IL,17,053,12998,12,3219,317,24.77,1368,195,1622,238,229,77
17055,"Franklin County, Illinois",IL,17,055,36853,27,11605,596,31.49,4379,376,5951,416,1275,202
17057,"Fulton County, Illinois",IL,17,057,30886,74,7954,518,25.75,3211,332,3941,364,802,161
17059,"Gallatin County, Illinois",IL,17,059,4794,2,1463,150,30.52,546,94,721,102,196,57
17061,"Greene County, Illinois",IL,17,061,11474,38,3167,270,27.6,1427,173,1532,198,208,61
17063,"Grundy County, Illinois",IL,17,063,52930,20,7347,664,13.88,3342,434,3382,472,623,174
17065,"Hamilton County, Illinois",IL,17,065,7847,4,1534,247,19.55,598,166,775,170,161,69
17067,"Hancock County, Illinois",IL,17,067,17045,53,3448,260,20.23,1594,178,1546,173,308,76
17069,"Hardin County, Illinois",IL,17,069,3513,11,1052,166,29.95,306,84,642,137,104,43
17071,"Henderson County, Illinois",IL,17,071,6138,9,1377,144,22.43,666,89,550,105,161,42
17073,"Henry County, Illinois",IL,17,073,47968,14,8315,633,17.33,3460,431,4077,431,778,172
17075,"Iroquois County, Illinois",IL,17,075,26054,7,5755,372,22.09,2539,257,2635,243,581,115
17077,"Jackson County, Illinois",IL,17,077,52468,55,14262,736,27.18,5936,449,7185,541,1141,219
17079,"Jasper County, Illinois",IL,17,079,9106,28,1569,254,17.23,685,178,639,155,245,93
17081,"Jefferson County, Illinois",IL,17,081,35162,42,9204,425,26.18,4004,267,4422,307,778,124
17083,"Jersey County, Illinois",IL,17,083,20917,27,3244,481,15.51,1008,288,1907,366,329,120
17085,"Jo Daviess County, Illinois",IL,17,085,21648,25,3748,326,17.31,1583,188,1687,216,478,155
17087,"Johnson County, Illinois",IL,17,087,11578,50,3006,354,25.96,1381,259,1342,230,283,74
17089,"Kane County, Illinois",IL,17,089,513520,181,83393,2244,16.24,43754,1603,33230,1442,6409,623
17091,"Kankakee County, Illinois",IL,17,091,105179,39,23516,987,22.36,10063,673,11535,648,1918,319
17093,"Kendall County, Illinois",IL,17,093,137282,110,18043,1386,13.14,8615,1014,7917,903,1511,277
17095,"Knox County, Illinois",IL,17,095,46672,134,10845,682,23.24,4386,407,5263,509,1196,202
17097,"Lake County, Illinois",IL,17,097,695389,449,100506,2807,14.45,49581,1952,41480,1847,9445,812
17099,"LaSalle County, Illinois",IL,17,099,105924,76,23406,1084,22.1,10002,677,11166,783,2238,323
17101,"Lawrence County, Illinois",IL,17,101,13579,112,3604,430,26.54,1372,190,1910,371,322,104
17103,"Lee County, Illinois",IL,17,103,31444,132,5908,524,18.79,2207,263,3109,427,592,152
17105,"Livingston County, Illinois",IL,17,105,33686,113,6908,486,20.51,3076,305,3198,344,634,158
17107,"Logan County, Illinois",IL,17,107,25128,168,5375,421,21.39,2184,242,2721,326,470,112
17109,"McDonough County, Illinois",IL,17,109,26542,32,5209,478,19.63,1807,284,2913,370,489,104
17111,"McHenry County, Illinois",IL,17,111,311012,160,39938,1747,12.84,18608,1199,18045,1209,3285,393
17113,"McLean County, Illinois",IL,17,113,170520,54,21465,1082,12.59,9358,703,10614,781,1493,257
17115,"Macon County, Illinois",IL,17,115,100185,45,25228,1137,25.18,10989,744,12078,811,2161,286
17117,"Macoupin County, Illinois",IL,17,117,43788,11,10087,681,23.04,3742,426,5420,494,925,197
17119,"Madison County, Illinois",IL,17,119,261781,119,47256,1646,18.05,19220,989,23993,1229,4043,469
17121,"Marion County, Illinois",IL,17,121,36328,27,10194,488,28.06,4351,324,4896,336,947,144
17123,"Marshall County, Illinois",IL,17,123,11375,14,2311,191,20.32,1005,118,1071,137,235,60
17125,"Mason County, Illinois",IL,17,125,12556,7,2816,308,22.43,1085,172,1479,242,252,83
17127,"Massac County, Illinois",IL,17,127,13683,3,3581,376,26.17,1393,219,1824,286,364,107
17129,"Menard County, Illinois",IL,17,129,11985,14,2124,248,17.72,816,160,1130,182,178,54
17131,"Mercer County, Illinois",IL,17,131,15329,9,2386,254,15.57,1009,189,1085,149,292,81
17133,"Monroe County, Illinois",IL,17,133,34738,16,3239,454,9.32,1396,322,1467,299,376,116
17135,"Montgomery County, Illinois",IL,17,135,25725,118,6125,484,23.81,2497,321,3126,341,502,124
17137,"Morgan County, Illinois",IL,17,137,31652,46,6707,620,21.19,2534,379,3538,470,635,140
17139,"Moultrie County, Illinois",IL,17,139,14142,47,2878,346,20.35,1350,267,1325,210,203,67
17141,"Ogle County, Illinois",IL,17,141,51004,19,9205,701,18.05,3991,509,4348,440,866,198
17143,"Peoria County, Illinois",IL,17,143,177366,180,42169,1363,23.78,18920,910,19485,931,3764,403
17145,"Perry County, Illinois",IL,17,145,18126,82,4858,485,26.8,2072,341,2332,319,454,130
17147,"Piatt County, Illinois",IL,17,147,16604,3,1971,275,11.87,862,190,914,185,195,72
17149,"Pike County, Illinois",IL,17,149,14143,13,3544,325,25.06,1701,259,1408,174,435,92
17151,"Pope County, Illinois",IL,17,151,3637,7,943,171,25.93,243,70,648,154,52,28
17153,"Pulaski County, Illinois",IL,17,153,4850,17,2039,199,42.04,735,104,1048,157,256,65
17155,"Putnam County, Illinois",IL,17,155,5595,7,775,103,13.85,317,65,391,73,67,32
17157,"Randolph County, Illinois",IL,17,157,27353,100,6068,435,22.18,2770,264,2821,323,477,122
17159,"Richland County, Illinois",IL,17,159,15384,25,3784,362,24.6,1444,218,1951,271,389,99
17161,"Rock Island County, Illinois",IL,17,161,140270,196,30726,1346,21.9,14270,931,13849,908,2607,346
17163,"St. Clair County, Illinois",IL,17,163,246845,490,54610,1876,22.12,23987,1224,26048,1339,4575,479
17165,"Saline County, Illinois",IL,17,165,22794,15,6708,484,29.43,2472,273,3552,373,684,142
17167,"Sangamon County, Illinois",IL,17,167,192831,190,39263,1417,20.36,15868,831,20000,1068,3395,419
17169,"Schuyler County, Illinois",IL,17,169,6692,23,1599,292,23.89,463,117,925,252,211,89
17171,"Scott County, Illinois",IL,17,171,4895,2,1279,128,26.13,592,91,544,83,143,34
17173,"Shelby County, Illinois",IL,17,173,20541,14,4346,360,21.16,1926,227,1999,263,421,95
17175,"Stark County, Illinois",IL,17,175,5187,14,1095,134,21.11,533,93,485,92,77,31
17177,"Stephenson County, Illinois",IL,17,177,42972,103,10485,724,24.4,4622,520,4938,457,925,212
17179,"Tazewell County, Illinois",IL,17,179,127465,136,22474,1141,17.63,9281,720,10714,808,2479,361
17181,"Union County, Illinois",IL,17,181,16604,46,5427,424,32.68,1833,214,2962,321,632,175
17183,"Vermilion County, Illinois",IL,17,183,69729,70,21445,866,30.75,9634,536,10197,633,1614,248
17185,"Wabash County, Illinois",IL,17,185,11030,2,2893,299,26.23,1254,185,1357,218,282,89
17187,"Warren County, Illinois",IL,17,187,16297,21,4415,390,27.09,2260,293,1859,242,296,88
17189,"Washington County, Illinois",IL,17,189,13435,15,2027,215,15.09,815,134,1009,154,203,67
17191,"Wayne County, Illinois",IL,17,191,15889,4,3687,338,23.2,1546,248,1660,200,481,112
17193,"White County, Illinois",IL,17,193,13324,36,3734,331,28.02,1648,213,1832,232,254,103
17195,"Whiteside County, Illinois",IL,17,195,54165,22,10425,620,19.25,4671,458,4890,383,864,166
17197,"Will County, Illinois",IL,17,197,695148,211,98937,2614,14.23,46499,1760,44700,1834,7738,609
17199,"Williamson County, Illinois",IL,17,199,64755,126,15747,847,24.32,6390,516,7812,618,1545,264
17201,"Winnebago County, Illinois",IL,17,201,280116,68,75224,1966,26.85,33516,1298,35449,1375,6259,540
17203,"Woodford County, Illinois",IL,17,203,37696,64,4225,445,11.21,1774,298,2102,316,349,95
18001,"Adams County, Indiana",IN,18,001,35755,24,5490,598,15.35,2902,501,2233,301,355,127
18003,"Allen County, Indiana",IN,18,003,388693,142,80145,2063,20.62,38610,1464,36110,1379,5425,460
18005,"Bartholomew County, Indiana",IN,18,005,82656,133,14977,1140,18.12,7238,783,6107,768,1632,310
18007,"Benton County, Indiana",IN,18,007,8670,4,2249,196,25.94,1084,130,968,135,197,59
18009,"Blackford County, Indiana",IN,18,009,11812,6,3142,340,26.6,1395,229,1319,219,428,123
18011,"Boone County, Indiana",IN,18,011,74099,16,7229,809,9.76,3217,597,3066,510,946,194
18013,"Brown County, Indiana",IN,18,013,15468,5,2452,365,15.85,890,231,1185,261,377,109
18015,"Carroll County, Indiana",IN,18,015,20429,6,3077,351,15.06,1293,206,1551,274,233,77
18017,"Cass County, Indiana",IN,18,017,37021,40,8090,639,21.85,3892,450,3645,432,553,140
18019,"Clark County, Indiana",IN,18,019,123029,50,22534,1191,18.32,9849,815,10228,770,2457,403
18021,"Clay County, Indiana",IN,18,021,26018,31,5239,544,20.14,2298,378,2419,366,522,140
18023,"Clinton County, Indiana",IN,18,023,32390,27,6177,555,19.07,3280,448,2369,302,528,127
18025,"Crawford County, Indiana",IN,18,025,10435,2,2754,307,26.39,1204,205,1285,209,265,91
18027,"Daviess County, Indiana",IN,18,027,33171,14,6360,586,19.17,3058,441,2583,351,719,162
18029,"Dearborn County, Indiana",IN,18,029,50585,35,7744,773,15.31,2727,376,4149,643,868,206
18031,"Decatur County, Indiana",IN,18,031,25980,40,3873,515,14.91,1479,358,1963,337,431,152
18033,"DeKalb County, Indiana",IN,18,033,43381,38,7489,666,17.26,3558,484,3229,425,702,171
18035,"Delaware County, Indiana",IN,18,035,110590,104,28933,1173,26.16,10836,700,15961,907,2136,253
18037,"Dubois County, Indiana",IN,18,037,43021,31,6194,721,14.4,3102,560,2390,418,702,176
18039,"Elkhart County, Indiana",IN,18,039,205322,25,40701,1792,19.82,21451,1382,15919,1074,3331,386
18041,"Fayette County, Indiana",IN,18,041,23016,8,7045,532,30.61,2666,291,3540,412,839,168
18043,"Floyd County, Indiana",IN,18,043,79705,80,13765,895,17.27,5413,617,6820,591,1532,266
18045,"Fountain County, Indiana",IN,18,045,16499,3,3736,360,22.64,1569,204,1712,256,455,150
18047,"Franklin County, Indiana",IN,18,047,22969,2,3288,379,14.31,1387,260,1490,246,411,125
18049,"Fulton County, Indiana",IN,18,049,20167,12,4764,464,23.62,1955,281,2359,345,450,130
18051,"Gibson County, Indiana",IN,18,051,32540,11,5898,535,18.13,2586,419,2835,315,477,107
18053,"Grant County, Indiana",IN,18,053,65579,25,18879,873,28.79,8149,479,8975,664,1755,303
18055,"Greene County, Indiana",IN,18,055,30688,16,7565,551,24.65,2879,318,3844,415,842,175
18057,"Hamilton County, Indiana",IN,18,057,362323,299,29362,1865,8.1,12013,1292,14199,1245,3150,509
18059,"Hancock County, Indiana",IN,18,059,83310,98,8708,879,10.45,3726,609,3791,551,1191,314
18061,"Harrison County, Indiana",IN,18,061,39416,34,6293,551,15.97,2328,332,3201,396,764,191
18063,"Hendricks County, Indiana",IN,18,063,178220,233,19341,1410,10.85,8714,950,8966,965,1661,392
18065,"Henry County, Indiana",IN,18,065,45899,69,12579,705,27.41,5139,388,6370,553,1070,200
18067,"Howard County, Indiana",IN,18,067,82597,133,20031,1047,24.25,8442,692,9746,714,1843,328
18069,"Huntington County, Indiana",IN,18,069,36310,16,7571,569,20.85,3228,399,3823,388,520,116
18071,"Jackson County, Indiana",IN,18,071,46020,20,8381,680,18.21,4079,533,3143,360,1159,222
18073,"Jasper County, Indiana",IN,18,073,32953,45,6091,598,18.48,2770,439,2954,389,367,118
18075,"Jay County, Indiana",IN,18,075,20024,8,6113,401,30.53,2796,272,2825,262,492,135
18077,"Jefferson County, Indiana",IN,18,077,31933,19,6184,654,19.37,2638,420,3144,486,402,124
18079,"Jennings County, Indiana",IN,18,079,27313,41,6340,665,23.21,2848,448,3156,472,336,138
18081,"Johnson County, Indiana",IN,18,081,163929,196,25919,1603,15.81,11589,1154,12255,1021,2075,441
18083,"Knox County, Indiana",IN,18,083,35371,13,8040,684,22.73,3129,469,4086,468,825,170
18085,"Kosciusko County, Indiana",IN,18,085,79816,28,13013,893,16.3,6578,698,5201,525,1234,184
18087,"LaGrange County, Indiana",IN,18,087,40649,15,4658,451,11.46,2080,310,1880,276,698,176
18089,"Lake County, Indiana",IN,18,089,496403,181,114836,2613,23.13,52922,1704,52481,1873,9433,645
18091,"LaPorte County, Indiana",IN,18,091,105213,69,23574,1188,22.41,10264,839,11352,786,1958,298
18093,"Lawrence County, Indiana",IN,18,093,44522,19,9762,759,21.93,4101,566,4500,460,1161,211
18095,"Madison County, Indiana",IN,18,095,127971,88,36742,1381,28.71,14833,756,18088,1087,3821,393
18097,"Marion County, Indiana",IN,18,097,966891,242,263141,4676,27.22,127325,3036,115523,3354,20293,1183
18099,"Marshall County, Indiana",IN,18,099,45718,58,8012,636,17.52,4390,483,3013,393,609,130
18101,"Martin County, Indiana",IN,18,101,9699,8,1698,250,17.51,770,179,777,167,151,50
18103,"Miami County, Indiana",IN,18,103,33299,111,8686,594,26.08,3697,373,4442,449,547,111
18105,"Monroe County, Indiana",IN,18,105,139920,63,20591,1224,14.72,7205,776,11845,903,1541,286
18107,"Montgomery County, Indiana",IN,18,107,37852,17,6440,590,17.01,2813,408,2834,366,793,219
18109,"Morgan County, Indiana",IN,18,109,71767,106,12973,744,18.08,5358,520,6626,499,989,186
18111,"Newton County, Indiana",IN,18,111,13760,4,2403,292,17.46,1064,202,1177,204,162,51
18113,"Noble County, Indiana",IN,18,113,46883,8,8191,639,17.47,3563,428,3737,444,891,168
18115,"Ohio County, Indiana",IN,18,115,5952,2,1030,194,17.31,433,126,505,138,92,53
18117,"Orange County, Indiana",IN,18,117,19512,16,5161,497,26.45,2057,328,2343,338,761,158
18119,"Owen County, Indiana",IN,18,119,21368,11,4855,439,22.72,1648,264,2555,330,652,120
18121,"Parke County, Indiana",IN,18,121,15442,51,3490,331,22.6,1279,220,1908,218,303,118
18123,"Perry County, Indiana",IN,18,123,17880,32,3720,374,20.81,1281,229,2014,273,425,113
18125,"Pike County, Indiana",IN,18,125,11960,37,2636,296,22.04,1126,211,1185,188,325,88
18127,"Porter County, Indiana",IN,18,127,173196,87,26871,1424,15.51,10887,897,14273,1079,1711,245
18129,"Posey County, Indiana",IN,18,129,24843,6,3498,393,14.08,1385,215,1710,306,403,121
18131,"Pulaski County, Indiana",IN,18,131,12299,7,2758,298,22.42,1046,184,1369,214,343,95
18133,"Putnam County, Indiana",IN,18,133,35011,97,5600,499,15.99,2339,312,2748,372,513,114
18135,"Randolph County, Indiana",IN,18,135,24061,13,6641,447,27.6,3073,294,3143,326,425,83
18137,"Ripley County, Indiana",IN,18,137,28634,9,5858,504,20.46,2397,357,2698,326,763,141
18139,"Rush County, Indiana",IN,18,139,16602,4,3868,416,23.3,1507,289,2027,279,334,107
18141,"St. Joseph County, Indiana",IN,18,141,270275,92,57019,1837,21.1,27302,1177,25421,1347,4296,417
18143,"Scott County, Indiana",IN,18,143,24172,9,7142,745,29.55,2770,459,3623,550,749,204
18145,"Shelby County, Indiana",IN,18,145,44492,35,9891,708,22.23,4067,449,4802,507,1022,205
18147,"Spencer County, Indiana",IN,18,147,19751,12,3194,359,16.17,1420,263,1410,228,364,86
18149,"Starke County, Indiana",IN,18,149,23313,3,5950,486,25.52,2389,323,3103,344,458,118
18151,"Steuben County, Indiana",IN,18,151,34504,9,6448,584,18.69,2841,431,2961,353,646,175
18153,"Sullivan County, Indiana",IN,18,153,18744,42,5166,457,27.56,2056,283,2456,334,654,131
18155,"Switzerland County, Indiana",IN,18,155,9814,4,2109,244,21.49,823,164,993,155,293,93
18157,"Tippecanoe County, Indiana",IN,18,157,187366,123,27962,1344,14.92,13544,901,12699,961,1719,266
18159,"Tipton County, Indiana",IN,18,159,15153,5,2514,301,16.59,1176,223,1104,183,234,87
18161,"Union County, Indiana",IN,18,161,6934,16,1262,215,18.2,503,139,617,151,142,64
18163,"Vanderburgh County, Indiana",IN,18,163,177624,65,40808,1471,22.97,17746,970,19444,1004,3618,465
18165,"Vermillion County, Indiana",IN,18,165,15219,23,4034,401,26.51,1645,247,2051,301,338,96
18167,"Vigo County, Indiana",IN,18,167,102431,187,28318,1152,27.65,12152,746,13969,810,2197,339
18169,"Wabash County, Indiana",IN,18,169,29930,36,4769,470,15.93,2041,277,2285,358,443,126
18171,"Warren County, Indiana",IN,18,171,8380,5,1415,230,16.89,579,151,666,163,170,61
18173,"Warrick County, Indiana",IN,18,173,64365,37,9393,798,14.59,3906,483,4982,622,505,129
18175,"Washington County, Indiana",IN,18,175,27873,36,6409,555,22.99,2793,413,2918,340,698,146
18177,"Wayne County, Indiana",IN,18,177,65150,33,18604,928,28.56,7260,620,9228,612,2116,319
18179,"Wells County, Indiana",IN,18,179,27919,20,4436,418,15.89,2315,320,1851,251,270,96
18181,"White County, Indiana",IN,18,181,24521,5,4062,407,16.57,1979,285,1794,272,289,101
18183,"Whitley County, Indiana",IN,18,183,34355,10,5811,572,16.91,2584,406,2486,355,741,191
19001,"Adair County, Iowa",IA,19,001,7291,13,1498,169,20.55,599,96,755,128,144,54
19003,"Adams County, Iowa",IA,19,003,3565,12,687,106,19.27,239,58,339,76,109,45
19005,"Allamakee County, Iowa",IA,19,005,13863,10,2730,306,19.69,1356,209,1043,193,331,114
19007,"Appanoose County, Iowa",IA,19,007,12047,15,2980,323,24.74,1196,191,1365,246,419,85
19009,"Audubon County, Iowa",IA,19,009,5483,9,1563,168,28.51,704,103,629,109,230,76
19011,"Benton County, Iowa",IA,19,011,25451,11,3765,334,14.79,1739,226,1620,213,406,124
19013,"Black Hawk County, Iowa",IA,19,013,129411,67,29761,1132,23,13615,762,13669,787,2477,285
19015,"Boone County, Iowa",IA,19,015,26225,44,4125,493,15.73,1466,276,2235,397,424,95
19017,"Bremer County, Iowa",IA,19,017,24865,20,3776,384,15.19,1617,228,1786,295,373,93
19019,"Buchanan County, Iowa",IA,19,019,20543,33,3557,323,17.31,1542,228,1721,215,294,78
19021,"Buena Vista County, Iowa",IA,19,021,20436,18,5220,487,25.54,2936,343,1806,319,478,133
19023,"Butler County, Iowa",IA,19,023,14061,12,2599,228,18.48,1230,159,1152,155,217,52
19025,"Calhoun County, Iowa",IA,19,025,9163,27,2257,187,24.63,915,119,1058,131,284,60
19027,"Carroll County, Iowa",IA,19,027,20255,13,4545,426,22.44,2241,256,1882,324,422,104
19029,"Cass County, Iowa",IA,19,029,12883,25,3487,306,27.07,1647,188,1540,214,300,112
19031,"Cedar County, Iowa",IA,19,031,18081,17,3047,343,16.85,1002,152,1745,298,300,74
19033,"Cerro Gordo County, Iowa",IA,19,033,42053,15,8890,640,21.14,3902,413,4010,458,978,172
19035,"Cherokee County, Iowa",IA,19,035,11325,27,2124,263,18.75,931,179,958,171,235,88
19037,"Chickasaw County, Iowa",IA,19,037,11672,9,1850,221,15.85,880,157,618,133,352,80
19039,"Clarke County, Iowa",IA,19,039,9541,10,1809,339,18.96,785,236,835,231,189,76
19041,"Clay County, Iowa",IA,19,041,16234,39,3564,419,21.95,1715,288,1446,275,403,130
19043,"Clayton County, Iowa",IA,19,043,16802,21,3225,268,19.19,1267,161,1559,200,399,76
19045,"Clinton County, Iowa",IA,19,045,45688,86,10901,681,23.86,4645,441,5323,487,933,181
19047,"Crawford County, Iowa",IA,19,047,16103,27,4159,408,25.83,2171,302,1690,266,298,70
19049,"Dallas County, Iowa",IA,19,049,107365,73,12926,980,12.04,5667,679,5590,645,1669,289
19051,"Davis County, Iowa",IA,19,051,9059,3,1753,221,19.35,753,164,763,134,237,62
19053,"Decatur County, Iowa",IA,19,053,7667,8,1816,171,23.69,852,105,750,124,214,53
19055,"Delaware County, Iowa",IA,19,055,17392,4,2979,362,17.13,1236,242,1310,245,433,113
19057,"Des Moines County, Iowa",IA,19,057,38033,48,10086,655,26.52,4026,349,4784,493,1276,253
19059,"Dickinson County, Iowa",IA,19,059,17767,12,3048,363,17.16,1133,207,1507,275,408,115
19061,"Dubuque County, Iowa",IA,19,061,97759,52,16645,888,17.03,6986,591,7689,600,1970,281
19063,"Emmet County, Iowa",IA,19,063,9042,13,1592,226,17.61,658,157,746,147,188,70
19065,"Fayette County, Iowa",IA,19,065,18879,68,4445,342,23.54,1989,231,2049,236,407,87
19067,"Floyd County, Iowa",IA,19,067,15128,10,4032,327,26.65,1966,232,1685,208,381,100
19069,"Franklin County, Iowa",IA,19,069,9775,11,1834,225,18.76,1034,177,636,127,164,55
19071,"Fremont County, Iowa",IA,19,071,6374,41,1137,151,17.84,507,111,510,97,120,34
19073,"Greene County, Iowa",IA,19,073,8595,20,1713,206,19.93,666,125,746,146,301,75
19075,"Grundy County, Iowa",IA,19,075,12259,5,1702,187,13.88,787,128,708,121,207,63
19077,"Guthrie County, Iowa",IA,19,077,10576,17,1967,193,18.6,898,147,895,116,174,46
19079,"Hamilton County, Iowa",IA,19,079,14685,40,3145,339,21.42,1728,258,1148,202,269,88
19081,"Hancock County, Iowa",IA,19,081,10463,40,2038,251,19.48,825,164,963,178,250,65
19083,"Hardin County, Iowa",IA,19,083,16214,12,3701,300,22.83,1462,163,1847,218,392,126
19085,"Harrison County, Iowa",IA,19,085,14386,18,2396,216,16.66,1104,156,1051,137,241,60
19087,"Henry County, Iowa",IA,19,087,18789,99,4160,369,22.14,1607,217,2067,273,486,122
19089,"Howard County, Iowa",IA,19,089,9288,13,1922,229,20.69,1069,166,588,127,265,94
19091,"Humboldt County, Iowa",IA,19,091,9474,9,2015,203,21.27,893,134,951,142,171,56
19093,"Ida County, Iowa",IA,19,093,6742,20,1685,160,24.99,880,121,667,96,138,40
19095,"Iowa County, Iowa",IA,19,095,16275,31,2905,284,17.85,1483,192,1156,191,266,84
19097,"Jackson County, Iowa",IA,19,097,19200,9,3580,329,18.65,1503,197,1700,248,377,90
19099,"Jasper County, Iowa",IA,19,099,36186,135,7528,557,20.8,3228,337,3554,410,746,168
19101,"Jefferson County, Iowa",IA,19,101,15530,8,3802,391,24.48,1536,229,1861,300,405,104
19103,"Johnson County, Iowa",IA,19,103,154873,156,21215,1256,13.7,9311,766,10559,961,1345,258
19105,"Jones County, Iowa",IA,19,105,19767,77,4838,457,24.48,1968,269,2497,358,373,92
19107,"Keokuk County, Iowa",IA,19,107,9814,19,2488,207,25.35,1009,120,1256,155,223,68
19109,"Kossuth County, Iowa",IA,19,109,14264,32,2655,249,18.61,1309,177,1065,159,281,74
19111,"Lee County, Iowa",IA,19,111,31735,47,8502,550,26.79,3391,314,4273,406,838,199
19113,"Linn County, Iowa",IA,19,113,227866,78,43541,1553,19.11,19809,1054,20692,1080,3040,367
19115,"Louisa County, Iowa",IA,19,115,10553,14,2146,231,20.34,1073,166,884,153,189,49
19117,"Lucas County, Iowa",IA,19,117,8637,20,2305,252,26.69,1056,155,1016,187,233,67
19119,"Lyon County, Iowa",IA,19,119,11984,30,2285,241,19.07,1298,195,777,130,210,57
19121,"Madison County, Iowa",IA,19,121,16774,21,2634,352,15.7,1344,272,1123,210,167,75
19123,"Mahaska County, Iowa",IA,19,123,21707,23,5130,433,23.63,2426,311,2374,284,330,102
19125,"Marion County, Iowa",IA,19,125,33262,54,5607,465,16.86,2060,266,2845,330,702,192
19127,"Marshall County, Iowa",IA,19,127,39127,48,9325,627,23.83,5044,466,3725,402,556,119
19129,"Mills County, Iowa",IA,19,129,14291,102,2418,330,16.92,971,187,1290,265,157,60
19131,"Mitchell County, Iowa",IA,19,131,10376,10,1961,241,18.9,964,170,788,159,209,62
19133,"Monona County, Iowa",IA,19,133,8393,25,2256,188,26.88,1207,130,886,126,163,51
19135,"Monroe County, Iowa",IA,19,135,7323,62,1811,292,24.73,678,167,858,221,275,93
19137,"Montgomery County, Iowa",IA,19,137,10027,34,3204,268,31.95,1372,167,1475,191,357,85
19139,"Muscatine County, Iowa",IA,19,139,41805,109,10012,739,23.95,4613,466,4304,535,1095,208
19141,"O'Brien County, Iowa",IA,19,141,13828,7,3214,318,23.24,1543,206,1403,228,268,82
19143,"Osceola County, Iowa",IA,19,143,5987,33,1136,167,18.97,583,128,455,102,98,35
19145,"Page County, Iowa",IA,19,145,14041,177,3613,326,25.73,1412,182,1813,251,388,101
19147,"Palo Alto County, Iowa",IA,19,147,8691,7,2109,222,24.27,907,134,952,164,250,67
19149,"Plymouth County, Iowa",IA,19,149,25406,43,4679,423,18.42,2358,294,1766,268,555,143
19151,"Pocahontas County, Iowa",IA,19,151,6915,13,1706,177,24.67,735,103,765,132,206,58
19153,"Polk County, Iowa",IA,19,153,497404,402,101375,2705,20.38,48673,1607,45832,2070,6870,672
19155,"Pottawattamie County, Iowa",IA,19,155,91913,86,21184,939,23.05,9529,631,9620,635,2035,283
19157,"Poweshiek County, Iowa",IA,19,157,18268,23,2602,345,14.24,859,211,1320,246,423,118
19159,"Ringgold County, Iowa",IA,19,159,4460,31,1002,115,22.47,435,59,463,91,104,39
19161,"Sac County, Iowa",IA,19,161,9536,16,2226,187,23.34,1046,112,876,131,304,72
19163,"Scott County, Iowa",IA,19,163,172974,143,34617,1179,20.01,14798,776,16911,808,2908,367
19165,"Shelby County, Iowa",IA,19,165,11583,13,2339,264,20.19,1113,182,964,175,262,77
19167,"Sioux County, Iowa",IA,19,167,35835,29,5958,519,16.63,3499,414,1962,294,497,108
19169,"Story County, Iowa",IA,19,169,99869,77,10334,689,10.35,4429,474,5075,474,830,161
19171,"Tama County, Iowa",IA,19,171,16520,29,4155,268,25.15,2171,183,1683,179,301,79
19173,"Taylor County, Iowa",IA,19,173,5770,18,1410,140,24.44,681,103,604,88,125,35
19175,"Union County, Iowa",IA,19,175,11848,30,3153,323,26.61,1303,209,1653,230,197,87
19177,"Van Buren County, Iowa",IA,19,177,7175,18,1481,158,20.64,554,106,776,109,151,42
19179,"Wapello County, Iowa",IA,19,179,34856,73,8386,653,24.06,4012,459,3815,445,559,131
19181,"Warren County, Iowa",IA,19,181,53781,64,7561,642,14.06,3291,448,3572,418,698,191
19183,"Washington County, Iowa",IA,19,183,22216,30,4534,357,20.41,2185,251,1951,226,398,117
19185,"Wayne County, Iowa",IA,19,185,6422,23,1570,159,24.45,778,121,669,97,123,33
19187,"Webster County, Iowa",IA,19,187,35034,114,8513,595,24.3,3325,397,4378,416,810,151
19189,"Winnebago County, Iowa",IA,19,189,10416,13,1791,235,17.19,760,141,865,177,166,64
19191,"Winneshiek County, Iowa",IA,19,191,19664,8,3135,372,15.94,1464,273,1341,236,330,92
19193,"Woodbury County, Iowa",IA,19,193,105058,125,29566,1102,28.14,14984,754,12164,750,2418,287
19195,"Worth County, Iowa",IA,19,195,7274,6,1367,150,18.79,664,103,513,98,190,49
19197,"Wright County, Iowa",IA,19,197,12640,4,2843,315,22.49,1591,249,916,171,336,89
20001,"Allen County, Kansas",KS,20,001,12336,5,2303,274,18.67,1339,203,727,168,237,76
20003,"Anderson County, Kansas",KS,20,003,7733,9,1038,232,13.42,581,195,349,111,108,60
20005,"Atchison County, Kansas",KS,20,005,16020,7,2779,408,17.35,1315,306,1133,251,331,101
20007,"Barber County, Kansas",KS,20,007,4029,175,492,103,12.21,311,91,116,39,65,28
20009,"Barton County, Kansas",KS,20,009,24756,25,4935,443,19.93,2733,328,1587,258,615,148
20011,"Bourbon County, Kansas",KS,20,011,14208,10,2745,350,19.32,1535,264,974,212,236,87
20013,"Brown County, Kansas",KS,20,013,9245,4,1907,204,20.63,1069,169,597,94,241,64
20015,"Butler County, Kansas",KS,20,015,65205,288,8708,617,13.35,4787,467,3100,372,821,157
20017,"Chase County, Kansas",KS,20,017,2418,6,350,71,14.47,234,62,77,26,39,22
20019,"Chautauqua County, Kansas",KS,20,019,3322,2,652,100,19.63,352,74,240,63,60,24
20021,"Cherokee County, Kansas",KS,20,021,18970,14,3846,464,20.27,1703,355,1508,255,635,156
20023,"Cheyenne County, Kansas",KS,20,023,2589,6,329,68,12.71,186,54,95,36,48,21
20025,"Clark County, Kansas",KS,20,025,1936,166,293,71,15.13,151,56,99,36,43,24
20027,"Clay County, Kansas",KS,20,027,7769,49,1111,195,14.3,587,138,353,108,171,86
20029,"Cloud County, Kansas",KS,20,029,8667,11,1152,166,13.29,625,120,344,93,183,67
20031,"Coffey County, Kansas",KS,20,031,8185,42,1370,150,16.74,694,110,559,93,117,41
20033,"Comanche County, Kansas",KS,20,033,1674,175,254,66,15.17,158,56,50,27,46,22
20035,"Cowley County, Kansas",KS,20,035,33221,45,6662,545,20.05,3547,407,2392,320,723,169
20037,"Crawford County, Kansas",KS,20,037,38509,52,8348,566,21.68,4467,380,2936,387,945,163
20039,"Decatur County, Kansas",KS,20,039,2672,15,416,107,15.57,191,76,104,51,121,55
20041,"Dickinson County, Kansas",KS,20,041,18078,48,2108,286,11.66,973,224,685,134,450,117
20043,"Doniphan County, Kansas",KS,20,043,7402,23,1077,165,14.55,529,116,381,102,167,57
20045,"Douglas County, Kansas",KS,20,045,119683,75,12141,1020,10.14,5616,725,5473,693,1052,187
20047,"Edwards County, Kansas",KS,20,047,2726,8,490,86,17.98,328,71,131,46,31,17
20049,"Elk County, Kansas",KS,20,049,2444,7,463,77,18.94,212,58,144,37,107,35
20051,"Ellis County, Kansas",KS,20,051,28739,9,3851,450,13.4,2010,343,1339,245,502,158
20053,"Ellsworth County, Kansas",KS,20,053,5318,25,796,113,14.97,354,69,278,70,164,56
20055,"Finney County, Kansas",KS,20,055,37843,15,7834,666,20.7,5460,551,1678,318,696,198
20057,"Ford County, Kansas",KS,20,057,33628,80,6955,673,20.68,5006,596,1419,254,530,182
20059,"Franklin County, Kansas",KS,20,059,25891,40,2929,369,11.31,1552,279,1113,226,264,84
20061,"Geary County, Kansas",KS,20,061,30519,404,4872,497,15.96,3168,419,1259,228,445,139
20063,"Gove County, Kansas",KS,20,063,2765,149,392,72,14.18,234,60,116,35,42,19
20065,"Graham County, Kansas",KS,20,065,2353,20,409,81,17.38,171,56,164,49,74,31
20067,"Grant County, Kansas",KS,20,067,7176,21,1047,385,14.59,896,371,109,93,42,40
20069,"Gray County, Kansas",KS,20,069,5616,4,845,150,15.05,571,130,217,70,57,28
20071,"Greeley County, Kansas",KS,20,071,1280,122,126,46,9.84,91,42,23,16,12,10
20073,"Greenwood County, Kansas",KS,20,073,5850,2,1077,145,18.41,506,96,412,100,159,44
20075,"Hamilton County, Kansas",KS,20,075,2460,6,468,124,19.02,350,106,97,61,21,23
20077,"Harper County, Kansas",KS,20,077,5283,19,1201,164,22.73,676,134,395,82,130,48
20079,"Harvey County, Kansas",KS,20,079,33036,31,5075,590,15.36,3075,453,1484,345,516,153
20081,"Haskell County, Kansas",KS,20,081,3591,16,562,112,15.65,423,99,118,50,21,18
20083,"Hodgeman County, Kansas",KS,20,083,1631,161,180,54,11.04,129,49,39,21,12,8
20085,"Jackson County, Kansas",KS,20,085,13165,8,1914,255,14.54,883,135,735,192,296,100
20087,"Jefferson County, Kansas",KS,20,087,18130,25,1524,221,8.41,834,170,524,130,166,56
20089,"Jewell County, Kansas",KS,20,089,2889,12,502,98,17.38,281,77,139,50,82,35
20091,"Johnson County, Kansas",KS,20,091,615815,342,41124,1766,6.68,20881,1356,13967,926,6276,650
20093,"Kearny County, Kansas",KS,20,093,3795,17,702,138,18.5,600,126,67,42,35,36
20095,"Kingman County, Kansas",KS,20,095,7049,32,1498,194,21.25,783,132,615,131,100,55
20097,"Kiowa County, Kansas",KS,20,097,2350,12,363,56,15.45,222,40,105,36,36,15
20099,"Labette County, Kansas",KS,20,099,19439,20,4428,530,22.78,2116,261,1855,441,457,136
20101,"Lane County, Kansas",KS,20,101,1453,149,223,75,15.35,151,57,54,46,18,16
20103,"Leavenworth County, Kansas",KS,20,103,76438,433,9333,776,12.21,4621,576,3551,460,1161,243
20105,"Lincoln County, Kansas",KS,20,105,2877,8,479,85,16.65,218,57,173,55,88,31
20107,"Linn County, Kansas",KS,20,107,9718,7,1466,182,15.09,726,127,508,114,232,63
20109,"Logan County, Kansas",KS,20,109,2681,2,464,92,17.31,326,75,121,51,17,14
20111,"Lyon County, Kansas",KS,20,111,31786,78,5027,471,15.82,2656,336,1929,309,442,115
20113,"McPherson County, Kansas",KS,20,113,29518,41,2738,340,9.28,1311,254,1073,204,354,96
20115,"Marion County, Kansas",KS,20,115,11487,9,1644,167,14.31,812,104,590,103,242,81
20117,"Marshall County, Kansas",KS,20,117,9809,27,1347,219,13.73,779,180,370,111,198,55
20119,"Meade County, Kansas",KS,20,119,3822,167,613,101,16.04,380,78,194,62,39,16
20121,"Miami County, Kansas",KS,20,121,34396,32,3359,480,9.77,1654,345,1327,317,378,106
20123,"Mitchell County, Kansas",KS,20,123,5663,7,702,148,12.4,320,89,296,111,86,42
20125,"Montgomery County, Kansas",KS,20,125,30543,38,6308,480,20.65,3437,346,2243,295,628,155
20127,"Morris County, Kansas",KS,20,127,5237,25,740,143,14.13,433,114,228,77,79,40
20129,"Morton County, Kansas",KS,20,129,2545,21,295,134,11.59,219,119,68,59,8,14
20131,"Nemaha County, Kansas",KS,20,131,9912,17,1137,167,11.47,561,124,352,93,224,63
20133,"Neosho County, Kansas",KS,20,133,15468,7,2753,351,17.8,1444,240,1000,223,309,125
20135,"Ness County, Kansas",KS,20,135,2587,8,278,63,10.75,156,54,98,31,24,12
20137,"Norton County, Kansas",KS,20,137,4348,25,743,166,17.09,419,112,220,105,104,64
20139,"Osage County, Kansas",KS,20,139,15584,14,2434,255,15.62,1238,175,966,168,230,77
20141,"Osborne County, Kansas",KS,20,141,3354,12,536,88,15.98,220,52,201,55,115,44
20143,"Ottawa County, Kansas",KS,20,143,5711,10,738,126,12.92,330,89,303,81,105,37
20145,"Pawnee County, Kansas",KS,20,145,5402,36,965,197,17.86,341,99,474,154,150,74
20147,"Phillips County, Kansas",KS,20,147,4744,7,790,125,16.65,460,103,220,62,110,33
20149,"Pottawatomie County, Kansas",KS,20,149,25850,85,2931,361,11.34,1535,270,1111,221,285,91
20151,"Pratt County, Kansas",KS,20,151,8940,32,1681,244,18.8,896,176,614,153,171,73
20153,"Rawlins County, Kansas",KS,20,153,2480,2,242,67,9.76,152,57,43,24,47,25
20155,"Reno County, Kansas",KS,20,155,58727,149,10042,786,17.1,5398,581,3512,477,1132,230
20157,"Republic County, Kansas",KS,20,157,4579,8,783,129,17.1,432,98,268,75,83,38
20159,"Rice County, Kansas",KS,20,159,9201,8,1787,243,19.42,945,177,662,158,180,53
20161,"Riley County, Kansas",KS,20,161,64705,393,6395,680,9.88,3370,486,2027,395,998,265
20163,"Rooks County, Kansas",KS,20,163,4593,15,870,114,18.94,511,86,223,62,136,43
20165,"Rush County, Kansas",KS,20,165,2873,161,501,107,17.44,238,85,215,62,48,22
20167,"Russell County, Kansas",KS,20,167,6586,6,1357,198,20.6,758,127,389,122,210,91
20169,"Saline County, Kansas",KS,20,169,52950,70,7418,759,14.01,3657,571,2706,446,1055,226
20171,"Scott County, Kansas",KS,20,171,4938,44,967,257,19.58,496,183,259,132,212,123
20173,"Sedgwick County, Kansas",KS,20,173,519793,529,89036,2597,17.13,51975,1966,28869,1442,8192,893
20175,"Seward County, Kansas",KS,20,175,21328,6,3956,594,18.55,2572,501,1179,303,205,103
20177,"Shawnee County, Kansas",KS,20,177,174551,141,27324,1330,15.65,13726,914,10823,892,2775,372
20179,"Sheridan County, Kansas",KS,20,179,2397,3,237,59,9.89,161,50,65,29,11,14
20181,"Sherman County, Kansas",KS,20,181,5802,3,1088,204,18.75,696,159,285,112,107,60
20183,"Smith County, Kansas",KS,20,183,3496,7,608,91,17.39,328,73,181,41,99,36
20185,"Stafford County, Kansas",KS,20,185,3877,8,656,98,16.92,407,84,192,46,57,23
20187,"Stanton County, Kansas",KS,20,187,2008,10,118,87,5.88,116,85,2,12,0,16
20189,"Stevens County, Kansas",KS,20,189,5062,15,976,239,19.28,578,191,182,80,216,119
20191,"Sumner County, Kansas",KS,20,191,21970,37,3621,376,16.48,1878,303,1406,197,337,103
20193,"Thomas County, Kansas",KS,20,193,7764,32,949,245,12.22,518,186,242,125,189,100
20195,"Trego County, Kansas",KS,20,195,2728,3,423,102,15.51,238,77,140,61,45,29
20197,"Wabaunsee County, Kansas",KS,20,197,6904,4,918,150,13.3,399,79,314,76,205,102
20199,"Wallace County, Kansas",KS,20,199,1398,122,255,68,18.24,154,53,71,37,30,22
20201,"Washington County, Kansas",KS,20,201,5443,8,730,108,13.41,432,86,208,57,90,33
20203,"Wichita County, Kansas",KS,20,203,2069,3,348,92,16.82,238,80,77,37,33,25
20205,"Wilson County, Kansas",KS,20,205,8381,4,1815,202,21.66,982,144,592,125,241,68
20207,"Woodson County, Kansas",KS,20,207,3067,21,494,91,16.11,225,62,203,56,66,37
20209,"Wyandotte County, Kansas",KS,20,209,166148,321,40131,1629,24.15,24681,1211,12097,1017,3353,392
21001,"Adair County, Kentucky",KY,21,001,18850,11,6506,471,34.51,2430,281,3240,334,836,177
21003,"Allen County, Kentucky",KY,21,003,21112,21,5551,533,26.29,2057,326,2942,384,552,174
21005,"Anderson County, Kentucky",KY,21,005,24254,13,5557,602,22.91,2117,373,2859,445,581,159
21007,"Ballard County, Kentucky",KY,21,007,7535,15,1771,190,23.5,621,99,965,154,185,52
21009,"Barren County, Kentucky",KY,21,009,44319,29,14159,856,31.95,5595,525,7546,649,1018,190
21011,"Bath County, Kentucky",KY,21,011,12765,3,4174,416,32.7,1508,235,2268,324,398,115
21013,"Bell County, Kentucky",KY,21,013,23046,26,10039,692,43.56,3460,365,5671,553,908,200
21015,"Boone County, Kentucky",KY,21,015,138860,92,21968,1306,15.82,10151,934,10049,872,1768,268
21017,"Bourbon County, Kentucky",KY,21,017,20129,13,5868,495,29.15,2273,343,3153,339,442,113
21019,"Boyd County, Kentucky",KY,21,019,46075,55,14531,844,31.54,5611,536,7506,598,1414,260
21021,"Boyle County, Kentucky",KY,21,021,29289,112,7499,567,25.6,3217,324,3742,442,540,147
21023,"Bracken County, Kentucky",KY,21,023,8415,2,2938,285,34.91,1364,169,1330,220,244,64
21025,"Breathitt County, Kentucky",KY,21,025,13193,6,7184,360,54.45,2187,185,4287,284,710,120
21027,"Breckinridge County, Kentucky",KY,21,027,20569,40,6613,598,32.15,2308,392,3533,420,772,165
21029,"Bullitt County, Kentucky",KY,21,029,83710,71,16604,983,19.84,6734,642,8530,709,1340,228
21031,"Butler County, Kentucky",KY,21,031,12217,14,3751,331,30.7,1482,183,1972,254,297,108
21033,"Caldwell County, Kentucky",KY,21,033,12456,15,2960,405,23.76,1115,273,1518,267,327,134
21035,"Calloway County, Kentucky",KY,21,035,37893,13,8988,675,23.72,3346,389,4716,530,926,152
21037,"Campbell County, Kentucky",KY,21,037,92315,52,14191,893,15.37,5440,593,7026,603,1725,286
21039,"Carlisle County, Kentucky",KY,21,039,4688,21,1554,141,33.15,695,80,725,106,134,47
21041,"Carroll County, Kentucky",KY,21,041,10695,13,3459,418,32.34,1704,304,1369,255,386,133
21043,"Carter County, Kentucky",KY,21,043,26082,12,7705,599,29.54,2914,432,4025,366,766,196
21045,"Casey County, Kentucky",KY,21,045,15562,28,5668,445,36.42,2272,284,2754,321,642,120
21047,"Christian County, Kentucky",KY,21,047,64098,392,17931,1041,27.97,8414,758,7960,666,1557,257
21049,"Clark County, Kentucky",KY,21,049,36774,36,11189,773,30.43,4765,510,5184,521,1240,258
21051,"Clay County, Kentucky",KY,21,051,18569,70,8835,538,47.58,3084,216,4972,463,779,169
21053,"Clinton County, Kentucky",KY,21,053,9066,15,3638,318,40.13,1276,184,1910,238,452,104
21055,"Crittenden County, Kentucky",KY,21,055,8769,13,2369,272,27.02,852,149,1272,207,245,94
21057,"Cumberland County, Kentucky",KY,21,057,5869,3,2393,290,40.77,679,165,1357,216,357,100
21059,"Daviess County, Kentucky",KY,21,059,102283,113,27939,1275,27.32,12517,855,13335,885,2087,333
21061,"Edmonson County, Kentucky",KY,21,061,12276,11,3967,386,32.32,1264,184,2109,313,594,132
21063,"Elliott County, Kentucky",KY,21,063,6292,25,2813,329,44.71,958,153,1382,260,473,131
21065,"Estill County, Kentucky",KY,21,065,13939,6,5768,432,41.38,1993,219,3107,338,668,155
21067,"Fayette County, Kentucky",KY,21,067,319452,144,65118,2047,20.38,28764,1348,31884,1482,4470,422
21069,"Fleming County, Kentucky",KY,21,069,15265,2,5284,490,34.62,1666,283,3102,375,516,140
21071,"Floyd County, Kentucky",KY,21,071,34594,88,14361,741,41.51,5372,450,7809,552,1180,203
21073,"Franklin County, Kentucky",KY,21,073,50863,68,12301,804,24.18,5090,458,6182,629,1029,204
21075,"Fulton County, Kentucky",KY,21,075,5929,22,2527,264,42.62,1141,161,1145,197,241,69
21077,"Gallatin County, Kentucky",KY,21,077,8699,3,2047,244,23.53,904,163,949,166,194,75
21079,"Garrard County, Kentucky",KY,21,079,17475,2,5508,422,31.52,1969,243,3083,321,456,128
21081,"Grant County, Kentucky",KY,21,081,25136,17,7221,663,28.73,3024,455,3615,446,582,183
21083,"Graves County, Kentucky",KY,21,083,36268,36,10852,791,29.92,4726,505,5333,577,793,193
21085,"Grayson County, Kentucky",KY,21,085,26153,32,9125,612,34.89,3818,367,4557,467,750,149
21087,"Green County, Kentucky",KY,21,087,11218,4,3939,362,35.11,1325,229,2221,264,393,95
21089,"Greenup County, Kentucky",KY,21,089,35023,33,9486,624,27.09,3650,399,4881,440,955,191
21091,"Hancock County, Kentucky",KY,21,091,8952,3,2561,258,28.61,965,162,1407,189,189,66
21093,"Hardin County, Kentucky",KY,21,093,107270,390,25372,1338,23.65,10465,898,12802,922,2105,367
21095,"Harlan County, Kentucky",KY,21,095,25348,21,11760,606,46.39,4524,323,6210,477,1026,188
21097,"Harrison County, Kentucky",KY,21,097,18955,3,5326,531,28.1,2130,316,2739,408,457,123
21099,"Hart County, Kentucky",KY,21,099,19342,14,7047,535,36.43,2869,356,3442,361,736,172
21101,"Henderson County, Kentucky",KY,21,101,43551,59,13289,764,30.51,5305,495,6991,544,993,207
21103,"Henry County, Kentucky",KY,21,103,15762,6,4557,360,28.91,1975,209,2311,282,271,80
21105,"Hickman County, Kentucky",KY,21,105,4314,3,1553,211,36,544,121,801,153,208,81
21107,"Hopkins County, Kentucky",KY,21,107,44184,39,14483,787,32.78,6154,515,7323,563,1006,193
21109,"Jackson County, Kentucky",KY,21,109,12981,42,4694,497,36.16,1515,251,2578,397,601,164
21111,"Jefferson County, Kentucky",KY,21,111,774847,410,194746,3837,25.13,83615,2586,94788,2650,16343,1008
21113,"Jessamine County, Kentucky",KY,21,113,54238,24,13796,932,25.44,5976,575,6948,699,872,224
21115,"Johnson County, Kentucky",KY,21,115,21918,29,9947,604,45.38,3457,324,5819,477,671,180
21117,"Kenton County, Kentucky",KY,21,117,170211,124,33952,1542,19.95,15160,994,16162,1127,2630,345
21119,"Knott County, Kentucky",KY,21,119,13730,9,6111,435,44.51,1985,222,3555,352,571,128
21121,"Knox County, Kentucky",KY,21,121,29315,21,15387,740,52.49,5507,424,8679,560,1201,233
21123,"Larue County, Kentucky",KY,21,123,14847,18,4130,459,27.82,1571,257,2173,361,386,121
21125,"Laurel County, Kentucky",KY,21,125,61833,161,22485,1125,36.36,8586,635,11951,871,1948,323
21127,"Lawrence County, Kentucky",KY,21,127,15994,2,6647,533,41.56,2657,305,3343,404,647,168
21129,"Lee County, Kentucky",KY,21,129,6247,37,3079,304,49.29,1099,189,1562,208,418,115
21131,"Leslie County, Kentucky",KY,21,131,9781,17,4410,433,45.09,1625,207,2390,341,395,169
21133,"Letcher County, Kentucky",KY,21,133,20590,10,9751,581,47.36,3253,302,5595,466,903,170
21135,"Lewis County, Kentucky",KY,21,135,12820,10,5274,401,41.14,1996,240,2819,296,459,125
21137,"Lincoln County, Kentucky",KY,21,137,24307,10,8915,569,36.68,3596,371,4443,381,876,201
21139,"Livingston County, Kentucky",KY,21,139,8852,2,2625,326,29.65,1078,206,1287,235,260,94
21141,"Logan County, Kentucky",KY,21,141,27675,28,7677,745,27.74,2917,399,3932,586,828,229
21143,"Lyon County, Kentucky",KY,21,143,7331,66,1270,193,17.32,501,122,647,140,122,51
21145,"McCracken County, Kentucky",KY,21,145,66545,65,18467,954,27.75,7522,594,9388,709,1557,235
21147,"McCreary County, Kentucky",KY,21,147,15295,82,7920,555,51.78,2845,221,4332,458,743,222
21149,"McLean County, Kentucky",KY,21,149,9047,3,1740,239,19.23,653,167,895,157,192,69
21151,"Madison County, Kentucky",KY,21,151,94882,82,25561,1198,26.94,10365,721,13668,911,1528,291
21153,"Magoffin County, Kentucky",KY,21,153,11227,6,5766,415,51.36,1888,194,3517,345,361,124
21155,"Marion County, Kentucky",KY,21,155,19000,121,5562,475,29.27,2252,325,2835,326,475,119
21157,"Marshall County, Kentucky",KY,21,157,31270,16,6777,610,21.67,2801,381,3507,450,469,157
21159,"Martin County, Kentucky",KY,21,159,9603,79,4705,399,49,1623,235,2644,290,438,142
21161,"Mason County, Kentucky",KY,21,161,16697,25,5849,492,35.03,1973,260,3373,384,503,163
21163,"Meade County, Kentucky",KY,21,163,29383,125,6726,639,22.89,2399,320,3667,525,660,173
21165,"Menifee County, Kentucky",KY,21,165,6174,2,2674,371,43.31,1019,215,1283,257,372,160
21167,"Mercer County, Kentucky",KY,21,167,22808,71,6417,664,28.13,2984,476,2965,439,468,149
21169,"Metcalfe County, Kentucky",KY,21,169,10354,2,4141,410,39.99,1764,268,2144,300,233,79
21171,"Monroe County, Kentucky",KY,21,171,11164,9,3992,320,35.76,1708,198,1951,235,333,89
21173,"Montgomery County, Kentucky",KY,21,173,28063,14,9166,746,32.66,3540,451,4578,543,1048,240
21175,"Morgan County, Kentucky",KY,21,175,12366,91,4410,367,35.66,1858,226,2176,274,376,94
21177,"Muhlenberg County, Kentucky",KY,21,177,29358,77,8789,654,29.94,3024,403,4912,492,853,153
21179,"Nelson County, Kentucky",KY,21,179,47264,61,10295,784,21.78,4105,520,5136,542,1054,225
21181,"Nicholas County, Kentucky",KY,21,181,7624,5,2535,356,33.25,816,223,1446,262,273,92
21183,"Ohio County, Kentucky",KY,21,183,23452,8,7959,528,33.94,3084,322,4251,400,624,125
21185,"Oldham County, Kentucky",KY,21,185,65315,175,7524,682,11.52,3014,471,3632,470,878,151
21187,"Owen County, Kentucky",KY,21,187,11233,6,3176,388,28.27,1006,215,1774,305,396,105
21189,"Owsley County, Kentucky",KY,21,189,3892,2,2223,286,57.12,603,144,1333,217,287,117
21191,"Pendleton County, Kentucky",KY,21,191,14630,25,4171,456,28.51,1571,271,2091,343,509,129
21193,"Perry County, Kentucky",KY,21,193,26906,51,13342,688,49.59,4358,398,8054,522,930,207
21195,"Pike County, Kentucky",KY,21,195,55991,20,21051,989,37.6,7546,544,11612,783,1893,264
21197,"Powell County, Kentucky",KY,21,197,12680,34,4943,455,38.98,2066,272,2524,348,353,111
21199,"Pulaski County, Kentucky",KY,21,199,64949,37,23303,1066,35.88,8335,571,12833,845,2135,311
21201,"Robertson County, Kentucky",KY,21,201,2225,3,900,208,40.45,413,169,444,118,43,28
21203,"Rockcastle County, Kentucky",KY,21,203,15869,9,5832,438,36.75,1847,257,3394,323,591,146
21205,"Rowan County, Kentucky",KY,21,205,24103,70,6708,597,27.83,2545,394,3659,413,504,175
21207,"Russell County, Kentucky",KY,21,207,18015,8,7580,565,42.08,3048,304,3771,447,761,166
21209,"Scott County, Kentucky",KY,21,209,59221,48,9888,722,16.7,4227,498,4611,487,1050,189
21211,"Shelby County, Kentucky",KY,21,211,47779,107,9572,901,20.03,4107,620,4584,612,881,230
21213,"Simpson County, Kentucky",KY,21,213,19607,16,4592,545,23.42,1757,345,2494,392,341,157
21215,"Spencer County, Kentucky",KY,21,215,20099,2,3663,521,18.22,1558,306,1961,416,144,71
21217,"Taylor County, Kentucky",KY,21,217,25951,117,8266,723,31.85,3509,467,4228,532,529,148
21219,"Todd County, Kentucky",KY,21,219,12319,13,3182,415,25.83,1290,277,1469,277,423,136
21221,"Trigg County, Kentucky",KY,21,221,14230,40,3712,379,26.09,1511,244,1887,270,314,107
21223,"Trimble County, Kentucky",KY,21,223,8509,2,2270,342,26.68,799,207,1291,250,180,109
21225,"Union County, Kentucky",KY,21,225,13110,9,2937,300,22.4,1181,181,1566,230,190,67
21227,"Warren County, Kentucky",KY,21,227,139669,102,36908,1613,26.43,16996,1025,17535,1205,2377,315
21229,"Washington County, Kentucky",KY,21,229,11997,9,3604,436,30.04,1284,248,1848,327,472,148
21231,"Wayne County, Kentucky",KY,21,231,19316,42,7793,563,40.34,2686,299,4222,441,885,182
21233,"Webster County, Kentucky",KY,21,233,12540,18,3318,330,26.46,1202,216,1795,237,321,78
21235,"Whitley County, Kentucky",KY,21,235,36433,41,15060,795,41.34,6198,452,8050,632,812,166
21237,"Wolfe County, Kentucky",KY,21,237,6319,6,4085,360,64.65,1356,230,2455,255,274,109
21239,"Woodford County, Kentucky",KY,21,239,26950,98,4655,468,17.27,2049,305,2100,326,506,141
22001,"Acadia Parish, Louisiana",LA,22,001,56319,45,22121,1072,39.28,9149,634,10697,798,2275,333
22003,"Allen Parish, Louisiana",LA,22,003,19127,65,7801,570,40.79,3562,331,3598,427,641,182
22005,"Ascension Parish, Louisiana",LA,22,005,129357,161,27752,1775,21.45,12801,1174,13059,1280,1892,364
22007,"Assumption Parish, Louisiana",LA,22,007,20317,34,5925,593,29.16,2342,368,2938,441,645,148
22009,"Avoyelles Parish, Louisiana",LA,22,009,36286,112,16507,825,45.49,6892,477,8160,641,1455,206
22011,"Beauregard Parish, Louisiana",LA,22,011,35354,157,9653,649,27.3,4208,412,4860,484,585,129
22013,"Bienville Parish, Louisiana",LA,22,013,12297,44,5021,366,40.83,2066,231,2527,264,428,103
22015,"Bossier Parish, Louisiana",LA,22,015,123831,592,30877,1515,24.93,13114,894,15368,1177,2395,332
22017,"Caddo Parish, Louisiana",LA,22,017,225207,243,84556,2186,37.55,34460,1249,41436,1603,8660,805
22019,"Calcasieu Parish, Louisiana",LA,22,019,205265,165,58584,2290,28.54,25445,1407,27578,1681,5561,662
22021,"Caldwell Parish, Louisiana",LA,22,021,9195,114,3884,354,42.24,1251,200,2261,271,372,110
22023,"Cameron Parish, Louisiana",LA,22,023,4991,4,1385,271,27.75,558,156,696,203,131,90
22025,"Catahoula Parish, Louisiana",LA,22,025,7565,46,3193,342,42.21,1355,195,1543,262,295,101
22027,"Claiborne Parish, Louisiana",LA,22,027,11938,58,5186,425,43.44,2000,247,2914,335,272,86
22029,"Concordia Parish, Louisiana",LA,22,029,17123,80,7296,459,42.61,3046,269,3612,342,638,147
22031,"De Soto Parish, Louisiana",LA,22,031,26796,22,10004,623,37.33,3763,391,4933,444,1308,194
22033,"East Baton Rouge Parish, Louisiana",LA,22,033,449079,196,123956,3476,27.6,53997,2217,60032,2569,9927,752
22035,"East Carroll Parish, Louisiana",LA,22,035,5306,83,2802,337,52.81,1148,214,1378,243,276,94
22037,"East Feliciana Parish, Louisiana",LA,22,037,16685,201,4559,602,27.32,1365,333,2475,470,719,176
22039,"Evangeline Parish, Louisiana",LA,22,039,30850,71,13222,751,42.86,5758,521,6444,503,1020,200
22041,"Franklin Parish, Louisiana",LA,22,041,18439,36,7765,587,42.11,3352,335,3494,448,919,177
22043,"Grant Parish, Louisiana",LA,22,043,18945,152,6505,491,34.34,2711,312,3126,337,668,175
22045,"Iberia Parish, Louisiana",LA,22,045,67869,39,28122,1200,41.44,12785,639,13062,969,2275,304
22047,"Iberville Parish, Louisiana",LA,22,047,27179,138,7913,653,29.11,3639,403,3670,489,604,156
22049,"Jackson Parish, Louisiana",LA,22,049,14066,39,4609,412,32.77,1750,228,2438,326,421,107
22051,"Jefferson Parish, Louisiana",LA,22,051,427183,343,124794,2921,29.21,53741,1753,57402,2152,13651,910
22053,"Jefferson Davis Parish, Louisiana",LA,22,053,31454,14,9847,677,31.31,3995,441,4608,466,1244,215
22055,"Lafayette Parish, Louisiana",LA,22,055,245862,212,62466,2064,25.41,27730,1360,29740,1471,4996,498
22057,"Lafourche Parish, Louisiana",LA,22,057,95239,45,29297,1266,30.76,12260,787,14665,951,2372,281
22059,"LaSalle Parish, Louisiana",LA,22,059,13774,46,4654,575,33.79,2133,392,1949,363,572,213
22061,"Lincoln Parish, Louisiana",LA,22,061,47532,18,14150,940,29.77,5139,466,8185,791,826,201
22063,"Livingston Parish, Louisiana",LA,22,063,146881,160,37290,1812,25.39,16837,1164,17936,1314,2517,451
22065,"Madison Parish, Louisiana",LA,22,065,8331,33,4336,290,52.05,2100,168,1925,222,311,82
22067,"Morehouse Parish, Louisiana",LA,22,067,23715,48,10444,688,44.04,4691,486,4923,457,830,168
22069,"Natchitoches Parish, Louisiana",LA,22,069,36059,37,13966,553,38.73,5914,293,6972,446,1080,145
22071,"Orleans Parish, Louisiana",LA,22,071,366361,344,116105,2606,31.69,41282,1292,59451,2077,15372,899
22073,"Ouachita Parish, Louisiana",LA,22,073,155781,129,55849,1807,35.85,23807,1008,27239,1406,4803,521
22075,"Plaquemines Parish, Louisiana",LA,22,075,21634,245,5231,554,24.18,2606,375,2120,382,505,141
22077,"Pointe Coupee Parish, Louisiana",LA,22,077,20055,31,6117,610,30.5,2322,422,3094,401,701,183
22079,"Rapides Parish, Louisiana",LA,22,079,125000,147,45143,1574,36.11,19826,904,21248,1199,4069,473
22081,"Red River Parish, Louisiana",LA,22,081,7252,7,2782,299,38.36,1134,175,1428,217,220,109
22083,"Richland Parish, Louisiana",LA,22,083,18886,44,8433,516,44.65,3292,298,4488,399,653,136
22085,"Sabine Parish, Louisiana",LA,22,085,21626,55,7858,436,36.34,3110,269,3995,315,753,136
22087,"St. Bernard Parish, Louisiana",LA,22,087,44202,40,18265,870,41.32,8166,544,8887,644,1212,217
22089,"St. Charles Parish, Louisiana",LA,22,089,50918,48,10488,917,20.6,4778,653,4557,581,1153,276
22091,"St. Helena Parish, Louisiana",LA,22,091,10747,7,5023,531,46.74,1605,299,2885,420,533,128
22093,"St. James Parish, Louisiana",LA,22,093,19374,10,4903,451,25.31,1971,287,2431,312,501,153
22095,"St. John the Baptist Parish, Louisiana",LA,22,095,40376,36,15145,957,37.51,7247,607,6721,699,1177,241
22097,"St. Landry Parish, Louisiana",LA,22,097,80627,122,32532,1277,40.35,14503,859,14895,877,3134,353
22099,"St. Martin Parish, Louisiana",LA,22,099,50912,147,17172,849,33.73,6781,474,8799,639,1592,296
22101,"St. Mary Parish, Louisiana",LA,22,101,47136,82,18828,930,39.94,8366,563,8856,676,1606,302
22103,"St. Tammany Parish, Louisiana",LA,22,103,268973,433,57589,2178,21.41,24942,1415,26847,1541,5800,606
22105,"Tangipahoa Parish, Louisiana",LA,22,105,135585,72,50894,1999,37.54,22126,1059,24541,1613,4227,523
22107,"Tensas Parish, Louisiana",LA,22,107,3674,15,1966,181,53.51,908,116,821,127,237,57
22109,"Terrebonne Parish, Louisiana",LA,22,109,105002,104,32422,1575,30.88,14634,1044,14821,1065,2967,507
22111,"Union Parish, Louisiana",LA,22,111,20263,54,7315,582,36.1,2992,380,3766,413,557,156
22113,"Vermilion Parish, Louisiana",LA,22,113,56406,99,18746,1076,33.23,7463,646,9156,789,2127,343
22115,"Vernon Parish, Louisiana",LA,22,115,41618,350,12552,638,30.16,5482,400,5813,471,1257,159
22117,"Washington Parish, Louisiana",LA,22,117,43347,88,18340,921,42.31,6939,530,9410,672,1991,339
22119,"Webster Parish, Louisiana",LA,22,119,34924,31,14279,752,40.89,5339,397,7718,576,1222,276
22121,"West Baton Rouge Parish, Louisiana",LA,22,121,27279,48,6253,752,22.92,2956,552,2805,475,492,189
22123,"West Carroll Parish, Louisiana",LA,22,123,9276,25,3884,372,41.87,1357,235,2146,271,381,97
22125,"West Feliciana Parish, Louisiana",LA,22,125,10953,165,2446,409,22.33,1179,233,1074,321,193,100
22127,"Winn Parish, Louisiana",LA,22,127,12024,91,4936,502,41.05,2004,277,2585,407,347,98
23001,"Androscoggin County, Maine",ME,23,001,111768,70,28984,1243,25.93,11714,795,13173,815,4097,499
23003,"Aroostook County, Maine",ME,23,003,65930,24,19290,813,29.26,6012,458,9466,601,3812,300
23005,"Cumberland County, Maine",ME,23,005,304918,208,42102,1758,13.81,15022,1175,19509,1069,7571,752
23007,"Franklin County, Maine",ME,23,007,30178,53,8026,596,26.6,2819,355,3987,446,1220,174
23009,"Hancock County, Maine",ME,23,009,55918,85,9685,624,17.32,2667,294,5347,498,1671,234
23011,"Kennebec County, Maine",ME,23,011,125082,91,28007,1366,22.39,9677,981,14377,856,3953,412
23013,"Knox County, Maine",ME,23,013,39388,166,7318,608,18.58,2639,336,3323,456,1356,222
23015,"Lincoln County, Maine",ME,23,015,35631,40,6043,519,16.96,1754,227,3126,410,1163,224
23017,"Oxford County, Maine",ME,23,017,58519,98,15249,753,26.06,4501,376,7934,569,2814,320
23019,"Penobscot County, Maine",ME,23,019,152775,104,37106,1351,24.29,11009,734,19936,1008,6161,521
23021,"Piscataquis County, Maine",ME,23,021,17034,21,4359,317,25.59,1393,171,2263,245,703,105
23023,"Sagadahoc County, Maine",ME,23,023,37022,25,6057,590,16.36,1898,338,3202,439,957,204
23025,"Somerset County, Maine",ME,23,025,50393,57,15090,716,29.94,5014,407,7801,542,2275,231
23027,"Waldo County, Maine",ME,23,027,39920,102,8779,558,21.99,2926,344,4508,411,1345,155
23029,"Washington County, Maine",ME,23,029,30823,33,9919,380,32.18,3522,210,4606,277,1791,154
23031,"York County, Maine",ME,23,031,214777,252,30455,1468,14.18,9259,787,15357,1084,5839,600
24001,"Allegany County, Maryland",MD,24,001,62684,99,18501,872,29.51,6721,493,9927,672,1853,255
24003,"Anne Arundel County, Maryland",MD,24,003,576539,1130,77728,2720,13.48,32496,1909,37533,1830,7699,635
24005,"Baltimore County, Maryland",MD,24,005,843930,248,170698,3820,20.23,72251,2456,81371,2755,17076,984
24009,"Calvert County, Maryland",MD,24,009,92810,230,11172,957,12.04,4556,663,5020,612,1596,320
24011,"Caroline County, Maryland",MD,24,011,33333,13,11451,656,34.35,5096,359,5606,513,749,196
24013,"Carroll County, Maryland",MD,24,013,172747,226,18697,1109,10.82,7290,755,9236,748,2171,316
24015,"Cecil County, Maryland",MD,24,015,103637,386,21692,1301,20.93,8678,935,10718,824,2296,375
24017,"Charles County, Maryland",MD,24,017,167695,325,25517,1459,15.22,10502,933,12157,1042,2858,414
24019,"Dorchester County, Maryland",MD,24,019,32441,13,11321,727,34.9,4292,431,5938,553,1091,191
24021,"Frederick County, Maryland",MD,24,021,283884,306,37275,1594,13.13,16214,1107,17430,1073,3631,406
24023,"Garrett County, Maryland",MD,24,023,28254,9,7358,556,26.04,2685,334,3787,410,886,171
24025,"Harford County, Maryland",MD,24,025,261158,265,37395,1840,14.32,14253,1246,19008,1288,4134,416
24027,"Howard County, Maryland",MD,24,027,331595,568,37487,1655,11.31,13864,999,18416,1196,5207,556
24029,"Kent County, Maryland",MD,24,029,18993,65,3772,422,19.86,1436,232,1986,337,350,105
24031,"Montgomery County, Maryland",MD,24,031,1056471,495,168268,3672,15.93,73416,2516,74624,2435,20228,1105
24033,"Prince George's County, Maryland",MD,24,033,950053,607,211717,3883,22.28,102488,2806,91566,2473,17663,1042
24035,"Queen Anne's County, Maryland",MD,24,035,51468,81,7594,690,14.75,3311,481,3650,473,633,146
24037,"St. Mary's County, Maryland",MD,24,037,111356,487,18224,1120,16.37,7144,652,9176,847,1904,333
24039,"Somerset County, Maryland",MD,24,039,21300,95,6726,628,31.58,2563,393,3590,465,573,152
24041,"Talbot County, Maryland",MD,24,041,37570,22,7791,624,20.74,3047,405,3773,438,971,182
24043,"Washington County, Maryland",MD,24,043,148730,389,38732,1395,26.04,16532,800,19086,1082,3114,368
24045,"Wicomico County, Maryland",MD,24,045,103948,62,29426,1276,28.31,13549,833,13766,893,2111,369
24047,"Worcester County, Maryland",MD,24,047,52974,92,11100,726,20.95,4057,459,5814,508,1229,241
24510,"Baltimore city, Maryland",MD,24,510,566123,229,189876,3566,33.54,72900,2178,94274,2547,22702,1218
25001,"Barnstable County, Massachusetts",MA,25,001,229082,308,43379,1815,18.94,11884,866,23855,1462,7640,638
25003,"Berkshire County, Massachusetts",MA,25,003,127726,26,32655,1354,25.57,9037,669,19342,1110,4276,392
25005,"Bristol County, Massachusetts",MA,25,005,576931,184,166073,3266,28.79,55809,1923,90967,2477,19297,912
25007,"Dukes County, Massachusetts",MA,25,007,20832,35,5057,727,24.28,970,292,3696,634,391,204
25009,"Essex County, Massachusetts",MA,25,009,807007,99,209323,3713,25.94,71075,2045,111596,2908,26652,1072
25011,"Franklin County, Massachusetts",MA,25,011,70336,17,19038,815,27.07,5496,432,10968,637,2574,269
25013,"Hampden County, Massachusetts",MA,25,013,458451,221,159887,3034,34.88,53602,1686,88512,2375,17773,850
25015,"Hampshire County, Massachusetts",MA,25,015,160878,94,28276,1314,17.58,8039,721,16815,1016,3422,417
25017,"Middlesex County, Massachusetts",MA,25,017,1624067,433,277819,4748,17.11,87141,2621,152057,3702,38621,1402
25019,"Nantucket County, Massachusetts",MA,25,019,14434,7,1674,471,11.6,473,216,964,408,237,91
25021,"Norfolk County, Massachusetts",MA,25,021,723232,152,106039,2968,14.66,28582,1542,59177,2344,18280,967
25023,"Plymouth County, Massachusetts",MA,25,023,528518,323,111286,2786,21.06,36739,1604,60356,2059,14191,974
25025,"Suffolk County, Massachusetts",MA,25,025,780209,183,232031,3485,29.74,70713,1762,128317,2686,33001,1352
25027,"Worcester County, Massachusetts",MA,25,027,857415,380,212366,3760,24.77,71140,2235,115376,2793,25850,1157
26001,"Alcona County, Michigan",MI,26,001,10326,18,2552,160,24.71,812,84,1353,123,387,59
26003,"Alger County, Michigan",MI,26,003,7754,26,2083,186,26.86,721,97,1102,150,260,51
26005,"Allegan County, Michigan",MI,26,005,120633,48,20582,1040,17.06,8326,640,10130,791,2126,216
26007,"Alpena County, Michigan",MI,26,007,28490,70,8918,505,31.3,3101,315,4849,364,968,152
26009,"Antrim County, Michigan",MI,26,009,23986,11,4836,314,20.16,1772,182,2549,240,515,89
26011,"Arenac County, Michigan",MI,26,011,14958,10,3914,237,26.17,1199,134,2142,179,573,78
26013,"Baraga County, Michigan",MI,26,013,7209,35,1850,170,25.66,704,107,907,119,239,58
26015,"Barry County, Michigan",MI,26,015,63141,30,10831,696,17.15,3532,400,5751,520,1548,233
26017,"Bay County, Michigan",MI,26,017,102312,36,25250,1105,24.68,8301,692,13795,777,3154,373
26019,"Benzie County, Michigan",MI,26,019,18116,38,3067,243,16.93,1023,146,1549,168,495,97
26021,"Berrien County, Michigan",MI,26,021,152070,53,38385,1261,25.24,15778,810,18476,893,4131,368
26023,"Branch County, Michigan",MI,26,023,43644,80,11280,597,25.85,4862,406,5428,416,990,135
26025,"Calhoun County, Michigan",MI,26,025,132190,132,34145,1300,25.83,13665,925,16725,819,3755,406
26027,"Cass County, Michigan",MI,26,027,51349,6,11264,574,21.94,4317,325,5536,409,1411,237
26029,"Charlevoix County, Michigan",MI,26,029,25847,66,4598,293,17.79,1833,177,2171,214,594,92
26031,"Cheboygan County, Michigan",MI,26,031,25697,13,6993,403,27.21,2221,176,3917,337,855,135
26033,"Chippewa County, Michigan",MI,26,033,32489,115,8408,449,25.88,3063,243,4648,359,697,118
26035,"Clare County, Michigan",MI,26,035,30934,7,10111,500,32.69,3054,313,5784,363,1273,141
26037,"Clinton County, Michigan",MI,26,037,78935,55,11014,755,13.95,4252,452,5756,587,1006,146
26039,"Crawford County, Michigan",MI,26,039,13211,33,4046,302,30.63,1355,173,2258,232,433,88
26041,"Delta County, Michigan",MI,26,041,36357,19,8035,549,22.1,2510,346,4459,385,1066,183
26043,"Dickinson County, Michigan",MI,26,043,25711,16,4607,463,17.92,1614,246,2302,339,691,197
26045,"Eaton County, Michigan",MI,26,045,108183,85,20755,915,19.19,7935,556,10567,669,2253,284
26047,"Emmet County, Michigan",MI,26,047,33788,100,6068,472,17.96,2123,230,3105,354,840,212
26049,"Genesee County, Michigan",MI,26,049,400741,93,127437,2546,31.8,48608,1572,69344,1897,9485,643
26051,"Gladwin County, Michigan",MI,26,051,25503,33,6859,374,26.89,2287,244,3485,242,1087,148
26053,"Gogebic County, Michigan",MI,26,053,14099,6,4210,301,29.86,1478,157,2236,235,496,103
26055,"Grand Traverse County, Michigan",MI,26,055,95279,89,16176,1058,16.98,6162,694,7808,722,2206,342
26057,"Gratiot County, Michigan",MI,26,057,36933,99,9327,524,25.25,4255,361,4380,366,692,103
26059,"Hillsdale County, Michigan",MI,26,059,45368,21,10595,533,23.35,4192,373,5305,350,1098,149
26061,"Houghton County, Michigan",MI,26,061,37164,68,7572,486,20.37,2950,327,3957,346,665,98
26063,"Huron County, Michigan",MI,26,063,30819,8,7032,360,22.82,2604,228,3524,259,904,102
26065,"Ingham County, Michigan",MI,26,065,282287,71,58173,1939,20.61,21286,1217,31601,1414,5286,528
26067,"Ionia County, Michigan",MI,26,067,63279,131,13679,796,21.62,4914,451,7314,600,1451,266
26069,"Iosco County, Michigan",MI,26,069,25141,10,6820,401,27.13,2241,258,3691,271,888,143
26071,"Iron County, Michigan",MI,26,071,11426,50,3232,228,28.29,1187,113,1577,164,468,112
26073,"Isabella County, Michigan",MI,26,073,64060,50,14746,766,23.02,5032,453,8689,597,1025,159
26075,"Jackson County, Michigan",MI,26,075,152314,130,37965,1356,24.93,15188,817,19480,1030,3297,332
26077,"Kalamazoo County, Michigan",MI,26,077,260340,171,49723,1778,19.1,19201,1167,25912,1256,4610,471
26079,"Kalkaska County, Michigan",MI,26,079,18079,23,4837,308,26.75,1816,192,2431,221,590,95
26081,"Kent County, Michigan",MI,26,081,658126,221,119772,2803,18.2,52504,1804,57146,2002,10122,772
26083,"Keweenaw County, Michigan",MI,26,083,2131,2,427,78,20.04,183,54,213,54,31,16
26085,"Lake County, Michigan",MI,26,085,12303,11,4481,246,36.42,1335,109,2540,200,606,92
26087,"Lapeer County, Michigan",MI,26,087,87451,52,18311,907,20.94,6931,607,9518,631,1862,237
26089,"Leelanau County, Michigan",MI,26,089,22550,52,2511,243,11.14,804,146,1319,173,388,89
26091,"Lenawee County, Michigan",MI,26,091,95536,49,20417,887,21.37,8318,519,10183,677,1916,243
26093,"Livingston County, Michigan",MI,26,093,194684,111,20902,1028,10.74,7049,651,10979,720,2874,340
26095,"Luce County, Michigan",MI,26,095,5270,34,1627,151,30.87,716,75,763,123,148,46
26097,"Mackinac County, Michigan",MI,26,097,10818,45,2599,195,24.02,732,93,1512,162,355,56
26099,"Macomb County, Michigan",MI,26,099,872890,263,195073,3448,22.35,70896,2088,101821,2579,22356,937
26101,"Manistee County, Michigan",MI,26,101,24050,19,6054,336,25.17,2140,197,3024,238,890,131
26103,"Marquette County, Michigan",MI,26,103,65425,81,12356,663,18.89,4161,372,7016,511,1179,201
26105,"Mason County, Michigan",MI,26,105,28956,16,7210,456,24.9,2760,270,3534,323,916,174
26107,"Mecosta County, Michigan",MI,26,107,40954,31,10289,508,25.12,3871,340,5548,353,870,132
26109,"Menominee County, Michigan",MI,26,109,22992,13,4331,318,18.84,1447,163,2402,260,482,82
26111,"Midland County, Michigan",MI,26,111,82900,122,16480,875,19.88,6167,534,8569,648,1744,247
26113,"Missaukee County, Michigan",MI,26,113,15120,6,3834,210,25.36,1493,136,1886,143,455,73
26115,"Monroe County, Michigan",MI,26,115,154381,121,28217,1361,18.28,10615,834,14731,987,2871,426
26117,"Montcalm County, Michigan",MI,26,117,65363,80,16741,818,25.61,6793,466,8731,648,1217,177
26119,"Montmorency County, Michigan",MI,26,119,9460,16,2596,226,27.44,699,121,1530,164,367,98
26121,"Muskegon County, Michigan",MI,26,121,171793,66,49692,1430,28.93,20279,912,25540,1040,3873,361
26123,"Newaygo County, Michigan",MI,26,123,50386,12,13538,568,26.87,5371,330,6920,436,1247,154
26125,"Oakland County, Michigan",MI,26,125,1272907,135,181235,3590,14.24,61542,2304,94137,2470,25556,1216
26127,"Oceana County, Michigan",MI,26,127,26741,8,8138,348,30.43,3487,206,3995,256,656,115
26129,"Ogemaw County, Michigan",MI,26,129,20639,7,6193,311,30.01,2008,192,3326,219,859,108
26131,"Ontonagon County, Michigan",MI,26,131,5807,19,1323,122,22.78,354,51,723,101,246,46
26133,"Osceola County, Michigan",MI,26,133,22943,34,6218,302,27.1,2282,173,3043,214,893,125
26135,"Oscoda County, Michigan",MI,26,135,8386,10,2551,222,30.42,905,136,1236,148,410,94
26137,"Otsego County, Michigan",MI,26,137,25432,21,5098,448,20.05,1942,269,2353,291,803,208
26139,"Ottawa County, Michigan",MI,26,139,299575,130,38654,1858,12.9,17180,1311,17724,1239,3750,447
26141,"Presque Isle County, Michigan",MI,26,141,13115,5,2843,212,21.68,842,117,1619,155,382,86
26143,"Roscommon County, Michigan",MI,26,143,23550,13,6214,363,26.39,2006,184,3324,274,884,151
26145,"Saginaw County, Michigan",MI,26,145,185346,104,53196,1569,28.7,20864,926,27183,1175,5149,473
26147,"St. Clair County, Michigan",MI,26,147,159030,105,35803,1276,22.51,13930,834,18192,876,3681,406
26149,"St. Joseph County, Michigan",MI,26,149,60506,10,14767,728,24.41,6648,537,6723,440,1396,220
26151,"Sanilac County, Michigan",MI,26,151,40094,16,10625,412,26.5,4036,285,5440,275,1149,112
26153,"Schoolcraft County, Michigan",MI,26,153,8046,4,2101,169,26.11,767,91,1107,130,227,58
26155,"Shiawassee County, Michigan",MI,26,155,67460,56,14898,736,22.08,5426,430,8341,569,1131,180
26157,"Tuscola County, Michigan",MI,26,157,52421,16,13397,584,25.56,4732,348,7300,432,1365,181
26159,"Van Buren County, Michigan",MI,26,159,75337,12,18036,845,23.94,7739,556,8550,580,1747,261
26161,"Washtenaw County, Michigan",MI,26,161,364667,179,52070,1887,14.28,18091,1121,28857,1445,5122,464
26163,"Wayne County, Michigan",MI,26,163,1762055,223,623337,5758,35.38,243704,3366,322466,4303,57167,1819
26165,"Wexford County, Michigan",MI,26,165,33579,53,10542,489,31.39,4444,315,5140,350,958,131
27001,"Aitkin County, Minnesota",MN,27,001,15862,13,4001,204,25.22,1400,115,2004,146,597,83
27003,"Anoka County, Minnesota",MN,27,003,367728,128,69140,1986,18.8,31337,1316,34020,1441,3783,369
27005,"Becker County, Minnesota",MN,27,005,34911,22,8608,447,24.66,3814,307,4060,308,734,103
27007,"Beltrami County, Minnesota",MN,27,007,45818,46,13861,570,30.25,6698,376,6295,399,868,156
27009,"Benton County, Minnesota",MN,27,009,41038,46,9491,638,23.13,4326,413,4557,468,608,133
27011,"Big Stone County, Minnesota",MN,27,011,5008,6,1206,119,24.08,456,74,637,86,113,36
27013,"Blue Earth County, Minnesota",MN,27,013,69219,34,12105,767,17.49,4402,431,6816,610,887,174
27015,"Brown County, Minnesota",MN,27,015,25436,18,3531,346,13.88,1494,243,1640,230,397,90
27017,"Carlton County, Minnesota",MN,27,017,34733,73,7178,498,20.67,2689,315,3828,362,661,135
27019,"Carver County, Minnesota",MN,27,019,109701,37,10311,700,9.4,4359,487,5233,477,719,158
27021,"Cass County, Minnesota",MN,27,021,30744,34,8103,268,26.36,3625,181,3885,182,593,77
27023,"Chippewa County, Minnesota",MN,27,023,12104,16,3014,277,24.9,1376,195,1470,187,168,59
27025,"Chisago County, Minnesota",MN,27,025,56766,68,7628,589,13.44,3059,369,4004,445,565,114
27027,"Clay County, Minnesota",MN,27,027,65469,86,12518,842,19.12,5154,551,6479,615,885,164
27029,"Clearwater County, Minnesota",MN,27,029,8498,37,1916,135,22.55,759,93,969,91,188,35
27031,"Cook County, Minnesota",MN,27,031,5586,8,1200,170,21.48,502,94,593,132,105,51
27033,"Cottonwood County, Minnesota",MN,27,033,11210,32,2558,205,22.82,1260,157,1120,119,178,57
27035,"Crow Wing County, Minnesota",MN,27,035,66850,31,15962,726,23.88,6429,423,8267,567,1266,165
27037,"Dakota County, Minnesota",MN,27,037,443413,193,66328,2057,14.96,28088,1440,33631,1394,4609,465
27039,"Dodge County, Minnesota",MN,27,039,20926,22,3198,338,15.28,1434,237,1587,228,177,80
27041,"Douglas County, Minnesota",MN,27,041,39024,32,5754,366,14.74,2377,243,2815,250,562,110
27043,"Faribault County, Minnesota",MN,27,043,13672,71,3071,210,22.46,1390,158,1489,129,192,48
27045,"Fillmore County, Minnesota",MN,27,045,21011,14,3933,201,18.72,1694,131,1839,139,400,61
27047,"Freeborn County, Minnesota",MN,27,047,30208,17,7309,437,24.2,3257,283,3491,311,561,119
27049,"Goodhue County, Minnesota",MN,27,049,47118,18,9055,628,19.22,3268,389,4874,456,913,189
27051,"Grant County, Minnesota",MN,27,051,6089,3,1704,120,27.98,701,71,867,93,136,25
27053,"Hennepin County, Minnesota",MN,27,053,1259496,485,214662,3818,17.04,87010,2574,108992,2635,18660,1003
27055,"Houston County, Minnesota",MN,27,055,18471,8,2452,221,13.27,1074,142,1094,148,284,82
27057,"Hubbard County, Minnesota",MN,27,057,21659,34,5030,273,23.22,2142,162,2500,202,388,85
27059,"Isanti County, Minnesota",MN,27,059,42411,26,7407,520,17.46,3081,355,3892,363,434,110
27061,"Itasca County, Minnesota",MN,27,061,44545,50,10055,503,22.57,3891,313,5268,370,896,134
27063,"Jackson County, Minnesota",MN,27,063,9807,4,1588,154,16.19,725,101,697,101,166,57
27065,"Kanabec County, Minnesota",MN,27,065,16227,8,3808,260,23.47,1482,166,1967,188,359,69
27067,"Kandiyohi County, Minnesota",MN,27,067,43314,25,10650,576,24.59,5089,382,4941,402,620,157
27069,"Kittson County, Minnesota",MN,27,069,3951,17,633,74,16.02,242,41,344,57,47,23
27071,"Koochiching County, Minnesota",MN,27,071,11641,36,2245,256,19.29,800,151,1107,187,338,88
27073,"Lac qui Parle County, Minnesota",MN,27,073,6537,8,1264,108,19.34,511,67,583,70,170,48
27075,"Lake County, Minnesota",MN,27,075,10696,14,2237,230,20.91,1016,152,1046,163,175,55
27077,"Lake of the Woods County, Minnesota",MN,27,077,3778,13,615,111,16.28,261,67,320,86,34,22
27079,"Le Sueur County, Minnesota",MN,27,079,28901,49,4529,363,15.67,1901,236,2208,260,420,93
27081,"Lincoln County, Minnesota",MN,27,081,5435,10,1018,97,18.73,435,69,456,62,127,30
27083,"Lyon County, Minnesota",MN,27,083,25219,24,5102,458,20.23,2218,328,2363,291,521,132
27085,"McLeod County, Minnesota",MN,27,085,36221,59,6649,472,18.36,3128,313,3068,338,453,104
27087,"Mahnomen County, Minnesota",MN,27,087,5323,6,2108,80,39.6,1141,54,859,55,108,20
27089,"Marshall County, Minnesota",MN,27,089,8812,13,1676,120,19.02,736,81,783,82,157,33
27091,"Martin County, Minnesota",MN,27,091,19559,32,5589,366,28.58,2406,228,2561,251,622,139
27093,"Meeker County, Minnesota",MN,27,093,23177,8,4461,326,19.25,2105,250,1998,197,358,72
27095,"Mille Lacs County, Minnesota",MN,27,095,26763,14,7342,508,27.43,2986,252,3775,421,581,133
27097,"Morrison County, Minnesota",MN,27,097,33820,56,7332,374,21.68,3156,245,3567,263,609,102
27099,"Mower County, Minnesota",MN,27,099,39844,40,8846,603,22.2,4097,457,4117,368,632,138
27101,"Murray County, Minnesota",MN,27,101,8022,8,1369,124,17.07,548,81,644,78,177,52
27103,"Nicollet County, Minnesota",MN,27,103,34039,32,6137,533,18.03,2281,304,3416,422,440,118
27105,"Nobles County, Minnesota",MN,27,105,21727,30,4776,454,21.98,2613,365,1684,210,479,169
27107,"Norman County, Minnesota",MN,27,107,6257,2,1316,97,21.03,585,64,615,67,116,28
27109,"Olmsted County, Minnesota",MN,27,109,162599,121,21714,1402,13.35,9432,978,10392,960,1890,297
27111,"Otter Tail County, Minnesota",MN,27,111,59708,23,12038,568,20.16,5183,357,5969,419,886,140
27113,"Pennington County, Minnesota",MN,27,113,13613,14,2076,243,15.25,805,156,1008,169,263,77
27115,"Pine County, Minnesota",MN,27,115,28345,79,6827,367,24.09,2728,241,3364,248,735,122
27117,"Pipestone County, Minnesota",MN,27,117,9110,21,2513,211,27.59,1367,152,1036,141,110,40
27119,"Polk County, Minnesota",MN,27,119,30033,67,6536,462,21.76,2612,344,3500,291,424,104
27121,"Pope County, Minnesota",MN,27,121,11236,26,1853,156,16.49,711,103,898,107,244,48
27123,"Ramsey County, Minnesota",MN,27,123,538509,159,135527,2442,25.17,60246,1528,66615,1798,8666,629
27125,"Red Lake County, Minnesota",MN,27,125,3915,10,596,74,15.22,284,47,269,54,43,17
27127,"Redwood County, Minnesota",MN,27,127,15104,23,3473,231,22.99,1567,153,1643,163,263,57
27129,"Renville County, Minnesota",MN,27,129,14245,9,3151,203,22.12,1484,138,1501,143,166,39
27131,"Rice County, Minnesota",MN,27,131,65460,166,13221,776,20.2,5824,479,6538,584,859,177
27133,"Rock County, Minnesota",MN,27,133,9402,11,1822,193,19.38,886,132,727,128,209,59
27135,"Roseau County, Minnesota",MN,27,135,15118,23,2421,200,16.01,1030,135,1177,139,214,50
27137,"St. Louis County, Minnesota",MN,27,137,197077,134,40053,1265,20.32,14682,876,21611,860,3760,307
27139,"Scott County, Minnesota",MN,27,139,153219,77,18698,1124,12.2,8538,787,8681,764,1479,245
27141,"Sherburne County, Minnesota",MN,27,141,98690,174,13035,971,13.21,5782,669,6433,676,820,197
27143,"Sibley County, Minnesota",MN,27,143,14890,5,2930,208,19.68,1285,139,1429,147,216,49
27145,"Stearns County, Minnesota",MN,27,145,159600,139,32085,1127,20.1,14638,755,15777,806,1670,226
27147,"Steele County, Minnesota",MN,27,147,37052,13,7043,601,19.01,3095,422,3498,406,450,134
27149,"Stevens County, Minnesota",MN,27,149,9657,12,2028,210,21,948,120,1020,171,60,22
27151,"Swift County, Minnesota",MN,27,151,9566,28,2311,214,24.16,1092,153,976,128,243,78
27153,"Todd County, Minnesota",MN,27,153,25326,43,5627,364,22.22,2595,284,2537,212,495,85
27155,"Traverse County, Minnesota",MN,27,155,3139,18,919,102,29.28,341,59,509,78,69,29
27157,"Wabasha County, Minnesota",MN,27,157,21364,19,3107,276,14.54,1310,205,1517,166,280,81
27159,"Wadena County, Minnesota",MN,27,159,13887,87,4592,344,33.07,1974,257,2241,203,377,106
27161,"Waseca County, Minnesota",MN,27,161,17982,36,4301,396,23.92,1977,233,1841,292,483,132
27163,"Washington County, Minnesota",MN,27,163,273534,179,31508,1507,11.52,12390,982,16490,1106,2628,290
27165,"Watonwan County, Minnesota",MN,27,165,11070,16,2172,226,19.62,1133,179,923,134,116,36
27167,"Wilkin County, Minnesota",MN,27,167,6256,40,1257,142,20.09,368,77,696,103,193,61
27169,"Winona County, Minnesota",MN,27,169,49279,55,7638,571,15.5,2939,367,3920,409,779,155
27171,"Wright County, Minnesota",MN,27,171,147530,91,20634,1127,13.99,9601,851,9621,708,1412,213
27173,"Yellow Medicine County, Minnesota",MN,27,173,9370,24,2093,163,22.34,952,95,1021,129,120,29
28001,"Adams County, Mississippi",MS,28,001,27062,194,8620,580,31.85,4169,330,2954,420,1497,226
28003,"Alcorn County, Mississippi",MS,28,003,33579,83,7936,689,23.63,3160,378,3410,530,1366,225
28005,"Amite County, Mississippi",MS,28,005,12460,19,3995,444,32.06,1878,245,1506,334,611,159
28007,"Attala County, Mississippi",MS,28,007,17139,52,4444,465,25.93,2802,366,1008,244,634,152
28009,"Benton County, Mississippi",MS,28,009,7499,29,2152,279,28.7,1046,171,749,194,357,106
28011,"Bolivar County, Mississippi",MS,28,011,28732,21,10933,708,38.05,5208,482,4254,476,1471,205
28013,"Calhoun County, Mississippi",MS,28,013,12604,44,3488,304,27.67,1823,202,1177,201,488,107
28015,"Carroll County, Mississippi",MS,28,015,9249,32,2732,401,29.54,1011,255,1144,272,577,147
28017,"Chickasaw County, Mississippi",MS,28,017,16463,21,4899,385,29.76,2607,248,1789,264,503,131
28019,"Choctaw County, Mississippi",MS,28,019,7957,52,1799,229,22.61,710,142,749,146,340,104
28021,"Claiborne County, Mississippi",MS,28,021,8500,29,2843,310,33.45,1570,195,877,217,396,106
28023,"Clarke County, Mississippi",MS,28,023,15132,64,4046,346,26.74,1958,206,1421,234,667,151
28025,"Clay County, Mississippi",MS,28,025,18099,23,4481,472,24.76,2399,323,1568,309,514,152
28027,"Coahoma County, Mississippi",MS,28,027,20351,8,8249,478,40.53,4594,267,2696,364,959,158
28029,"Copiah County, Mississippi",MS,28,029,27679,13,7980,564,28.83,4170,294,2676,435,1134,205
28031,"Covington County, Mississippi",MS,28,031,17863,5,4619,638,25.86,2035,474,1824,392,760,168
28033,"DeSoto County, Mississippi",MS,28,033,190321,140,27377,1626,14.38,14877,1204,9208,985,3292,474
28035,"Forrest County, Mississippi",MS,28,035,77415,161,19959,1073,25.78,9890,633,7803,796,2266,342
28037,"Franklin County, Mississippi",MS,28,037,7548,11,1955,270,25.9,858,169,688,183,409,105
28039,"George County, Mississippi",MS,28,039,24589,69,6137,702,24.96,3309,518,2135,429,693,200
28041,"Greene County, Mississippi",MS,28,041,10315,169,2269,327,22,1356,248,640,182,273,110
28043,"Grenada County, Mississippi",MS,28,043,20949,15,6381,536,30.46,3492,355,1977,324,912,238
28045,"Hancock County, Mississippi",MS,28,045,45637,145,8294,793,18.17,3802,558,3361,504,1131,251
28047,"Harrison County, Mississippi",MS,28,047,203006,464,43505,1716,21.43,22619,1119,16089,1177,4797,555
28049,"Hinds County, Mississippi",MS,28,049,216154,209,58289,1893,26.97,31588,1351,18526,1149,8175,661
28051,"Holmes County, Mississippi",MS,28,051,15843,16,7121,388,44.95,3353,185,2808,319,960,122
28053,"Humphreys County, Mississippi",MS,28,053,7320,4,3267,303,44.63,1586,132,1151,254,530,100
28055,"Issaquena County, Mississippi",MS,28,055,619,111,237,81,38.29,14,27,96,45,127,62
28057,"Itawamba County, Mississippi",MS,28,057,23714,42,5352,616,22.57,2706,475,1989,355,657,168
28059,"Jackson County, Mississippi",MS,28,059,142925,323,27503,1462,19.24,13488,902,10125,1074,3890,414
28061,"Jasper County, Mississippi",MS,28,061,15972,49,4765,588,29.83,2086,405,2008,398,671,152
28063,"Jefferson County, Mississippi",MS,28,063,6706,27,2270,325,33.85,1294,192,616,235,360,116
28065,"Jefferson Davis County, Mississippi",MS,28,065,10981,34,3920,386,35.7,1828,194,1458,287,634,170
28067,"Jones County, Mississippi",MS,28,067,65756,63,15615,1075,23.75,9219,774,4723,697,1673,266
28069,"Kemper County, Mississippi",MS,28,069,8427,32,2151,270,25.53,1070,135,778,195,303,130
28071,"Lafayette County, Mississippi",MS,28,071,57751,32,6919,872,11.98,3535,681,2427,499,957,219
28073,"Lamar County, Mississippi",MS,28,073,65034,277,11717,840,18.02,6346,574,4057,546,1314,279
28075,"Lauderdale County, Mississippi",MS,28,075,68404,210,18056,968,26.4,9169,672,6120,582,2767,382
28077,"Lawrence County, Mississippi",MS,28,077,11734,10,3633,379,30.96,1755,227,1170,254,708,166
28079,"Leake County, Mississippi",MS,28,079,20869,56,5648,552,27.06,2832,346,1748,379,1068,202
28081,"Lee County, Mississippi",MS,28,081,81739,204,15765,971,19.29,9133,711,4934,603,1698,273
28083,"Leflore County, Mississippi",MS,28,083,26510,92,10829,720,40.85,5979,507,3389,485,1461,163
28085,"Lincoln County, Mississippi",MS,28,085,34476,62,8258,653,23.95,4465,390,2896,469,897,234
28087,"Lowndes County, Mississippi",MS,28,087,55881,214,12291,899,21.99,6476,631,4187,590,1628,248
28089,"Madison County, Mississippi",MS,28,089,110618,76,15215,984,13.75,8557,669,4930,676,1728,252
28091,"Marion County, Mississippi",MS,28,091,23544,20,7215,577,30.64,4246,411,2084,348,885,207
28093,"Marshall County, Mississippi",MS,28,093,32878,61,9424,660,28.66,4689,397,2880,447,1855,280
28095,"Monroe County, Mississippi",MS,28,095,33228,28,7659,666,23.05,3878,491,2669,408,1112,189
28097,"Montgomery County, Mississippi",MS,28,097,9483,33,2760,333,29.1,1409,233,823,198,528,131
28099,"Neshoba County, Mississippi",MS,28,099,28468,23,8873,697,31.17,5281,480,3015,485,577,143
28101,"Newton County, Mississippi",MS,28,101,20756,95,5643,453,27.19,2908,334,1760,249,975,179
28103,"Noxubee County, Mississippi",MS,28,103,9857,6,3338,422,33.86,1503,246,1315,321,520,120
28105,"Oktibbeha County, Mississippi",MS,28,105,51231,133,9320,924,18.19,4527,624,3482,626,1311,268
28107,"Panola County, Mississippi",MS,28,107,32500,48,9704,694,29.86,5005,433,3541,503,1158,203
28109,"Pearl River County, Mississippi",MS,28,109,56979,51,14912,985,26.17,7515,605,5649,736,1748,250
28111,"Perry County, Mississippi",MS,28,111,11159,173,2833,368,25.39,1720,303,756,176,357,111
28113,"Pike County, Mississippi",MS,28,113,39017,23,12584,829,32.25,6727,490,4644,610,1213,273
28115,"Pontotoc County, Mississippi",MS,28,115,31287,54,7566,626,24.18,4796,472,1880,359,890,202
28117,"Prentiss County, Mississippi",MS,28,117,24951,12,6537,588,26.2,3307,402,2094,365,1136,225
28119,"Quitman County, Mississippi",MS,28,119,5603,53,2210,192,39.44,1092,118,762,136,356,67
28121,"Rankin County, Mississippi",MS,28,121,154018,150,23274,1430,15.11,12677,1032,7846,921,2751,363
28123,"Scott County, Mississippi",MS,28,123,27497,31,8781,621,31.93,5133,456,2703,376,945,189
28125,"Sharkey County, Mississippi",MS,28,125,3773,111,1327,158,35.17,706,103,379,102,242,62
28127,"Simpson County, Mississippi",MS,28,127,25309,52,6828,556,26.98,3596,334,2275,380,957,231
28129,"Smith County, Mississippi",MS,28,129,13995,6,3227,385,23.06,1737,273,862,225,628,151
28131,"Stone County, Mississippi",MS,28,131,18354,136,4025,532,21.93,1764,344,1515,365,746,178
28133,"Sunflower County, Mississippi",MS,28,133,21611,142,8391,550,38.83,3628,329,3266,395,1497,195
28135,"Tallahatchie County, Mississippi",MS,28,135,11151,63,3910,313,35.06,1854,128,1357,251,699,136
28137,"Tate County, Mississippi",MS,28,137,27964,27,6340,640,22.67,3511,482,2318,389,511,160
28139,"Tippah County, Mississippi",MS,28,139,21285,14,5525,552,25.96,2841,364,1890,369,794,190
28141,"Tishomingo County, Mississippi",MS,28,141,18384,10,4226,411,22.99,1763,240,1526,270,937,195
28143,"Tunica County, Mississippi",MS,28,143,9393,3,3519,415,37.46,2142,307,924,247,453,130
28145,"Union County, Mississippi",MS,28,145,27881,19,6731,740,24.14,3440,459,2658,560,633,155
28147,"Walthall County, Mississippi",MS,28,147,13686,15,3967,462,28.99,2037,329,1313,280,617,163
28149,"Warren County, Mississippi",MS,28,149,42549,68,11466,733,26.95,5747,390,4111,553,1608,283
28151,"Washington County, Mississippi",MS,28,151,42064,53,16816,803,39.98,8258,549,6650,536,1908,236
28153,"Wayne County, Mississippi",MS,28,153,19656,11,5988,561,30.46,2912,403,2106,355,970,161
28155,"Webster County, Mississippi",MS,28,155,9845,12,2293,281,23.29,1068,197,932,181,293,85
28157,"Wilkinson County, Mississippi",MS,28,157,7094,93,2338,414,32.96,1095,285,801,262,442,146
28159,"Winston County, Mississippi",MS,28,159,17171,48,5533,464,32.22,2672,272,1941,326,920,187
28161,"Yalobusha County, Mississippi",MS,28,161,12184,41,4145,433,34.02,2080,274,1540,311,525,124
28163,"Yazoo County, Mississippi",MS,28,163,20263,269,6821,609,33.66,3960,457,1749,357,1112,185
29001,"Adair County, Missouri",MO,29,001,25114,6,3961,417,15.77,1800,285,1658,269,503,142
29003,"Andrew County, Missouri",MO,29,003,17794,118,2139,294,12.02,868,176,800,187,471,144
29005,"Atchison County, Missouri",MO,29,005,5110,10,872,128,17.06,427,94,253,69,192,52
29007,"Audrain County, Missouri",MO,29,007,23396,40,4113,457,17.58,1752,311,1887,313,474,118
29009,"Barry County, Missouri",MO,29,009,34793,5,7838,592,22.53,4405,453,2714,340,719,173
29011,"Barton County, Missouri",MO,29,011,11615,27,3024,330,26.04,1325,199,1364,238,335,112
29013,"Bates County, Missouri",MO,29,013,15864,9,3112,351,19.62,1544,254,1186,212,382,116
29015,"Benton County, Missouri",MO,29,015,19910,22,4955,473,24.89,1907,247,2450,374,598,152
29017,"Bollinger County, Missouri",MO,29,017,10438,26,2238,316,21.44,1028,228,1016,199,194,91
29019,"Boone County, Missouri",MO,29,019,186632,144,21747,1271,11.65,10334,832,9875,918,1538,285
29021,"Buchanan County, Missouri",MO,29,021,81060,184,16390,876,20.22,8616,627,6083,540,1691,287
29023,"Butler County, Missouri",MO,29,023,41432,90,11920,760,28.77,5427,511,5204,511,1289,236
29025,"Caldwell County, Missouri",MO,29,025,8713,20,1317,146,15.12,765,117,426,81,126,32
29027,"Callaway County, Missouri",MO,29,027,42405,170,6768,705,15.96,3288,500,2805,462,675,182
29029,"Camden County, Missouri",MO,29,029,43312,16,6815,532,15.73,3207,347,2682,357,926,188
29031,"Cape Girardeau County, Missouri",MO,29,031,81597,23,12989,832,15.92,6420,572,4964,512,1605,322
29033,"Carroll County, Missouri",MO,29,033,8319,4,1615,216,19.41,791,138,579,131,245,103
29035,"Carter County, Missouri",MO,29,035,5257,1,1664,226,31.65,844,145,678,166,142,50
29037,"Cass County, Missouri",MO,29,037,109772,69,12338,947,11.24,7097,784,3998,465,1243,255
29039,"Cedar County, Missouri",MO,29,039,14408,12,2971,357,20.62,1493,241,1075,223,403,139
29041,"Chariton County, Missouri",MO,29,041,7151,5,1138,136,15.91,648,103,410,85,80,25
29043,"Christian County, Missouri",MO,29,043,92328,88,14557,886,15.77,8758,745,4857,442,942,188
29045,"Clark County, Missouri",MO,29,045,6543,12,1286,175,19.65,786,144,434,91,66,40
29047,"Clay County, Missouri",MO,29,047,256554,146,26652,1515,10.39,13914,1122,10554,969,2184,314
29049,"Clinton County, Missouri",MO,29,049,21026,7,3374,405,16.05,1706,307,1323,243,345,105
29051,"Cole County, Missouri",MO,29,051,73686,127,9290,829,12.61,5136,674,3406,454,748,162
29053,"Cooper County, Missouri",MO,29,053,15584,38,1980,206,12.71,1004,145,807,136,169,53
29055,"Crawford County, Missouri",MO,29,055,22477,21,5307,440,23.61,2458,282,2430,315,419,121
29057,"Dade County, Missouri",MO,29,057,7484,16,1736,174,23.2,843,123,706,116,187,43
29059,"Dallas County, Missouri",MO,29,059,17348,6,4034,605,23.25,1942,365,1644,448,448,178
29061,"Daviess County, Missouri",MO,29,061,8366,5,1415,155,16.91,794,123,501,86,120,39
29063,"DeKalb County, Missouri",MO,29,063,8971,69,1289,216,14.37,644,149,463,115,182,105
29065,"Dent County, Missouri",MO,29,065,14376,16,3244,327,22.57,1430,211,1275,219,539,119
29067,"Douglas County, Missouri",MO,29,067,11863,4,3013,324,25.4,1592,211,1103,227,318,95
29069,"Dunklin County, Missouri",MO,29,069,26832,24,8891,480,33.14,4570,309,2990,298,1331,214
29071,"Franklin County, Missouri",MO,29,071,104984,70,14721,976,14.02,7568,737,6035,611,1118,188
29073,"Gasconade County, Missouri",MO,29,073,14530,7,2478,274,17.05,1227,199,1025,175,226,69
29075,"Gentry County, Missouri",MO,29,075,6100,31,1426,174,23.38,748,125,552,107,126,58
29077,"Greene County, Missouri",MO,29,077,299444,206,50354,1910,16.82,25030,1420,21078,1181,4246,485
29079,"Grundy County, Missouri",MO,29,079,9585,15,1510,211,15.75,745,147,593,140,172,57
29081,"Harrison County, Missouri",MO,29,081,8065,31,1818,202,22.54,892,139,788,141,138,42
29083,"Henry County, Missouri",MO,29,083,22142,11,5476,477,24.73,2931,336,2052,316,493,120
29085,"Hickory County, Missouri",MO,29,085,8422,19,1835,266,21.79,677,155,771,171,387,132
29087,"Holt County, Missouri",MO,29,087,4120,32,748,83,18.16,406,63,235,45,107,31
29089,"Howard County, Missouri",MO,29,089,10037,26,1687,232,16.81,894,185,614,128,179,55
29091,"Howell County, Missouri",MO,29,091,39856,35,11416,749,28.64,6202,533,4268,492,946,185
29093,"Iron County, Missouri",MO,29,093,9156,25,2206,209,24.09,951,132,954,148,301,67
29095,"Jackson County, Missouri",MO,29,095,713827,305,117249,3244,16.43,64123,2564,43132,1892,9994,610
29097,"Jasper County, Missouri",MO,29,097,123447,42,28491,1324,23.08,15723,953,10450,857,2318,331
29099,"Jefferson County, Missouri",MO,29,099,227637,195,29580,1525,12.99,15279,1188,11849,896,2452,332
29101,"Johnson County, Missouri",MO,29,101,50788,346,7089,605,13.96,3942,491,2736,338,411,104
29103,"Knox County, Missouri",MO,29,103,3716,2,677,114,18.22,343,83,260,72,74,31
29105,"Laclede County, Missouri",MO,29,105,36083,40,9187,711,25.46,4893,489,3708,495,586,144
29107,"Lafayette County, Missouri",MO,29,107,32723,13,4797,563,14.66,2049,349,2407,426,341,116
29109,"Lawrence County, Missouri",MO,29,109,37929,74,7796,590,20.55,4545,431,2690,372,561,153
29111,"Lewis County, Missouri",MO,29,111,9754,15,1424,213,14.6,562,129,696,158,166,62
29113,"Lincoln County, Missouri",MO,29,113,62512,61,8693,804,13.91,4338,604,3624,487,731,210
29115,"Linn County, Missouri",MO,29,115,11688,23,2029,243,17.36,939,175,900,157,190,61
29117,"Livingston County, Missouri",MO,29,117,13120,17,2667,316,20.33,1212,211,1053,208,402,109
29119,"McDonald County, Missouri",MO,29,119,23567,14,6474,497,27.47,3360,367,2635,310,479,126
29121,"Macon County, Missouri",MO,29,121,14955,13,2828,306,18.91,1526,217,1115,205,187,66
29123,"Madison County, Missouri",MO,29,123,12496,10,2792,355,22.34,1329,259,1301,234,162,65
29125,"Maries County, Missouri",MO,29,125,8384,2,1481,244,17.66,435,133,895,192,151,71
29127,"Marion County, Missouri",MO,29,127,28008,32,5708,499,20.38,2606,349,2522,313,580,171
29129,"Mercer County, Missouri",MO,29,129,3419,8,840,118,24.57,416,83,287,72,137,42
29131,"Miller County, Missouri",MO,29,131,24910,24,5004,467,20.09,2291,320,2224,319,489,117
29133,"Mississippi County, Missouri",MO,29,133,10516,18,3705,348,35.23,1846,236,1426,226,433,120
29135,"Moniteau County, Missouri",MO,29,135,14057,18,1871,229,13.31,1117,190,550,104,204,74
29137,"Monroe County, Missouri",MO,29,137,8577,26,1267,185,14.77,468,107,558,124,241,86
29139,"Montgomery County, Missouri",MO,29,139,11183,5,2154,212,19.26,1106,155,890,138,158,42
29141,"Morgan County, Missouri",MO,29,141,21394,7,4721,433,22.07,1870,287,2086,288,765,149
29143,"New Madrid County, Missouri",MO,29,143,15370,26,4911,327,31.95,2573,219,1864,218,474,108
29145,"Newton County, Missouri",MO,29,145,59505,26,12569,829,21.12,6902,566,4757,558,910,235
29147,"Nodaway County, Missouri",MO,29,147,19993,31,2670,280,13.35,1282,205,1019,166,369,95
29149,"Oregon County, Missouri",MO,29,149,8546,23,2460,299,28.79,1143,187,802,161,515,169
29151,"Osage County, Missouri",MO,29,151,13319,14,1467,195,11.01,731,142,575,120,161,59
29153,"Ozark County, Missouri",MO,29,153,8821,2,2277,254,25.81,1094,144,967,191,216,85
29155,"Pemiscot County, Missouri",MO,29,155,14743,24,5844,397,39.64,3257,268,2068,267,519,120
29157,"Perry County, Missouri",MO,29,157,18702,22,3427,352,18.32,1537,233,1526,245,364,98
29159,"Pettis County, Missouri",MO,29,159,42658,53,9569,634,22.43,5142,482,3585,387,842,140
29161,"Phelps County, Missouri",MO,29,161,44428,31,8759,715,19.72,3811,532,3928,417,1020,234
29163,"Pike County, Missouri",MO,29,163,15996,50,3350,357,20.94,1658,271,1497,223,195,64
29165,"Platte County, Missouri",MO,29,165,109101,223,8648,807,7.93,4656,622,3194,477,798,191
29167,"Polk County, Missouri",MO,29,167,31975,21,5820,550,18.2,2664,372,2387,351,769,202
29169,"Pulaski County, Missouri",MO,29,169,40316,569,7388,733,18.33,4148,579,2628,417,612,169
29171,"Putnam County, Missouri",MO,29,171,4574,2,973,195,21.27,402,141,463,124,108,53
29173,"Ralls County, Missouri",MO,29,173,10363,5,1617,247,15.6,780,156,752,188,85,33
29175,"Randolph County, Missouri",MO,29,175,22661,75,4996,494,22.05,2392,333,2004,319,600,176
29177,"Ray County, Missouri",MO,29,177,22935,7,3279,363,14.3,1596,246,1377,244,306,107
29179,"Reynolds County, Missouri",MO,29,179,5849,20,1402,169,23.97,619,83,631,138,152,51
29181,"Ripley County, Missouri",MO,29,181,10655,5,2973,279,27.9,1584,182,1022,191,367,91
29183,"St. Charles County, Missouri",MO,29,183,412563,97,30200,1291,7.32,14590,886,12644,824,2966,449
29185,"St. Clair County, Missouri",MO,29,185,9385,23,2034,243,21.67,865,182,803,124,366,103
29186,"Ste. Genevieve County, Missouri",MO,29,186,18131,11,2702,372,14.9,1314,267,1097,218,291,141
29187,"St. Francois County, Missouri",MO,29,187,62050,88,14651,968,23.61,7129,659,6350,673,1172,224
29189,"St. Louis County, Missouri",MO,29,189,984487,264,124346,3316,12.63,62114,2488,49383,1978,12849,944
29195,"Saline County, Missouri",MO,29,195,22860,11,4534,445,19.83,2113,270,1920,323,501,143
29197,"Schuyler County, Missouri",MO,29,197,4028,3,804,127,19.96,286,84,436,89,82,34
29199,"Scotland County, Missouri",MO,29,199,4655,14,479,120,10.29,222,72,196,88,61,37
29201,"Scott County, Missouri",MO,29,201,37486,21,8931,560,23.82,4692,406,3351,348,888,165
29203,"Shannon County, Missouri",MO,29,203,7121,14,1882,222,26.43,1025,163,674,140,183,57
29205,"Shelby County, Missouri",MO,29,205,5821,12,1258,151,21.61,670,120,470,85,118,34
29207,"Stoddard County, Missouri",MO,29,207,28114,23,7826,503,27.84,3856,293,3166,361,804,193
29209,"Stone County, Missouri",MO,29,209,31791,10,5682,431,17.87,2570,276,2317,284,795,171
29211,"Sullivan County, Missouri",MO,29,211,5737,7,1137,149,19.82,543,107,395,84,199,62
29213,"Taney County, Missouri",MO,29,213,56077,47,10991,670,19.6,6101,476,3930,440,960,168
29215,"Texas County, Missouri",MO,29,215,23639,68,5658,506,23.94,2851,401,2207,287,600,112
29217,"Vernon County, Missouri",MO,29,217,19283,22,4559,467,23.64,2277,289,1877,342,405,132
29219,"Warren County, Missouri",MO,29,219,37041,4,4267,527,11.52,2043,408,1775,301,449,144
29221,"Washington County, Missouri",MO,29,221,22504,30,6407,534,28.47,3182,367,2577,359,648,148
29223,"Wayne County, Missouri",MO,29,223,10691,12,3631,366,33.96,1507,209,1625,274,499,122
29225,"Webster County, Missouri",MO,29,225,39447,50,7410,719,18.78,3787,521,2908,465,715,173
29227,"Worth County, Missouri",MO,29,227,1902,7,409,69,21.5,263,48,105,39,41,30
29229,"Wright County, Missouri",MO,29,229,18795,6,5116,474,27.22,2484,324,1814,264,818,223
29510,"St. Louis city, Missouri",MO,29,510,284915,370,64642,1967,22.69,28858,1303,27235,1331,8549,633
30001,"Beaverhead County, Montana",MT,30,001,9520,38,2036,275,21.39,722,174,1187,206,127,52
30003,"Big Horn County, Montana",MT,30,003,12752,8,5737,370,44.99,3136,202,2385,299,216,80
30005,"Blaine County, Montana",MT,30,005,6858,30,2436,213,35.52,1158,149,1138,142,140,54
30007,"Broadwater County, Montana",MT,30,007,7609,19,1146,267,15.06,592,199,439,165,115,65
30009,"Carbon County, Montana",MT,30,009,11028,11,1958,287,17.75,866,185,846,184,246,120
30011,"Carter County, Montana",MT,30,011,1286,137,236,63,18.35,88,35,108,46,40,25
30013,"Cascade County, Montana",MT,30,013,80659,286,19401,858,24.05,8222,545,9420,607,1759,266
30015,"Chouteau County, Montana",MT,30,015,5823,45,2036,191,34.96,700,102,1068,134,268,91
30017,"Custer County, Montana",MT,30,017,11715,12,2719,265,23.21,986,145,1501,209,232,76
30019,"Daniels County, Montana",MT,30,019,1476,188,107,44,7.25,23,18,59,34,25,21
30021,"Dawson County, Montana",MT,30,021,8556,15,1697,312,19.83,731,220,679,184,287,124
30023,"Deer Lodge County, Montana",MT,30,023,9176,38,2479,318,27.02,437,125,1483,261,559,131
30025,"Fallon County, Montana",MT,30,025,2707,181,582,125,21.5,299,82,264,93,19,18
30027,"Fergus County, Montana",MT,30,027,11429,23,2560,300,22.4,1274,199,1027,208,259,85
30029,"Flathead County, Montana",MT,30,029,109754,58,21107,1117,19.23,9740,769,9195,705,2172,398
30031,"Gallatin County, Montana",MT,30,031,123548,78,16183,1031,13.1,7049,733,7798,684,1336,240
30033,"Garfield County, Montana",MT,30,033,1081,127,238,51,22.02,123,38,85,29,30,18
30035,"Glacier County, Montana",MT,30,035,13537,12,6127,449,45.26,2702,292,3044,324,381,107
30037,"Golden Valley County, Montana",MT,30,037,899,128,190,51,21.13,57,27,108,41,25,14
30039,"Granite County, Montana",MT,30,039,3429,10,641,121,18.69,193,55,339,93,109,55
30041,"Hill County, Montana",MT,30,041,16019,12,4976,371,31.06,2420,258,2223,251,333,89
30043,"Jefferson County, Montana",MT,30,043,12587,26,1955,266,15.53,731,157,983,197,241,84
30045,"Judith Basin County, Montana",MT,30,045,2069,4,509,85,24.6,241,63,188,49,80,29
30047,"Lake County, Montana",MT,30,047,32353,11,8027,486,24.81,3536,354,3767,305,724,133
30049,"Lewis and Clark County, Montana",MT,30,049,72424,163,13482,955,18.62,5208,649,6825,634,1449,299
30051,"Liberty County, Montana",MT,30,051,1923,2,736,114,38.27,339,76,385,85,12,8
30053,"Lincoln County, Montana",MT,30,053,20970,10,5291,480,25.23,2008,294,2476,335,807,178
30055,"McCone County, Montana",MT,30,055,1649,127,297,58,18.01,130,39,119,31,48,29
30057,"Madison County, Montana",MT,30,057,9169,2,1093,185,11.92,461,107,449,124,183,85
30059,"Meagher County, Montana",MT,30,059,1978,8,397,106,20.07,155,52,223,91,19,15
30061,"Mineral County, Montana",MT,30,061,4935,5,1377,152,27.9,624,94,619,107,134,53
30063,"Missoula County, Montana",MT,30,063,119823,100,20745,1204,17.31,7632,761,11030,877,2083,320
30065,"Musselshell County, Montana",MT,30,065,5125,173,1329,213,25.93,453,124,686,156,190,74
30067,"Park County, Montana",MT,30,067,17583,9,3062,378,17.41,962,204,1743,301,357,103
30069,"Petroleum County, Montana",MT,30,069,447,105,70,32,15.66,41,27,27,13,2,11
30071,"Phillips County, Montana",MT,30,071,4146,5,974,188,23.49,502,146,323,91,149,75
30073,"Pondera County, Montana",MT,30,073,5962,8,2333,172,39.13,1101,103,1129,133,103,35
30075,"Powder River County, Montana",MT,30,075,1761,135,373,83,21.18,147,49,160,50,66,45
30077,"Powell County, Montana",MT,30,077,5405,58,956,198,17.69,307,111,481,139,168,86
30079,"Prairie County, Montana",MT,30,079,1227,145,263,92,21.43,99,56,95,50,69,54
30081,"Ravalli County, Montana",MT,30,081,46481,25,10122,747,21.78,3720,461,5079,522,1323,270
30083,"Richland County, Montana",MT,30,083,11204,4,1985,312,17.72,679,193,1082,229,224,88
30085,"Roosevelt County, Montana",MT,30,085,10320,10,2833,313,27.45,1619,253,1107,180,107,42
30087,"Rosebud County, Montana",MT,30,087,8093,18,2169,254,26.8,1057,197,1001,155,111,41
30089,"Sanders County, Montana",MT,30,089,13158,41,3408,303,25.9,1250,162,1842,234,316,104
30091,"Sheridan County, Montana",MT,30,091,3608,188,735,128,20.37,307,76,359,98,69,31
30093,"Silver Bow County, Montana",MT,30,093,35080,82,8271,687,23.58,3264,401,4474,541,533,138
30095,"Stillwater County, Montana",MT,30,095,9100,35,1260,158,13.85,543,102,545,110,172,50
30097,"Sweet Grass County, Montana",MT,30,097,3688,7,514,126,13.94,251,103,180,62,83,38
30099,"Teton County, Montana",MT,30,099,6264,3,1431,173,22.84,763,124,572,109,96,51
30101,"Toole County, Montana",MT,30,101,4542,53,1229,165,27.06,587,105,590,125,52,24
30103,"Treasure County, Montana",MT,30,103,732,134,116,38,15.85,47,21,54,27,15,16
30105,"Valley County, Montana",MT,30,105,7414,36,1698,212,22.9,836,154,637,117,225,86
30107,"Wheatland County, Montana",MT,30,107,2029,7,426,127,21,118,56,238,108,70,38
30109,"Wibaux County, Montana",MT,30,109,1164,164,135,59,11.6,64,46,60,32,11,17
30111,"Yellowstone County, Montana",MT,30,111,166730,104,32829,1469,19.69,14163,1075,16002,932,2664,365
31001,"Adams County, Nebraska",NE,31,001,30847,33,6093,547,19.75,2979,383,2416,368,698,132
31003,"Antelope County, Nebraska",NE,31,003,6251,8,875,123,14,503,104,270,57,102,32
31005,"Arthur County, Nebraska",NE,31,005,484,99,94,29,19.42,43,19,39,21,12,8
31007,"Banner County, Nebraska",NE,31,007,742,131,66,29,8.89,36,23,27,13,3,11
31009,"Blaine County, Nebraska",NE,31,009,422,64,75,27,17.77,33,17,32,18,10,10
31011,"Boone County, Nebraska",NE,31,011,5268,10,825,117,15.66,407,90,341,71,77,24
31013,"Box Butte County, Nebraska",NE,31,013,10570,35,1774,372,16.78,932,300,674,198,168,97
31015,"Boyd County, Nebraska",NE,31,015,1661,92,362,54,21.79,192,38,134,35,36,16
31017,"Brown County, Nebraska",NE,31,017,2843,110,554,120,19.49,246,88,240,71,68,40
31019,"Buffalo County, Nebraska",NE,31,019,49822,51,7003,575,14.06,3607,433,2895,355,501,129
31021,"Burt County, Nebraska",NE,31,021,6653,8,958,138,14.4,395,101,410,79,153,51
31023,"Butler County, Nebraska",NE,31,023,8304,8,1175,187,14.15,647,147,433,104,95,51
31025,"Cass County, Nebraska",NE,31,025,26847,59,3062,348,11.41,1381,253,1413,225,268,80
31027,"Cedar County, Nebraska",NE,31,027,8196,19,1048,143,12.79,577,116,346,76,125,36
31029,"Chase County, Nebraska",NE,31,029,3600,179,381,75,10.58,220,55,84,37,77,36
31031,"Cherry County, Nebraska",NE,31,031,5448,19,931,190,17.09,432,132,268,96,231,98
31033,"Cheyenne County, Nebraska",NE,31,033,9439,13,1835,251,19.44,621,149,956,175,258,100
31035,"Clay County, Nebraska",NE,31,035,5993,22,706,93,11.78,310,66,307,61,89,25
31037,"Colfax County, Nebraska",NE,31,037,10577,6,1636,355,15.47,960,295,567,186,109,67
31039,"Cuming County, Nebraska",NE,31,039,8890,4,900,152,10.12,468,125,241,67,191,54
31041,"Custer County, Nebraska",NE,31,041,10398,20,1772,215,17.04,773,136,749,150,250,71
31043,"Dakota County, Nebraska",NE,31,043,21148,32,3965,442,18.75,2315,345,1438,264,212,82
31045,"Dawes County, Nebraska",NE,31,045,8070,12,1263,262,15.65,613,184,558,178,92,54
31047,"Dawson County, Nebraska",NE,31,047,24000,27,4136,393,17.23,2261,311,1305,214,570,110
31049,"Deuel County, Nebraska",NE,31,049,1839,161,419,66,22.78,184,38,189,51,46,17
31051,"Dixon County, Nebraska",NE,31,051,5459,21,728,117,13.34,403,96,232,58,93,32
31053,"Dodge County, Nebraska",NE,31,053,36895,54,6619,563,17.94,3498,407,2651,353,470,162
31055,"Douglas County, Nebraska",NE,31,055,584484,288,98174,2328,16.8,51139,1742,37611,1433,9424,576
31057,"Dundy County, Nebraska",NE,31,057,1708,180,348,94,20.37,150,80,151,41,47,28
31059,"Fillmore County, Nebraska",NE,31,059,5387,11,610,85,11.32,201,45,328,64,81,32
31061,"Franklin County, Nebraska",NE,31,061,2796,11,489,70,17.49,165,33,227,51,97,35
31063,"Frontier County, Nebraska",NE,31,063,2550,80,384,58,15.06,149,32,158,37,77,32
31065,"Furnas County, Nebraska",NE,31,065,4491,6,680,94,15.14,247,60,281,62,152,38
31067,"Gage County, Nebraska",NE,31,067,21378,24,4354,426,20.37,1545,253,2005,310,804,146
31069,"Garden County, Nebraska",NE,31,069,1735,166,438,75,25.24,166,50,207,51,65,24
31071,"Garfield County, Nebraska",NE,31,071,1656,124,146,46,8.82,62,30,64,31,20,16
31073,"Gosper County, Nebraska",NE,31,073,2011,156,254,72,12.63,122,56,85,40,47,20
31075,"Grant County, Nebraska",NE,31,075,626,88,72,26,11.5,52,23,14,11,6,5
31077,"Greeley County, Nebraska",NE,31,077,2172,3,400,65,18.42,184,46,184,42,32,17
31079,"Hall County, Nebraska",NE,31,079,61878,74,11821,822,19.1,6228,627,4458,472,1135,246
31081,"Hamilton County, Nebraska",NE,31,081,9314,18,1068,220,11.47,537,181,323,90,208,87
31083,"Harlan County, Nebraska",NE,31,083,2804,156,400,70,14.27,143,46,153,41,104,33
31085,"Hayes County, Nebraska",NE,31,085,843,81,114,41,13.52,46,30,54,27,14,9
31087,"Hitchcock County, Nebraska",NE,31,087,2541,10,419,61,16.49,208,43,155,40,56,18
31089,"Holt County, Nebraska",NE,31,089,9992,11,1850,240,18.51,957,163,676,163,217,67
31091,"Hooker County, Nebraska",NE,31,091,623,74,20,26,3.21,0,14,17,21,3,4
31093,"Howard County, Nebraska",NE,31,093,6464,11,722,114,11.17,315,80,286,70,121,42
31095,"Jefferson County, Nebraska",NE,31,095,7060,5,1446,231,20.48,535,147,564,137,347,114
31097,"Johnson County, Nebraska",NE,31,097,4287,33,802,118,18.71,372,83,360,79,70,29
31099,"Kearney County, Nebraska",NE,31,099,6651,5,819,148,12.31,463,115,255,83,101,41
31101,"Keith County, Nebraska",NE,31,101,8152,33,1220,195,14.97,515,143,486,120,219,57
31103,"Keya Paha County, Nebraska",NE,31,103,822,111,152,55,18.49,63,42,67,32,22,17
31105,"Kimball County, Nebraska",NE,31,105,3181,171,816,156,25.65,357,92,310,103,149,72
31107,"Knox County, Nebraska",NE,31,107,8216,11,1530,145,18.62,736,103,524,89,270,51
31109,"Lancaster County, Nebraska",NE,31,109,321844,316,46898,1823,14.57,22674,1290,19745,1194,4479,484
31111,"Lincoln County, Nebraska",NE,31,111,33428,15,6118,599,18.3,2885,407,2528,407,705,166
31113,"Logan County, Nebraska",NE,31,113,773,85,79,25,10.22,39,21,31,12,9,6
31115,"Loup County, Nebraska",NE,31,115,578,95,90,30,15.57,48,23,34,18,8,7
31117,"McPherson County, Nebraska",NE,31,117,475,78,62,20,13.05,28,13,30,15,4,4
31119,"Madison County, Nebraska",NE,31,119,34902,46,5566,492,15.95,2634,332,2233,332,699,148
31121,"Merrick County, Nebraska",NE,31,121,7629,11,1049,158,13.75,393,88,477,120,179,52
31123,"Morrill County, Nebraska",NE,31,123,4434,10,760,128,17.14,430,95,274,80,56,32
31125,"Nance County, Nebraska",NE,31,125,3253,4,476,80,14.63,237,57,165,43,74,36
31127,"Nemaha County, Nebraska",NE,31,127,6961,22,1000,188,14.37,470,137,454,121,76,43
31129,"Nuckolls County, Nebraska",NE,31,129,4037,6,537,111,13.3,228,85,235,63,74,33
31131,"Otoe County, Nebraska",NE,31,131,16053,6,2169,314,13.51,1001,241,1029,196,139,43
31133,"Pawnee County, Nebraska",NE,31,133,2494,4,349,63,13.99,166,47,144,38,39,19
31135,"Perkins County, Nebraska",NE,31,135,2790,5,388,76,13.91,219,62,120,37,49,24
31137,"Phelps County, Nebraska",NE,31,137,8808,25,1251,211,14.2,548,146,542,138,161,63
31139,"Pierce County, Nebraska",NE,31,139,7220,20,730,136,10.11,391,109,247,74,92,34
31141,"Platte County, Nebraska",NE,31,141,34460,16,6285,607,18.24,3619,460,1981,322,685,230
31143,"Polk County, Nebraska",NE,31,143,5145,11,659,99,12.81,343,79,239,54,77,25
31145,"Red Willow County, Nebraska",NE,31,145,10337,14,1460,284,14.12,861,212,430,170,169,84
31147,"Richardson County, Nebraska",NE,31,147,7616,4,1298,192,17.04,574,129,562,130,162,56
31149,"Rock County, Nebraska",NE,31,149,1294,93,197,45,15.22,66,31,71,25,60,22
31151,"Saline County, Nebraska",NE,31,151,14383,24,2113,359,14.69,1115,288,704,195,294,89
31153,"Sarpy County, Nebraska",NE,31,153,192799,431,19813,1161,10.28,10489,867,7226,722,2098,274
31155,"Saunders County, Nebraska",NE,31,155,22750,61,2108,257,9.27,839,170,873,167,396,96
31157,"Scotts Bluff County, Nebraska",NE,31,157,35216,27,6539,516,18.57,3309,365,2334,320,896,175
31159,"Seward County, Nebraska",NE,31,159,17395,25,1643,225,9.45,893,167,617,141,133,52
31161,"Sheridan County, Nebraska",NE,31,161,4885,31,844,114,17.28,384,81,338,70,122,39
31163,"Sherman County, Nebraska",NE,31,163,2916,2,429,85,14.71,183,62,194,54,52,23
31165,"Sioux County, Nebraska",NE,31,165,1171,167,173,55,14.77,88,38,56,37,29,16
31167,"Stanton County, Nebraska",NE,31,167,5733,6,467,89,8.15,261,68,118,45,88,35
31169,"Thayer County, Nebraska",NE,31,169,4803,11,737,97,15.34,345,75,285,51,107,33
31171,"Thomas County, Nebraska",NE,31,171,564,54,37,15,6.56,8,6,21,12,8,6
31173,"Thurston County, Nebraska",NE,31,173,6534,10,2265,127,34.66,1519,91,651,83,95,30
31175,"Valley County, Nebraska",NE,31,175,4017,94,793,124,19.74,360,95,343,73,90,33
31177,"Washington County, Nebraska",NE,31,177,20918,45,1710,283,8.17,559,195,808,161,343,127
31179,"Wayne County, Nebraska",NE,31,179,9800,8,1254,238,12.8,515,161,573,158,166,77
31181,"Webster County, Nebraska",NE,31,181,3284,13,516,73,15.71,231,52,207,44,78,25
31183,"Wheeler County, Nebraska",NE,31,183,847,123,78,32,9.21,26,23,41,21,11,8
31185,"York County, Nebraska",NE,31,185,13820,51,2233,292,16.16,1125,212,893,188,215,72
32001,"Churchill County, Nevada",NV,32,001,24494,257,4762,570,19.44,1980,390,2113,367,669,195
32003,"Clark County, Nevada",NV,32,003,2304537,893,485910,6062,21.08,211176,3870,226891,4391,47843,1577
32005,"Douglas County, Nevada",NV,32,005,49448,51,5984,577,12.1,1918,325,2617,416,1449,233
32007,"Elko County, Nevada",NV,32,007,53422,166,9069,910,16.98,4073,593,3979,632,1017,276
32009,"Esmeralda County, Nevada",NV,32,009,1022,258,197,121,19.28,72,85,116,84,9,20
32011,"Eureka County, Nevada",NV,32,011,1579,258,393,173,24.89,176,137,208,103,9,21
32013,"Humboldt County, Nevada",NV,32,013,17134,22,3044,433,17.77,1429,307,1083,245,532,182
32015,"Lander County, Nevada",NV,32,015,5744,8,1251,329,21.78,635,267,568,189,48,38
32017,"Lincoln County, Nevada",NV,32,017,4069,34,452,161,11.11,86,64,246,120,120,86
32019,"Lyon County, Nevada",NV,32,019,61224,139,11836,916,19.33,4110,581,6041,629,1685,326
32021,"Mineral County, Nevada",NV,32,021,4459,11,1042,246,23.37,461,170,514,175,67,34
32023,"Nye County, Nevada",NV,32,023,53253,46,14119,1039,26.51,4645,664,7479,700,1995,386
32027,"Pershing County, Nevada",NV,32,027,4748,51,1128,256,23.76,418,135,614,207,96,67
32029,"Storey County, Nevada",NV,32,029,4119,31,564,164,13.69,212,114,249,99,103,65
32031,"Washoe County, Nevada",NV,32,031,493994,254,75638,2419,15.31,32308,1717,34405,1570,8925,661
32033,"White Pine County, Nevada",NV,32,033,7390,85,1175,258,15.9,365,162,590,156,220,127
32510,"Carson City, Nevada",NV,32,510,55580,129,8734,820,15.71,3670,557,4184,568,880,197
33001,"Belknap County, New Hampshire",NH,33,001,63766,122,9135,714,14.33,4058,451,4433,527,644,168
33003,"Carroll County, New Hampshire",NH,33,003,51403,30,8644,674,16.82,3828,351,4022,537,794,206
33005,"Cheshire County, New Hampshire",NH,33,005,76652,48,11403,757,14.88,4795,477,5302,537,1306,240
33007,"Coos County, New Hampshire",NH,33,007,29338,113,6363,501,21.69,2317,275,3333,392,713,149
33009,"Grafton County, New Hampshire",NH,33,009,91320,23,13290,813,14.55,5391,480,6444,606,1455,251
33011,"Hillsborough County, New Hampshire",NH,33,011,422365,220,52506,1896,12.43,23293,1161,24054,1406,5159,520
33013,"Merrimack County, New Hampshire",NH,33,013,152732,141,21605,1193,14.15,8750,794,10791,832,2064,317
33015,"Rockingham County, New Hampshire",NH,33,015,316897,167,27620,1404,8.72,10858,926,13282,951,3480,458
33017,"Strafford County, New Hampshire",NH,33,017,130845,163,18695,1322,14.29,7270,834,9388,959,2037,365
33019,"Sullivan County, New Hampshire",NH,33,019,43240,82,9132,767,21.12,3758,445,4773,610,601,136
34001,"Atlantic County, New Jersey",NJ,34,001,273245,301,64605,2238,23.64,27229,1385,31386,1648,5990,612
34003,"Bergen County, New Jersey",NJ,34,003,956403,236,122099,2998,12.77,43268,1896,57700,2081,21131,1032
34005,"Burlington County, New Jersey",NJ,34,005,454327,731,61850,2030,13.61,23925,1238,30717,1501,7208,579
34007,"Camden County, New Jersey",NJ,34,007,522446,379,120359,2820,23.04,48948,1766,58372,1984,13039,948
34009,"Cape May County, New Jersey",NJ,34,009,93415,346,13623,943,14.58,4925,553,6195,669,2503,369
34011,"Cumberland County, New Jersey",NJ,34,011,145378,663,43656,1670,30.03,21024,1147,18380,1134,4252,431
34013,"Essex County, New Jersey",NJ,34,013,852534,277,208171,3782,24.42,89230,2350,96520,2671,22421,1284
34015,"Gloucester County, New Jersey",NJ,34,015,305642,166,49050,2002,16.05,19081,1340,24868,1364,5101,593
34017,"Hudson County, New Jersey",NJ,34,017,714287,384,167317,3441,23.42,70372,2124,75153,2433,21792,1186
34019,"Hunterdon County, New Jersey",NJ,34,019,128144,151,9390,767,7.33,2996,448,4642,567,1752,256
34021,"Mercer County, New Jersey",NJ,34,021,381448,206,68952,2469,18.08,31945,1729,29061,1646,7946,631
34023,"Middlesex County, New Jersey",NJ,34,023,863955,264,136896,3242,15.85,56970,2055,61787,2280,18139,1043
34025,"Monmouth County, New Jersey",NJ,34,025,641457,167,73309,2375,11.43,27778,1491,35422,1703,10109,719
34027,"Morris County, New Jersey",NJ,34,027,510581,198,42118,1717,8.25,13925,1067,20035,1156,8158,689
34029,"Ocean County, New Jersey",NJ,34,029,649228,160,154257,3522,23.76,81755,2720,60707,2107,11795,751
34031,"Passaic County, New Jersey",NJ,34,031,518083,189,147220,2778,28.42,64817,1721,66377,1930,16026,1016
34033,"Salem County, New Jersey",NJ,34,033,64191,121,15629,860,24.35,6471,575,7911,605,1247,209
34035,"Somerset County, New Jersey",NJ,34,035,347251,138,33245,1791,9.57,13835,1307,14059,1116,5351,503
34037,"Sussex County, New Jersey",NJ,34,037,144850,88,17066,950,11.78,6418,612,8863,682,1785,250
34039,"Union County, New Jersey",NJ,34,039,576507,100,108997,2799,18.91,50455,1822,45975,1959,12567,824
34041,"Warren County, New Jersey",NJ,34,041,110083,73,15330,929,13.93,5599,573,7792,666,1939,303
35001,"Bernalillo County, New Mexico",NM,35,001,665931,546,192009,3658,28.83,73298,2305,100364,2674,18347,957
35003,"Catron County, New Mexico",NM,35,003,3737,8,1321,302,35.35,194,92,842,251,285,140
35005,"Chaves County, New Mexico",NM,35,005,62929,111,26105,1158,41.48,10847,789,12953,792,2305,302
35006,"Cibola County, New Mexico",NM,35,006,25412,84,12603,877,49.59,5159,482,6301,689,1143,250
35007,"Colfax County, New Mexico",NM,35,007,11674,79,4280,376,36.66,1429,186,2398,293,453,145
35009,"Curry County, New Mexico",NM,35,009,43570,528,16830,1028,38.63,7637,681,7922,733,1271,236
35011,"De Baca County, New Mexico",NM,35,011,1562,167,437,150,27.98,69,58,268,121,100,67
35013,"Doña Ana County, New Mexico",NM,35,013,220768,344,80741,2456,36.57,35276,1452,38783,1856,6682,692
35015,"Eddy County, New Mexico",NM,35,015,60429,58,16058,1210,26.57,6900,906,7529,742,1629,304
35017,"Grant County, New Mexico",NM,35,017,27324,24,10113,708,37.01,3490,368,5171,521,1452,308
35019,"Guadalupe County, New Mexico",NM,35,019,3978,76,2008,276,50.48,805,173,999,197,204,87
35021,"Harding County, New Mexico",NM,35,021,738,170,120,48,16.26,56,33,36,24,28,25
35023,"Hidalgo County, New Mexico",NM,35,023,3977,43,1584,175,39.83,750,104,676,122,158,71
35025,"Lea County, New Mexico",NM,35,025,72049,149,25853,1356,35.88,13322,877,11071,993,1460,290
35027,"Lincoln County, New Mexico",NM,35,027,20084,24,5908,552,29.42,2316,300,2898,408,694,219
35028,"Los Alamos County, New Mexico",NM,35,028,19251,86,1540,329,8,428,179,944,261,168,90
35029,"Luna County, New Mexico",NM,35,029,25272,45,13464,855,53.28,6061,553,5700,564,1703,327
35031,"McKinley County, New Mexico",NM,35,031,69824,109,40068,943,57.38,15699,532,20479,737,3890,251
35033,"Mora County, New Mexico",NM,35,033,4149,1,1633,353,39.36,708,195,628,271,297,114
35035,"Otero County, New Mexico",NM,35,035,62198,463,21768,1102,35,9253,603,10445,879,2070,280
35037,"Quay County, New Mexico",NM,35,037,8504,13,3291,393,38.7,1139,219,1839,307,313,111
35039,"Rio Arriba County, New Mexico",NM,35,039,39990,20,12926,730,32.32,5964,488,5656,470,1306,272
35041,"Roosevelt County, New Mexico",NM,35,041,18434,171,7610,667,41.28,3901,476,2912,416,797,212
35043,"Sandoval County, New Mexico",NM,35,043,152764,185,41195,1590,26.97,16348,1002,21109,1176,3738,375
35045,"San Juan County, New Mexico",NM,35,045,119811,90,49649,1484,41.44,20653,952,24539,1049,4457,442
35047,"San Miguel County, New Mexico",NM,35,047,26446,23,10663,735,40.32,3810,310,5532,606,1321,277
35049,"Santa Fe County, New Mexico",NM,35,049,154592,194,38125,1438,24.66,14723,794,18551,1109,4851,457
35051,"Sierra County, New Mexico",NM,35,051,11281,18,4188,536,37.12,1100,335,2173,358,915,216
35053,"Socorro County, New Mexico",NM,35,053,15948,28,6682,988,41.9,2196,708,3276,607,1210,326
35055,"Taos County, New Mexico",NM,35,055,34326,30,11192,872,32.61,3693,348,5739,714,1760,360
35057,"Torrance County, New Mexico",NM,35,057,15388,18,5937,522,38.58,2268,290,3132,406,537,154
35059,"Union County, New Mexico",NM,35,059,3543,415,1342,255,37.88,468,149,739,199,135,56
35061,"Valencia County, New Mexico",NM,35,061,76674,166,29720,1339,38.76,12427,845,14724,974,2569,361
36001,"Albany County, New York",NY,36,001,313677,209,63899,2047,20.37,20717,1103,36090,1613,7092,611
36003,"Allegany County, New York",NY,36,003,46647,12,12745,498,27.32,4620,302,6730,369,1395,144
36005,"Bronx County, New York",NY,36,005,1388686,1506,729697,6304,52.55,254585,3556,388095,4805,87017,2001
36007,"Broome County, New York",NY,36,007,194580,103,55761,1718,28.66,19928,944,30534,1366,5299,440
36009,"Cattaraugus County, New York",NY,36,009,75333,48,24381,735,32.36,8915,447,13147,539,2319,223
36011,"Cayuga County, New York",NY,36,011,72389,124,19584,832,27.05,7261,434,10095,652,2228,282
36013,"Chautauqua County, New York",NY,36,013,123750,72,39907,1340,32.25,14244,757,21628,1039,4035,379
36015,"Chemung County, New York",NY,36,015,79961,108,23318,935,29.16,8707,522,11494,681,3117,371
36017,"Chenango County, New York",NY,36,017,45813,16,14015,641,30.59,5114,359,7120,482,1781,222
36019,"Clinton County, New York",NY,36,019,75608,159,18483,936,24.45,6587,532,10047,714,1849,289
36021,"Columbia County, New York",NY,36,021,60040,37,14391,871,23.97,4132,451,8330,686,1929,290
36023,"Cortland County, New York",NY,36,023,45814,34,11866,684,25.9,3718,349,6942,565,1206,163
36025,"Delaware County, New York",NY,36,025,44053,23,11938,663,27.1,3564,334,6864,525,1510,229
36027,"Dutchess County, New York",NY,36,027,291933,177,51088,1947,17.5,15452,1183,29279,1454,6357,527
36029,"Erie County, New York",NY,36,029,943063,150,245183,3925,26,87333,2220,131795,3027,26055,1146
36031,"Essex County, New York",NY,36,031,35360,58,8347,476,23.61,2758,269,4385,354,1204,171
36033,"Franklin County, New York",NY,36,033,44079,106,12663,765,28.73,4335,402,6990,616,1338,210
36035,"Fulton County, New York",NY,36,035,51723,47,16195,775,31.31,5628,478,8968,568,1599,224
36037,"Genesee County, New York",NY,36,037,57107,29,12916,738,22.62,4375,432,7095,545,1446,246
36039,"Greene County, New York",NY,36,039,45152,73,11178,733,24.76,3256,360,6090,570,1832,289
36041,"Hamilton County, New York",NY,36,041,5082,7,1162,147,22.87,239,41,723,115,200,81
36043,"Herkimer County, New York",NY,36,043,59216,16,15754,814,26.6,6038,455,7795,602,1921,305
36045,"Jefferson County, New York",NY,36,045,103251,528,26888,1328,26.04,10524,808,13826,1015,2538,286
36047,"Kings County, New York",NY,36,047,2617419,517,1016509,8066,38.84,356052,4995,511649,5852,148808,2422
36049,"Lewis County, New York",NY,36,049,26322,57,7550,424,28.68,2692,245,3984,327,874,113
36051,"Livingston County, New York",NY,36,051,60209,59,13146,729,21.83,4774,463,6856,513,1516,231
36053,"Madison County, New York",NY,36,053,66813,66,14091,613,21.09,4597,359,8003,467,1491,170
36055,"Monroe County, New York",NY,36,055,747081,144,187209,3032,25.06,67302,1939,100009,2153,19898,893
36057,"Montgomery County, New York",NY,36,057,48809,38,14425,699,29.55,5531,438,7344,500,1550,217
36059,"Nassau County, New York",NY,36,059,1381085,248,212304,4071,15.37,66395,2500,110233,2855,35676,1475
36061,"New York County, New York",NY,36,061,1621713,178,381151,6068,23.5,85641,3037,213167,4520,82343,2678
36063,"Niagara County, New York",NY,36,063,209052,97,55289,1674,26.45,19198,944,29564,1193,6527,698
36065,"Oneida County, New York",NY,36,065,222862,244,68684,1540,30.82,26774,940,35129,1107,6781,511
36067,"Onondaga County, New York",NY,36,067,465865,194,116985,2297,25.11,44877,1492,60430,1635,11678,615
36069,"Ontario County, New York",NY,36,069,111750,57,22680,1008,20.3,8311,672,11399,686,2970,306
36071,"Orange County, New York",NY,36,071,399014,382,116906,2588,29.3,53441,1808,54519,1680,8946,780
36073,"Orleans County, New York",NY,36,073,37904,118,9542,653,25.17,3126,333,5199,528,1217,190
36075,"Oswego County, New York",NY,36,075,117149,87,33476,1115,28.58,12930,684,17561,830,2985,294
36077,"Otsego County, New York",NY,36,077,59585,118,13712,706,23.01,3751,345,8292,586,1669,189
36079,"Putnam County, New York",NY,36,079,97654,95,13666,1012,13.99,4047,593,7814,754,1805,323
36081,"Queens County, New York",NY,36,081,2309688,228,761993,6927,32.99,239178,3973,410694,5083,112121,2521
36083,"Rensselaer County, New York",NY,36,083,158872,92,36346,1407,22.88,13624,861,19093,1011,3629,464
36085,"Richmond County, New York",NY,36,085,491571,132,119399,3005,24.29,40135,1857,64411,2189,14853,888
36087,"Rockland County, New York",NY,36,087,340119,74,121801,2448,35.81,62078,1559,51455,1747,8268,716
36089,"St. Lawrence County, New York",NY,36,089,104814,94,27877,1139,26.6,9658,683,14871,832,3348,371
36091,"Saratoga County, New York",NY,36,091,236913,234,36949,1584,15.6,12128,919,20018,1221,4803,415
36093,"Schenectady County, New York",NY,36,093,158892,65,37979,1439,23.9,14003,850,19833,1085,4143,415
36095,"Schoharie County, New York",NY,36,095,29945,14,7465,482,24.93,2461,267,3959,351,1045,194
36097,"Schuyler County, New York",NY,36,097,17448,61,5013,377,28.73,1443,204,2955,284,615,141
36099,"Seneca County, New York",NY,36,099,31415,52,7751,480,24.67,2580,287,4093,334,1078,190
36101,"Steuben County, New York",NY,36,101,91684,24,24887,873,27.14,9207,533,12824,640,2856,262
36103,"Suffolk County, New York",NY,36,103,1520681,252,252576,4831,16.61,85464,3016,132089,3461,35023,1503
36105,"Sullivan County, New York",NY,36,105,77508,154,25162,1171,32.46,9602,610,12857,925,2703,378
36107,"Tioga County, New York",NY,36,107,47481,9,12547,779,26.43,4591,463,6770,588,1186,217
36109,"Tompkins County, New York",NY,36,109,103775,43,19164,1185,18.47,6309,738,11160,890,1695,262
36111,"Ulster County, New York",NY,36,111,178973,79,42153,1583,23.55,13558,871,23584,1205,5011,543
36113,"Warren County, New York",NY,36,113,64873,84,15250,825,23.51,5257,502,7648,581,2345,303
36115,"Washington County, New York",NY,36,115,58080,92,15175,847,26.13,5327,457,8156,652,1692,288
36117,"Wayne County, New York",NY,36,117,90297,39,20695,1010,22.92,7129,632,11045,691,2521,379
36119,"Westchester County, New York",NY,36,119,989303,281,187843,3821,18.99,62371,2283,98838,2826,26634,1183
36121,"Wyoming County, New York",NY,36,121,36663,164,8532,544,23.27,2992,338,4439,387,1101,179
36123,"Yates County, New York",NY,36,123,24228,28,4899,390,20.22,1551,246,2723,280,625,115
37001,"Alamance County, North Carolina",NC,37,001,175945,63,35756,1445,20.32,19631,974,12819,1008,3306,350
37003,"Alexander County, North Carolina",NC,37,003,34909,109,7923,746,22.7,3907,484,3054,497,962,273
37005,"Alleghany County, North Carolina",NC,37,005,11077,6,2373,278,21.42,1100,181,842,168,431,128
37007,"Anson County, North Carolina",NC,37,007,20645,549,6535,475,31.65,3406,267,2384,345,745,189
37009,"Ashe County, North Carolina",NC,37,009,26651,19,5604,513,21.03,2536,365,2170,314,898,176
37011,"Avery County, North Carolina",NC,37,011,16072,97,2885,326,17.95,1295,185,1155,246,435,106
37013,"Beaufort County, North Carolina",NC,37,013,44141,16,11129,670,25.21,5385,429,4067,444,1677,260
37015,"Bertie County, North Carolina",NC,37,015,15697,83,3828,382,24.39,1570,203,1455,260,803,192
37017,"Bladen County, North Carolina",NC,37,017,29287,31,8557,619,29.22,3997,407,3235,398,1325,244
37019,"Brunswick County, North Carolina",NC,37,019,151598,94,21992,1224,14.51,9918,810,8618,835,3456,382
37021,"Buncombe County, North Carolina",NC,37,021,270658,193,43373,1992,16.03,18133,1212,19426,1415,5814,706
37023,"Burke County, North Carolina",NC,37,023,85624,70,18011,1039,21.03,8736,664,6750,658,2525,453
37025,"Cabarrus County, North Carolina",NC,37,025,234403,222,42466,1966,18.12,23002,1401,15956,1286,3508,498
37027,"Caldwell County, North Carolina",NC,37,027,79793,58,18493,1136,23.18,8443,688,7410,781,2640,454
37029,"Camden County, North Carolina",NC,37,029,10818,80,1032,263,9.54,417,177,401,173,214,89
37031,"Carteret County, North Carolina",NC,37,031,67663,174,10717,725,15.84,4371,475,4407,475,1939,274
37033,"Caswell County, North Carolina",NC,37,033,21269,82,5593,507,26.3,2292,286,2383,367,918,202
37035,"Catawba County, North Carolina",NC,37,035,162089,67,31323,1380,19.32,17626,1046,10614,798,3083,416
37037,"Chatham County, North Carolina",NC,37,037,79421,71,9364,845,11.79,5110,607,3260,554,994,197
37039,"Cherokee County, North Carolina",NC,37,039,29279,50,5770,428,19.71,3056,316,2042,256,672,133
37041,"Chowan County, North Carolina",NC,37,041,13615,9,3560,472,26.15,1783,353,1520,296,257,103
37043,"Clay County, North Carolina",NC,37,043,11502,3,1772,365,15.41,778,285,532,171,462,152
37045,"Cleveland County, North Carolina",NC,37,045,100301,89,26629,1361,26.55,13078,919,10649,934,2902,368
37047,"Columbus County, North Carolina",NC,37,047,47979,118,14131,740,29.45,6613,472,5836,501,1682,271
37049,"Craven County, North Carolina",NC,37,049,95704,452,20186,1004,21.09,9845,654,8059,702,2282,296
37051,"Cumberland County, North Carolina",NC,37,051,302412,961,80434,1749,26.6,40211,1235,31660,1110,8563,548
37053,"Currituck County, North Carolina",NC,37,053,29967,196,3454,416,11.53,1547,277,1427,286,480,121
37055,"Dare County, North Carolina",NC,37,055,37628,63,3800,489,10.1,1721,351,1400,295,679,170
37057,"Davidson County, North Carolina",NC,37,057,171362,121,34248,1605,19.99,18235,1166,12874,999,3139,466
37059,"Davie County, North Carolina",NC,37,059,43733,103,6955,658,15.9,3084,403,2702,456,1169,251
37061,"Duplin County, North Carolina",NC,37,061,48914,101,12399,685,25.35,6937,440,4115,471,1347,231
37063,"Durham County, North Carolina",NC,37,063,328093,274,49759,2252,15.17,27023,1577,17786,1489,4950,608
37065,"Edgecombe County, North Carolina",NC,37,065,48122,52,15084,872,31.35,7762,528,5733,646,1589,253
37067,"Forsyth County, North Carolina",NC,37,067,386919,669,79150,2270,20.46,43297,1590,28014,1484,7839,649
37069,"Franklin County, North Carolina",NC,37,069,73363,115,15437,983,21.04,7082,634,6497,669,1858,342
37071,"Gaston County, North Carolina",NC,37,071,232768,153,49810,1760,21.4,25795,1155,18990,1263,5025,412
37073,"Gates County, North Carolina",NC,37,073,10274,41,2164,371,21.06,986,272,869,222,309,121
37075,"Graham County, North Carolina",NC,37,075,7929,30,2280,331,28.76,972,222,1071,227,237,94
37077,"Granville County, North Carolina",NC,37,077,56981,799,12472,921,21.89,6234,608,4762,642,1476,256
37079,"Greene County, North Carolina",NC,37,079,18029,105,5319,538,29.5,2569,332,2258,403,492,131
37081,"Guilford County, North Carolina",NC,37,081,543718,335,111048,3170,20.42,57144,2244,42921,2063,10983,872
37083,"Halifax County, North Carolina",NC,37,083,46573,67,15737,901,33.79,6639,520,6693,671,2405,301
37085,"Harnett County, North Carolina",NC,37,085,133025,466,27877,1382,20.96,13789,1043,11141,846,2947,327
37087,"Haywood County, North Carolina",NC,37,087,62109,73,12340,894,19.87,5104,559,5180,620,2056,320
37089,"Henderson County, North Carolina",NC,37,089,117443,29,21704,1093,18.48,11511,782,7847,707,2346,287
37091,"Hertford County, North Carolina",NC,37,091,19205,107,6086,377,31.69,2815,224,2416,257,855,160
37093,"Hoke County, North Carolina",NC,37,093,50252,403,12708,745,25.29,6404,512,5252,508,1052,186
37095,"Hyde County, North Carolina",NC,37,095,3909,389,948,233,24.25,545,179,344,142,59,48
37097,"Iredell County, North Carolina",NC,37,097,195135,322,31099,1514,15.94,15978,1070,12270,1011,2851,353
37099,"Jackson County, North Carolina",NC,37,099,43532,35,8588,724,19.73,4440,449,3578,545,570,158
37101,"Johnston County, North Carolina",NC,37,101,232500,162,44393,1971,19.09,25499,1440,15046,1272,3848,439
37103,"Jones County, North Carolina",NC,37,103,9152,59,2183,265,23.85,1040,194,744,152,399,97
37105,"Lee County, North Carolina",NC,37,105,64823,98,14397,949,22.21,8494,724,4681,561,1222,250
37107,"Lenoir County, North Carolina",NC,37,107,54034,102,17399,895,32.2,7650,521,7029,625,2720,372
37109,"Lincoln County, North Carolina",NC,37,109,92127,54,15167,1341,16.46,7747,977,5819,871,1601,290
37111,"McDowell County, North Carolina",NC,37,111,43645,34,10467,762,23.98,5123,513,4224,507,1120,245
37113,"Macon County, North Carolina",NC,37,113,37722,41,6633,610,17.58,3532,427,2134,377,967,217
37115,"Madison County, North Carolina",NC,37,115,21625,51,4205,422,19.45,2031,247,1660,297,514,170
37117,"Martin County, North Carolina",NC,37,117,21496,7,5127,503,23.85,2349,310,1929,343,849,197
37119,"Mecklenburg County, North Carolina",NC,37,119,1148645,372,174677,3873,15.21,98420,2685,60991,2652,15266,870
37121,"Mitchell County, North Carolina",NC,37,121,14914,9,2882,377,19.32,1053,227,1272,254,557,161
37123,"Montgomery County, North Carolina",NC,37,123,25352,40,6765,571,26.68,3226,366,2742,401,797,178
37125,"Moore County, North Carolina",NC,37,125,100110,462,14647,980,14.63,6622,685,5861,621,2164,325
37127,"Nash County, North Carolina",NC,37,127,95171,59,19947,1197,20.96,9800,834,7649,777,2498,367
37129,"New Hanover County, North Carolina",NC,37,129,233153,235,32922,1558,14.12,14941,1019,13746,1054,4235,526
37131,"Northampton County, North Carolina",NC,37,131,16470,21,4473,314,27.16,1988,180,1470,179,1015,184
37133,"Onslow County, North Carolina",NC,37,133,167775,1108,35791,1877,21.33,18823,1480,14356,1108,2612,326
37135,"Orange County, North Carolina",NC,37,135,148842,58,13990,953,9.4,7315,694,5194,594,1481,271
37137,"Pamlico County, North Carolina",NC,37,137,11628,46,2358,255,20.28,1047,177,889,152,422,104
37139,"Pasquotank County, North Carolina",NC,37,139,39304,216,8338,772,21.21,4226,617,3055,417,1057,204
37141,"Pender County, North Carolina",NC,37,141,63795,228,11782,894,18.47,5537,556,4872,648,1373,266
37143,"Perquimans County, North Carolina",NC,37,143,13211,22,2610,322,19.76,1176,231,693,156,741,162
37145,"Person County, North Carolina",NC,37,145,39262,5,9571,836,24.38,4327,499,3821,581,1423,334
37147,"Pitt County, North Carolina",NC,37,147,175326,313,34508,1592,19.68,16314,1040,14480,1107,3714,478
37149,"Polk County, North Carolina",NC,37,149,19582,12,3253,313,16.61,1370,200,1158,202,725,132
37151,"Randolph County, North Carolina",NC,37,151,145194,33,34075,1509,23.47,18547,1072,12782,988,2746,390
37153,"Richmond County, North Carolina",NC,37,153,41370,78,14281,855,34.52,7205,524,5545,619,1531,272
37155,"Robeson County, North Carolina",NC,37,155,115143,111,40795,867,35.43,22682,531,14778,624,3335,283
37157,"Rockingham County, North Carolina",NC,37,157,91241,46,24193,1303,26.52,11031,832,10508,931,2654,374
37159,"Rowan County, North Carolina",NC,37,159,147555,124,34631,1681,23.47,17189,1101,14693,1205,2749,400
37161,"Rutherford County, North Carolina",NC,37,161,63916,22,14918,864,23.34,7391,575,5782,562,1745,317
37163,"Sampson County, North Carolina",NC,37,163,58429,134,15597,856,26.69,9296,641,4599,499,1702,270
37165,"Scotland County, North Carolina",NC,37,165,31725,116,11196,494,35.29,5933,310,4459,360,804,137
37167,"Stanly County, North Carolina",NC,37,167,63337,73,13436,754,21.21,7151,571,4987,449,1298,204
37169,"Stokes County, North Carolina",NC,37,169,44635,60,9888,719,22.15,4524,441,4062,508,1302,254
37171,"Surry County, North Carolina",NC,37,171,70585,279,15976,893,22.63,7646,662,6176,528,2154,283
37173,"Swain County, North Carolina",NC,37,173,13776,8,3193,328,23.18,1690,216,1247,232,256,85
37175,"Transylvania County, North Carolina",NC,37,175,33338,23,5541,572,16.62,2484,327,2072,338,985,326
37177,"Tyrrell County, North Carolina",NC,37,177,3004,31,692,193,23.04,354,152,269,112,69,41
37179,"Union County, North Carolina",NC,37,179,249881,46,33390,1510,13.36,18516,1189,11722,831,3152,421
37181,"Vance County, North Carolina",NC,37,181,41951,25,14264,873,34,7421,572,5109,602,1734,269
37183,"Wake County, North Carolina",NC,37,183,1171095,368,132573,3691,11.32,68940,2749,50090,2278,13543,935
37185,"Warren County, North Carolina",NC,37,185,18157,16,4892,421,26.94,1749,244,2092,286,1051,190
37187,"Washington County, North Carolina",NC,37,187,10631,67,3709,448,34.89,1441,284,1558,307,710,162
37189,"Watauga County, North Carolina",NC,37,189,54888,35,6419,664,11.69,2513,389,3295,519,611,141
37191,"Wayne County, North Carolina",NC,37,191,113618,557,30692,1133,27.01,17643,772,10107,762,2942,328
37193,"Wilkes County, North Carolina",NC,37,193,64969,104,16862,952,25.95,8032,595,6428,654,2402,352
37195,"Wilson County, North Carolina",NC,37,195,78268,130,19262,1013,24.61,10103,661,6499,690,2660,337
37197,"Yadkin County, North Carolina",NC,37,197,37140,91,8220,614,22.13,4273,390,3002,417,945,226
37199,"Yancey County, North Carolina",NC,37,199,18687,3,3636,420,19.46,1397,227,1661,317,578,155
38001,"Adams County, North Dakota",ND,38,001,2083,6,324,76,15.55,114,46,185,59,25,13
38003,"Barnes County, North Dakota",ND,38,003,10521,30,1218,229,11.58,348,133,624,173,246,71
38005,"Benson County, North Dakota",ND,38,005,5787,13,2325,179,40.18,1301,115,879,128,145,51
38007,"Billings County, North Dakota",ND,38,007,1024,98,63,40,6.15,29,24,14,28,20,15
38009,"Bottineau County, North Dakota",ND,38,009,6245,28,935,135,14.97,431,105,343,70,161,47
38011,"Bowman County, North Dakota",ND,38,011,2850,5,237,57,8.32,154,47,62,30,21,13
38013,"Burke County, North Dakota",ND,38,013,2154,3,203,54,9.42,82,35,106,40,15,11
38015,"Burleigh County, North Dakota",ND,38,015,98326,185,10739,907,10.92,4631,570,5395,668,713,226
38017,"Cass County, North Dakota",ND,38,017,191156,325,21781,1393,11.39,10303,1085,9391,829,2087,275
38019,"Cavalier County, North Dakota",ND,38,019,3560,7,445,104,12.5,181,68,157,59,107,52
38021,"Dickey County, North Dakota",ND,38,021,4822,36,514,104,10.66,211,65,247,78,56,22
38023,"Divide County, North Dakota",ND,38,023,2097,7,246,78,11.73,78,48,107,46,61,40
38025,"Dunn County, North Dakota",ND,38,025,3974,5,408,86,10.27,99,35,191,60,118,51
38027,"Eddy County, North Dakota",ND,38,027,2237,4,374,77,16.72,126,44,170,49,78,39
38029,"Emmons County, North Dakota",ND,38,029,3175,15,408,79,12.85,152,55,141,36,115,43
38031,"Foster County, North Dakota",ND,38,031,3276,8,430,110,13.13,160,74,190,65,80,49
38033,"Golden Valley County, North Dakota",ND,38,033,1640,119,352,72,21.46,178,41,134,52,40,29
38035,"Grand Forks County, North Dakota",ND,38,035,70789,263,7819,651,11.05,3133,408,3813,461,873,212
38037,"Grant County, North Dakota",ND,38,037,2225,11,577,78,25.93,246,49,245,51,86,34
38039,"Griggs County, North Dakota",ND,38,039,2164,110,203,51,9.38,94,38,89,32,20,10
38041,"Hettinger County, North Dakota",ND,38,041,2298,11,312,65,13.58,128,43,128,42,56,24
38043,"Kidder County, North Dakota",ND,38,043,2377,10,340,61,14.3,104,34,186,45,50,24
38045,"LaMoure County, North Dakota",ND,38,045,4052,117,416,78,10.27,179,55,178,51,59,22
38047,"Logan County, North Dakota",ND,38,047,1754,116,286,50,16.31,161,40,111,28,14,10
38049,"McHenry County, North Dakota",ND,38,049,5141,14,848,114,16.49,402,79,343,76,103,32
38051,"McIntosh County, North Dakota",ND,38,051,2387,13,396,76,16.59,166,50,199,55,31,14
38053,"McKenzie County, North Dakota",ND,38,053,14220,18,1077,265,7.57,570,218,440,141,67,51
38055,"McLean County, North Dakota",ND,38,055,9656,12,809,130,8.38,322,86,290,69,197,69
38057,"Mercer County, North Dakota",ND,38,057,8163,37,877,226,10.74,484,185,215,98,178,85
38059,"Morton County, North Dakota",ND,38,059,33098,77,3285,494,9.93,1243,307,1576,337,466,191
38061,"Mountrail County, North Dakota",ND,38,061,9419,16,1457,238,15.47,767,196,558,123,132,54
38063,"Nelson County, North Dakota",ND,38,063,2899,5,391,76,13.49,177,49,150,52,64,26
38065,"Oliver County, North Dakota",ND,38,065,1835,108,145,59,7.9,61,46,59,33,25,15
38067,"Pembina County, North Dakota",ND,38,067,6549,24,868,124,13.25,275,70,376,81,217,63
38069,"Pierce County, North Dakota",ND,38,069,3763,27,456,111,12.12,177,80,189,64,90,43
38071,"Ramsey County, North Dakota",ND,38,071,11135,84,2602,342,23.37,947,186,957,223,698,180
38073,"Ransom County, North Dakota",ND,38,073,5417,18,759,124,14.01,317,90,340,76,102,40
38075,"Renville County, North Dakota",ND,38,075,2183,32,195,52,8.93,43,18,118,46,34,17
38077,"Richland County, North Dakota",ND,38,077,16418,15,1881,250,11.46,722,154,799,165,360,108
38079,"Rolette County, North Dakota",ND,38,079,11838,18,4681,367,39.54,2447,221,1995,275,239,100
38081,"Sargent County, North Dakota",ND,38,081,3744,18,454,64,12.13,218,48,166,36,70,21
38083,"Sheridan County, North Dakota",ND,38,083,1292,107,160,41,12.38,44,22,99,33,17,10
38085,"Sioux County, North Dakota",ND,38,085,3709,15,1672,144,45.08,850,107,740,92,82,30
38087,"Slope County, North Dakota",ND,38,087,766,83,68,27,8.88,29,21,23,14,16,9
38089,"Stark County, North Dakota",ND,38,089,32975,11,4503,553,13.66,2122,392,2019,368,362,131
38091,"Steele County, North Dakota",ND,38,091,1804,110,139,46,7.71,73,39,50,21,16,11
38093,"Stutsman County, North Dakota",ND,38,093,20661,92,2977,407,14.41,866,244,1714,287,397,153
38095,"Towner County, North Dakota",ND,38,095,2047,8,331,98,16.17,165,78,127,56,39,21
38097,"Traill County, North Dakota",ND,38,097,7752,14,901,145,11.62,446,102,327,96,128,38
38099,"Walsh County, North Dakota",ND,38,099,10144,74,1581,190,15.59,603,117,661,127,317,80
38101,"Ward County, North Dakota",ND,38,101,64033,560,7036,724,10.99,3037,481,3165,469,834,271
38103,"Wells County, North Dakota",ND,38,103,3804,9,650,124,17.09,317,101,260,66,73,29
38105,"Williams County, North Dakota",ND,38,105,39242,103,3944,660,10.05,1608,441,2155,479,181,106
39001,"Adams County, Ohio",OH,39,001,27323,5,9214,643,33.72,3632,425,4455,426,1127,227
39003,"Allen County, Ohio",OH,39,003,99176,115,24906,942,25.11,10785,613,12122,649,1999,300
39005,"Ashland County, Ohio",OH,39,005,51603,34,11112,762,21.53,5053,571,5262,463,797,202
39007,"Ashtabula County, Ohio",OH,39,007,94107,51,25159,975,26.73,10759,651,12566,693,1834,218
39009,"Athens County, Ohio",OH,39,009,61189,68,12762,832,20.86,3791,459,7573,639,1398,270
39011,"Auglaize County, Ohio",OH,39,011,45627,18,5518,504,12.09,2289,302,2355,338,874,220
39013,"Belmont County, Ohio",OH,39,013,62045,27,15462,829,24.92,5659,478,8374,631,1429,247
39015,"Brown County, Ohio",OH,39,015,43339,58,12010,826,27.71,5312,512,5823,610,875,218
39017,"Butler County, Ohio",OH,39,017,388892,254,73406,2324,18.88,31940,1601,35712,1570,5754,610
39019,"Carroll County, Ohio",OH,39,019,26434,7,6076,539,22.99,2136,323,3312,400,628,162
39021,"Champaign County, Ohio",OH,39,021,38368,34,6236,535,16.25,2286,357,3343,373,607,141
39023,"Clark County, Ohio",OH,39,023,133446,139,34621,1223,25.94,14566,810,16716,821,3339,406
39025,"Clermont County, Ohio",OH,39,025,209534,129,34208,1738,16.33,14032,1140,17402,1230,2774,458
39027,"Clinton County, Ohio",OH,39,027,41722,6,9909,698,23.75,4267,468,4987,490,655,168
39029,"Columbiana County, Ohio",OH,39,029,97705,91,21735,1090,22.25,8332,711,11175,758,2228,330
39031,"Coshocton County, Ohio",OH,39,031,36452,6,10627,610,29.15,4243,370,5632,457,752,163
39033,"Crawford County, Ohio",OH,39,033,41216,41,9872,639,23.95,3923,394,4977,466,972,190
39035,"Cuyahoga County, Ohio",OH,39,035,1231319,433,316091,4286,25.67,120078,2542,163712,3222,32301,1237
39037,"Darke County, Ohio",OH,39,037,51055,11,10027,624,19.64,4478,423,4771,433,778,152
39039,"Defiance County, Ohio",OH,39,039,38014,15,5624,576,14.79,2290,406,2798,372,536,168
39041,"Delaware County, Ohio",OH,39,041,225867,117,15590,1059,6.9,6211,665,7287,717,2092,407
39043,"Erie County, Ohio",OH,39,043,73326,58,14437,874,19.69,5992,588,7038,576,1407,295
39045,"Fairfield County, Ohio",OH,39,045,159985,274,28525,1307,17.83,12577,864,13104,898,2844,394
39047,"Fayette County, Ohio",OH,39,047,28554,8,7232,581,25.33,3017,369,3571,417,644,165
39049,"Franklin County, Ohio",OH,39,049,1324603,276,286844,4529,21.66,133053,2791,133682,3393,20109,1098
39051,"Fulton County, Ohio",OH,39,051,41868,11,7671,652,18.32,3591,463,3384,430,696,160
39053,"Gallia County, Ohio",OH,39,053,28698,6,8167,629,28.46,3218,396,4120,447,829,199
39055,"Geauga County, Ohio",OH,39,055,94629,35,8113,735,8.57,3004,490,3832,487,1277,250
39057,"Greene County, Ohio",OH,39,057,165898,335,25551,1131,15.4,10180,667,12758,840,2613,358
39059,"Guernsey County, Ohio",OH,39,059,37879,20,9515,763,25.12,3899,507,4660,531,956,209
39061,"Hamilton County, Ohio",OH,39,061,820957,502,170828,3525,20.81,74616,2490,81678,2313,14534,936
39063,"Hancock County, Ohio",OH,39,063,74180,26,12090,888,16.3,5096,586,5765,618,1229,253
39065,"Hardin County, Ohio",OH,39,065,30307,3,5449,603,17.98,2248,378,2781,451,420,130
39067,"Harrison County, Ohio",OH,39,067,14022,62,2816,269,20.08,1063,172,1443,190,310,82
39069,"Henry County, Ohio",OH,39,069,27229,12,3602,385,13.23,1453,247,1682,270,467,120
39071,"Highland County, Ohio",OH,39,071,43096,9,10567,749,24.52,4511,472,4964,526,1092,248
39073,"Hocking County, Ohio",OH,39,073,27620,20,8221,616,29.76,3386,411,4074,435,761,144
39075,"Holmes County, Ohio",OH,39,075,43669,7,4658,499,10.67,2290,354,1988,328,380,126
39077,"Huron County, Ohio",OH,39,077,57811,75,12848,774,22.22,5791,537,6164,533,893,165
39079,"Jackson County, Ohio",OH,39,079,32345,5,9101,767,28.14,3540,405,4905,626,656,179
39081,"Jefferson County, Ohio",OH,39,081,63728,26,14760,748,23.16,5304,448,7855,546,1601,246
39083,"Knox County, Ohio",OH,39,083,62418,51,12220,850,19.58,5305,606,5567,537,1348,257
39085,"Lake County, Ohio",OH,39,085,230196,120,32175,1569,13.98,13196,959,15558,1137,3421,499
39087,"Lawrence County, Ohio",OH,39,087,56271,60,17536,919,31.16,6539,595,9307,626,1690,315
39089,"Licking County, Ohio",OH,39,089,180563,93,34477,1381,19.09,13693,872,17795,1004,2989,373
39091,"Logan County, Ohio",OH,39,091,45764,10,9113,733,19.91,4102,554,4150,443,861,186
39093,"Lorain County, Ohio",OH,39,093,311613,280,62394,1774,20.02,27062,1119,29969,1274,5363,522
39095,"Lucas County, Ohio",OH,39,095,423265,187,115194,2617,27.22,48206,1614,58132,1940,8856,693
39097,"Madison County, Ohio",OH,39,097,40059,76,6616,644,16.52,2877,434,3288,450,451,154
39099,"Mahoning County, Ohio",OH,39,099,222198,90,63647,1751,28.64,24423,965,32921,1279,6303,707
39101,"Marion County, Ohio",OH,39,101,59706,99,18087,986,30.29,7652,645,9188,704,1247,245
39103,"Medina County, Ohio",OH,39,103,182374,42,20996,1221,11.51,8281,868,10699,787,2016,344
39105,"Meigs County, Ohio",OH,39,105,21711,10,7699,507,35.46,2908,292,4132,386,659,152
39107,"Mercer County, Ohio",OH,39,107,42028,32,5201,564,12.38,2352,389,2302,385,547,136
39109,"Miami County, Ohio",OH,39,109,109282,110,18804,1080,17.21,8140,796,9111,684,1553,254
39111,"Monroe County, Ohio",OH,39,111,13138,7,2992,300,22.77,1204,186,1494,215,294,97
39113,"Montgomery County, Ohio",OH,39,113,527084,400,123433,3129,23.42,53733,2094,59701,2217,9999,700
39115,"Morgan County, Ohio",OH,39,115,13495,14,3316,316,24.57,1295,180,1704,248,317,77
39117,"Morrow County, Ohio",OH,39,117,35051,98,6711,682,19.15,2560,441,3506,493,645,168
39119,"Muskingum County, Ohio",OH,39,119,85636,24,23686,1105,27.66,9320,711,12406,792,1960,297
39121,"Noble County, Ohio",OH,39,121,11859,86,2162,379,18.23,822,200,995,293,345,133
39123,"Ottawa County, Ohio",OH,39,123,39552,15,5045,463,12.76,1809,289,2547,319,689,171
39125,"Paulding County, Ohio",OH,39,125,18707,3,3571,368,19.09,1676,258,1673,254,222,66
39127,"Perry County, Ohio",OH,39,127,35301,13,8702,637,24.65,3904,444,4271,441,527,118
39129,"Pickaway County, Ohio",OH,39,129,56319,134,11361,789,20.17,4886,441,5396,619,1079,213
39131,"Pike County, Ohio",OH,39,131,26833,11,9419,748,35.1,3521,448,5300,575,598,170
39133,"Portage County, Ohio",OH,39,133,160832,130,28905,1383,17.97,10512,838,15821,1030,2572,388
39135,"Preble County, Ohio",OH,39,135,40510,23,7984,532,19.71,3559,364,3732,366,693,129
39137,"Putnam County, Ohio",OH,39,137,34038,19,3487,348,10.24,1539,217,1642,257,306,88
39139,"Richland County, Ohio",OH,39,139,118652,216,28845,1304,24.31,12496,830,13470,926,2879,393
39141,"Ross County, Ohio",OH,39,141,71403,132,19059,1111,26.69,8078,745,8991,737,1990,369
39143,"Sandusky County, Ohio",OH,39,143,57933,12,13794,826,23.81,5573,523,6956,571,1265,289
39145,"Scioto County, Ohio",OH,39,145,69968,114,23700,1056,33.87,8725,606,12868,792,2107,346
39147,"Seneca County, Ohio",OH,39,147,54016,26,11879,640,21.99,5018,357,5823,496,1038,190
39149,"Shelby County, Ohio",OH,39,149,47580,16,8015,660,16.85,4033,515,3272,381,710,160
39151,"Stark County, Ohio",OH,39,151,369523,107,80323,2370,21.74,34200,1521,39893,1725,6230,571
39153,"Summit County, Ohio",OH,39,153,532351,233,116242,2693,21.84,46407,1586,59522,2068,10313,678
39155,"Trumbull County, Ohio",OH,39,155,197172,172,50440,1719,25.58,19486,1206,27080,1148,3874,427
39157,"Tuscarawas County, Ohio",OH,39,157,91482,14,19203,1020,20.99,7818,697,9439,692,1946,277
39159,"Union County, Ohio",OH,39,159,64774,149,6154,610,9.5,2987,425,2798,422,369,116
39161,"Van Wert County, Ohio",OH,39,161,28511,42,4954,429,17.38,2110,274,2459,312,385,108
39163,"Vinton County, Ohio",OH,39,163,12567,2,3764,368,29.95,1213,202,2029,268,522,150
39165,"Warren County, Ohio",OH,39,165,244442,265,23564,1532,9.64,9365,966,11403,1099,2796,455
39167,"Washington County, Ohio",OH,39,167,58422,10,13743,831,23.52,5366,560,7206,571,1171,224
39169,"Wayne County, Ohio",OH,39,169,115443,23,19003,1001,16.46,8058,738,9234,627,1711,255
39171,"Williams County, Ohio",OH,39,171,35802,33,7959,541,22.23,3486,348,3941,390,532,140
39173,"Wood County, Ohio",OH,39,173,130825,81,18039,1021,13.79,6690,640,9708,758,1641,242
39175,"Wyandot County, Ohio",OH,39,175,21354,14,3329,365,15.59,1450,272,1555,224,324,95
40001,"Adair County, Oklahoma",OK,40,001,19293,15,6608,344,34.25,3410,221,2623,240,575,109
40003,"Alfalfa County, Oklahoma",OK,40,003,4453,37,855,108,19.2,444,73,293,69,118,41
40005,"Atoka County, Oklahoma",OK,40,005,12891,53,3041,201,23.59,1593,133,1210,141,238,53
40007,"Beaver County, Oklahoma",OK,40,007,4944,29,838,132,16.95,468,92,264,80,106,50
40009,"Beckham County, Oklahoma",OK,40,009,19217,120,4887,506,25.43,2840,371,1746,327,301,108
40011,"Blaine County, Oklahoma",OK,40,011,8000,82,1846,175,23.08,1184,133,527,104,135,47
40013,"Bryan County, Oklahoma",OK,40,013,47661,46,9893,529,20.76,5356,369,3826,355,711,134
40015,"Caddo County, Oklahoma",OK,40,015,25029,417,5939,309,23.73,3489,202,2036,224,414,69
40017,"Canadian County, Oklahoma",OK,40,017,166415,251,23977,1232,14.41,13809,909,8520,772,1648,308
40019,"Carter County, Oklahoma",OK,40,019,47812,13,11299,542,23.63,6308,407,4156,333,835,131
40021,"Cherokee County, Oklahoma",OK,40,021,47501,50,11197,575,23.57,5581,382,4615,373,1001,213
40023,"Choctaw County, Oklahoma",OK,40,023,14125,9,4300,267,30.44,2234,166,1489,181,577,105
40025,"Cimarron County, Oklahoma",OK,40,025,2204,11,431,160,19.56,253,115,146,108,32,29
40027,"Cleveland County, Oklahoma",OK,40,027,293219,481,46666,1834,15.92,23972,1282,19088,1222,3606,476
40029,"Coal County, Oklahoma",OK,40,029,5272,3,1385,114,26.27,784,85,485,67,116,36
40031,"Comanche County, Oklahoma",OK,40,031,107815,443,24382,985,22.61,12730,723,9753,632,1899,219
40033,"Cotton County, Oklahoma",OK,40,033,5390,21,1376,153,25.53,781,115,484,91,111,45
40035,"Craig County, Oklahoma",OK,40,035,13422,37,3382,277,25.2,1792,169,1388,214,202,49
40037,"Creek County, Oklahoma",OK,40,037,72020,46,15727,611,21.84,8699,410,6081,403,947,208
40039,"Custer County, Oklahoma",OK,40,039,27734,11,5815,434,20.97,3323,288,2212,312,280,92
40041,"Delaware County, Oklahoma",OK,40,041,40864,16,10513,452,25.73,5051,270,4505,335,957,140
40043,"Dewey County, Oklahoma",OK,40,043,4282,6,747,89,17.45,463,72,242,50,42,16
40045,"Ellis County, Oklahoma",OK,40,045,3616,17,670,92,18.53,411,70,192,52,67,28
40047,"Garfield County, Oklahoma",OK,40,047,59857,201,14324,814,23.93,8628,575,4709,499,987,288
40049,"Garvin County, Oklahoma",OK,40,049,25634,34,5996,325,23.39,3390,217,2165,221,441,99
40051,"Grady County, Oklahoma",OK,40,051,56132,45,9995,479,17.81,5046,316,4245,340,704,119
40053,"Grant County, Oklahoma",OK,40,053,4061,13,940,104,23.15,585,75,248,57,107,45
40055,"Greer County, Oklahoma",OK,40,055,4455,52,1137,205,25.52,552,145,471,136,114,50
40057,"Harmon County, Oklahoma",OK,40,057,2329,36,537,79,23.06,318,59,162,48,57,20
40059,"Harper County, Oklahoma",OK,40,059,3147,19,426,96,13.54,281,83,109,43,36,22
40061,"Haskell County, Oklahoma",OK,40,061,11615,11,3270,213,28.15,1681,143,1201,129,388,92
40063,"Hughes County, Oklahoma",OK,40,063,11722,49,2771,212,23.64,1462,156,1115,134,194,50
40065,"Jackson County, Oklahoma",OK,40,065,23194,197,5324,383,22.95,3048,268,1944,258,332,93
40067,"Jefferson County, Oklahoma",OK,40,067,5253,9,1555,115,29.6,830,84,564,71,161,33
40069,"Johnston County, Oklahoma",OK,40,069,10222,6,3143,204,30.75,1623,122,1232,151,288,64
40071,"Kay County, Oklahoma",OK,40,071,42687,217,10952,527,25.66,6251,383,3995,335,706,139
40073,"Kingfisher County, Oklahoma",OK,40,073,15184,8,3073,389,20.24,1697,255,978,263,398,130
40075,"Kiowa County, Oklahoma",OK,40,075,8213,36,2226,191,27.1,1105,118,882,132,239,72
40077,"Latimer County, Oklahoma",OK,40,077,9339,23,2691,182,28.81,1405,121,924,116,362,72
40079,"Le Flore County, Oklahoma",OK,40,079,47623,68,12943,470,27.18,7197,318,4613,312,1133,149
40081,"Lincoln County, Oklahoma",OK,40,081,33796,54,7946,367,23.51,4258,249,3089,244,599,115
40083,"Logan County, Oklahoma",OK,40,083,51487,50,9129,666,17.73,4273,467,3890,429,966,205
40085,"Love County, Oklahoma",OK,40,085,10171,16,1982,183,19.49,1204,138,670,113,108,40
40087,"McClain County, Oklahoma",OK,40,087,44881,87,5889,456,13.12,3337,351,1914,253,638,145
40089,"McCurtain County, Oklahoma",OK,40,089,30577,15,10073,401,32.94,5665,266,3582,269,826,132
40091,"McIntosh County, Oklahoma",OK,40,091,19129,28,4345,313,22.71,2164,222,1748,200,433,94
40093,"Major County, Oklahoma",OK,40,093,7532,12,1316,171,17.47,795,133,439,101,82,36
40095,"Marshall County, Oklahoma",OK,40,095,15642,10,3494,288,22.34,2073,200,1095,177,326,109
40097,"Mayes County, Oklahoma",OK,40,097,39309,15,9107,495,23.17,4808,348,3568,328,731,128
40099,"Murray County, Oklahoma",OK,40,099,13314,21,2796,289,21,1649,223,977,172,170,64
40101,"Muskogee County, Oklahoma",OK,40,101,63357,80,18438,750,29.1,10471,555,6748,472,1219,180
40103,"Noble County, Oklahoma",OK,40,103,10615,19,2276,244,21.44,1288,173,778,155,210,75
40105,"Nowata County, Oklahoma",OK,40,105,9342,19,2205,178,23.6,1167,127,888,112,150,56
40107,"Okfuskee County, Oklahoma",OK,40,107,10182,27,3272,193,32.14,1558,117,1432,144,282,52
40109,"Oklahoma County, Oklahoma",OK,40,109,793730,677,167879,3129,21.15,99420,2373,56584,1821,11875,918
40111,"Okmulgee County, Oklahoma",OK,40,111,36238,32,10276,451,28.36,5329,291,4087,304,860,163
40113,"Osage County, Oklahoma",OK,40,113,44350,65,10233,549,23.07,5123,368,3934,334,1176,233
40115,"Ottawa County, Oklahoma",OK,40,115,29963,36,8447,255,28.19,4693,170,3001,169,753,88
40117,"Pawnee County, Oklahoma",OK,40,117,15601,6,4020,246,25.77,2140,183,1624,148,256,72
40119,"Payne County, Oklahoma",OK,40,119,81668,91,12800,878,15.67,6184,608,5724,588,892,237
40121,"Pittsburg County, Oklahoma",OK,40,121,41523,40,9762,488,23.51,5186,379,3633,258,943,166
40123,"Pontotoc County, Oklahoma",OK,40,123,37546,96,7261,438,19.34,3695,315,2876,271,690,137
40125,"Pottawatomie County, Oklahoma",OK,40,125,71285,57,16523,672,23.18,8425,431,6718,437,1380,274
40127,"Pushmataha County, Oklahoma",OK,40,127,10671,12,3022,199,28.32,1516,119,1129,143,377,70
40129,"Roger Mills County, Oklahoma",OK,40,129,3344,14,593,75,17.73,388,64,181,37,24,12
40131,"Rogers County, Oklahoma",OK,40,131,97476,79,15871,730,16.28,9097,552,5776,454,998,149
40133,"Seminole County, Oklahoma",OK,40,133,23038,13,6294,291,27.32,3402,190,2209,190,683,113
40135,"Sequoyah County, Oklahoma",OK,40,135,39379,114,12229,437,31.05,6243,292,4848,302,1138,119
40137,"Stephens County, Oklahoma",OK,40,137,42936,51,10136,508,23.61,5155,326,3966,318,1015,225
40139,"Texas County, Oklahoma",OK,40,139,20634,53,3693,525,17.9,2312,396,1157,334,224,86
40141,"Tillman County, Oklahoma",OK,40,141,6742,27,2112,170,31.33,1086,103,829,125,197,52
40143,"Tulsa County, Oklahoma",OK,40,143,674388,222,133698,2143,19.83,79769,1588,45393,1274,8536,670
40145,"Wagoner County, Oklahoma",OK,40,145,86324,38,13115,677,15.19,7676,568,4341,321,1098,180
40147,"Washington County, Oklahoma",OK,40,147,52737,19,11662,664,22.11,6444,502,4397,398,821,174
40149,"Washita County, Oklahoma",OK,40,149,10609,10,2533,217,23.88,1441,156,939,144,153,43
40151,"Woods County, Oklahoma",OK,40,151,8074,28,1088,178,13.48,642,141,344,100,102,41
40153,"Woodward County, Oklahoma",OK,40,153,19432,66,3387,472,17.43,1917,374,1195,271,275,99
41001,"Baker County, Oregon",OR,41,001,16361,76,4013,395,24.53,1344,228,1996,275,673,168
41003,"Benton County, Oregon",OR,41,003,96097,14,17378,990,18.08,5272,560,10478,769,1628,274
41005,"Clackamas County, Oregon",OR,41,005,421729,124,71044,2177,16.85,24695,1334,38071,1589,8278,658
41007,"Clatsop County, Oregon",OR,41,007,40808,131,10204,747,25,3319,432,5514,554,1371,255
41009,"Columbia County, Oregon",OR,41,009,53195,51,11876,812,22.33,4837,528,5494,565,1545,247
41011,"Coos County, Oregon",OR,41,011,64065,106,19683,897,30.72,6789,519,10407,674,2487,284
41013,"Crook County, Oregon",OR,41,013,26199,8,6443,622,24.59,2493,358,3269,477,681,176
41015,"Curry County, Oregon",OR,41,015,23260,15,7246,561,31.15,2701,282,3664,437,881,210
41017,"Deschutes County, Oregon",OR,41,017,205527,144,41283,1857,20.09,16451,1138,20382,1386,4450,483
41019,"Douglas County, Oregon",OR,41,019,111264,83,35888,1235,32.25,12647,761,19159,872,4082,430
41021,"Gilliam County, Oregon",OR,41,021,1936,150,500,109,25.83,200,72,226,72,74,38
41023,"Grant County, Oregon",OR,41,023,7108,50,1330,174,18.71,353,102,819,131,158,51
41025,"Harney County, Oregon",OR,41,025,7346,49,2017,264,27.46,549,143,1242,202,226,91
41027,"Hood River County, Oregon",OR,41,027,23782,35,4276,450,17.98,1831,287,1982,323,463,125
41029,"Jackson County, Oregon",OR,41,029,221303,235,62877,1923,28.41,23285,1136,32888,1409,6704,650
41031,"Jefferson County, Oregon",OR,41,031,24146,128,7935,550,32.86,3213,372,3921,353,801,200
41033,"Josephine County, Oregon",OR,41,033,87350,53,31431,1238,35.98,11067,670,16144,908,4220,508
41035,"Klamath County, Oregon",OR,41,035,69328,253,23469,1005,33.85,8737,600,12391,752,2341,290
41037,"Lake County, Oregon",OR,41,037,7703,108,1649,264,21.41,483,154,907,190,259,99
41039,"Lane County, Oregon",OR,41,039,381910,225,98296,2465,25.74,33520,1328,54631,1960,10145,685
41041,"Lincoln County, Oregon",OR,41,041,50583,52,14575,820,28.81,4912,405,7455,640,2208,313
41043,"Linn County, Oregon",OR,41,043,129803,45,35609,1330,27.43,14652,879,17732,923,3225,380
41045,"Malheur County, Oregon",OR,41,045,28534,191,9642,582,33.79,4483,379,4162,405,997,176
41047,"Marion County, Oregon",OR,41,047,342504,291,94422,2568,27.57,42383,1654,44671,1875,7368,587
41049,"Morrow County, Oregon",OR,41,049,12297,3,4128,391,33.57,2322,273,1534,263,272,95
41051,"Multnomah County, Oregon",OR,41,051,795749,149,181491,3785,22.81,57072,2210,104830,2890,19589,1044
41053,"Polk County, Oregon",OR,41,053,88815,123,23964,1217,26.98,9697,747,11919,885,2348,374
41055,"Sherman County, Oregon",OR,41,055,1938,13,721,106,37.2,241,65,388,77,92,33
41057,"Tillamook County, Oregon",OR,41,057,26720,456,7613,570,28.49,2955,358,3722,409,936,170
41059,"Umatilla County, Oregon",OR,41,059,76546,185,23223,1173,30.34,10678,717,10458,864,2087,338
41061,"Union County, Oregon",OR,41,061,25979,36,6549,486,25.21,2301,287,3551,358,697,159
41063,"Wallowa County, Oregon",OR,41,063,7494,4,2019,212,26.94,871,136,856,141,292,82
41065,"Wasco County, Oregon",OR,41,065,26077,31,7098,509,27.22,2849,308,3511,372,738,161
41067,"Washington County, Oregon",OR,41,067,599952,380,97780,2661,16.3,38422,1786,49009,1811,10349,781
41069,"Wheeler County, Oregon",OR,41,069,1485,152,350,72,23.57,134,50,170,48,46,18
41071,"Yamhill County, Oregon",OR,41,071,106040,142,24787,1265,23.38,10243,899,11959,812,2585,365
42001,"Adams County, Pennsylvania",PA,42,001,105070,65,16849,877,16.04,7143,570,7724,592,1982,306
42003,"Allegheny County, Pennsylvania",PA,42,003,1226607,272,219778,3608,17.92,83706,2095,106459,2651,29613,1265
42005,"Armstrong County, Pennsylvania",PA,42,005,64014,47,15002,653,23.44,5691,413,6899,422,2412,279
42007,"Beaver County, Pennsylvania",PA,42,007,165018,56,32363,1138,19.61,12532,679,15205,820,4626,403
42009,"Bedford County, Pennsylvania",PA,42,009,47237,8,10855,602,22.98,4155,334,5310,470,1390,174
42011,"Berks County, Pennsylvania",PA,42,011,428974,245,94846,2171,22.11,42565,1340,43198,1596,9083,608
42013,"Blair County, Pennsylvania",PA,42,013,119393,105,29675,1139,24.85,10709,699,15355,829,3611,350
42015,"Bradford County, Pennsylvania",PA,42,015,59385,25,12217,585,20.57,4663,412,6043,379,1511,171
42017,"Bucks County, Pennsylvania",PA,42,017,641469,170,85988,2626,13.4,34356,1778,39328,1770,12304,776
42019,"Butler County, Pennsylvania",PA,42,019,195121,150,26914,1184,13.79,9315,665,13434,895,4165,398
42021,"Cambria County, Pennsylvania",PA,42,021,128898,79,33001,1102,25.6,12138,646,16288,795,4575,407
42023,"Cameron County, Pennsylvania",PA,42,023,4396,2,1501,160,34.14,484,91,804,118,213,57
42025,"Carbon County, Pennsylvania",PA,42,025,64639,14,15882,873,24.57,6110,501,7626,631,2146,337
42027,"Centre County, Pennsylvania",PA,42,027,153403,104,19779,1116,12.89,6001,572,11220,900,2558,328
42029,"Chester County, Pennsylvania",PA,42,029,543332,119,59340,1925,10.92,25005,1237,26956,1366,7379,557
42031,"Clarion County, Pennsylvania",PA,42,031,36824,26,7929,434,21.53,2905,257,4075,310,949,161
42033,"Clearfield County, Pennsylvania",PA,42,033,74136,372,20333,912,27.43,7656,482,10640,732,2037,253
42035,"Clinton County, Pennsylvania",PA,42,035,37267,20,8219,523,22.05,3080,320,4315,386,824,149
42037,"Columbia County, Pennsylvania",PA,42,037,64659,36,11266,745,17.42,3887,368,5930,619,1449,192
42039,"Crawford County, Pennsylvania",PA,42,039,80782,64,19567,706,24.22,7098,399,9703,515,2766,273
42041,"Cumberland County, Pennsylvania",PA,42,041,262298,218,35009,1608,13.35,15010,1267,15964,868,4035,476
42043,"Dauphin County, Pennsylvania",PA,42,043,286032,235,62774,2216,21.95,29065,1403,26778,1578,6931,672
42045,"Delaware County, Pennsylvania",PA,42,045,572607,233,112499,2847,19.65,45377,1920,53894,1916,13228,865
42047,"Elk County, Pennsylvania",PA,42,047,30225,22,7204,551,23.83,2885,365,3579,387,740,145
42049,"Erie County, Pennsylvania",PA,42,049,263723,85,69537,1844,26.37,28173,1189,34173,1279,7191,592
42051,"Fayette County, Pennsylvania",PA,42,051,122743,90,36581,1258,29.8,12943,791,18969,900,4669,383
42053,"Forest County, Pennsylvania",PA,42,053,4296,26,1049,124,24.42,89,25,772,110,188,52
42055,"Franklin County, Pennsylvania",PA,42,055,156228,70,27256,1435,17.45,12237,919,12232,997,2787,470
42057,"Fulton County, Pennsylvania",PA,42,057,14493,6,2970,204,20.49,1115,124,1394,142,461,78
42059,"Greene County, Pennsylvania",PA,42,059,32763,36,7889,559,24.08,2970,302,4083,442,836,161
42061,"Huntingdon County, Pennsylvania",PA,42,061,40135,55,8807,428,21.94,3363,237,4362,334,1082,124
42063,"Indiana County, Pennsylvania",PA,42,063,81512,54,19152,889,23.5,6731,466,9919,688,2502,317
42065,"Jefferson County, Pennsylvania",PA,42,065,43245,22,10855,477,25.1,4437,328,5117,303,1301,169
42067,"Juniata County, Pennsylvania",PA,42,067,23114,17,4484,314,19.4,1694,167,2063,233,727,128
42069,"Lackawanna County, Pennsylvania",PA,42,069,212563,162,52070,1540,24.5,20723,931,24870,1071,6477,597
42071,"Lancaster County, Pennsylvania",PA,42,071,551496,118,91420,2509,16.58,42066,1803,39730,1612,9624,668
42073,"Lawrence County, Pennsylvania",PA,42,073,84141,35,21379,897,25.41,8513,526,10183,658,2683,307
42075,"Lebanon County, Pennsylvania",PA,42,075,142027,248,26385,1303,18.58,11432,826,11710,926,3243,397
42077,"Lehigh County, Pennsylvania",PA,42,077,374633,49,86937,2341,23.21,39185,1554,39225,1639,8527,617
42079,"Luzerne County, Pennsylvania",PA,42,079,321307,125,86187,1951,26.82,37120,1003,40732,1569,8335,583
42081,"Lycoming County, Pennsylvania",PA,42,081,110722,56,25537,1083,23.06,9854,717,13180,761,2503,282
42083,"McKean County, Pennsylvania",PA,42,083,38154,33,9566,477,25.07,3552,294,5132,354,882,125
42085,"Mercer County, Pennsylvania",PA,42,085,106005,129,25351,990,23.91,8852,549,13295,745,3204,352
42087,"Mifflin County, Pennsylvania",PA,42,087,45413,30,10516,695,23.16,4052,470,5196,470,1268,202
42089,"Monroe County, Pennsylvania",PA,42,089,166580,25,34054,1523,20.44,12349,912,17520,1102,4185,523
42091,"Montgomery County, Pennsylvania",PA,42,091,854204,402,105470,2738,12.35,45430,1968,46583,1768,13457,705
42093,"Montour County, Pennsylvania",PA,42,093,17350,65,2659,290,15.33,969,165,1163,203,527,125
42095,"Northampton County, Pennsylvania",PA,42,095,315233,101,52500,1936,16.65,20364,1194,25302,1407,6834,585
42097,"Northumberland County, Pennsylvania",PA,42,097,87149,33,20481,889,23.5,7657,589,10422,604,2402,280
42099,"Perry County, Pennsylvania",PA,42,099,45799,47,7362,439,16.07,2814,265,3642,320,906,141
42101,"Philadelphia County, Pennsylvania",PA,42,101,1567591,332,536983,7242,34.26,216749,4629,258313,5271,61921,1799
42103,"Pike County, Pennsylvania",PA,42,103,60233,37,11148,793,18.51,3749,457,5810,595,1589,257
42105,"Potter County, Pennsylvania",PA,42,105,15960,6,3599,209,22.55,1486,138,1686,144,427,61
42107,"Schuylkill County, Pennsylvania",PA,42,107,136724,151,31990,1098,23.4,13856,740,14714,735,3420,344
42109,"Snyder County, Pennsylvania",PA,42,109,39164,37,6912,436,17.65,2560,263,3583,295,769,184
42111,"Somerset County, Pennsylvania",PA,42,111,68728,40,14141,675,20.58,5383,447,6696,448,2062,234
42113,"Sullivan County, Pennsylvania",PA,42,113,5720,3,1072,120,18.74,334,86,583,72,155,43
42115,"Susquehanna County, Pennsylvania",PA,42,115,37938,17,8959,406,23.61,3590,232,4450,289,919,167
42117,"Tioga County, Pennsylvania",PA,42,117,40630,13,10236,459,25.19,4054,275,5201,345,981,126
42119,"Union County, Pennsylvania",PA,42,119,37965,101,5300,481,13.96,1896,258,2450,363,954,183
42121,"Venango County, Pennsylvania",PA,42,121,49163,30,13215,537,26.88,4933,300,6566,392,1716,211
42123,"Warren County, Pennsylvania",PA,42,123,37316,27,8212,522,22.01,3017,332,3930,367,1265,166
42125,"Washington County, Pennsylvania",PA,42,125,207996,86,38816,1416,18.66,15222,867,18748,1016,4846,471
42127,"Wayne County, Pennsylvania",PA,42,127,48339,24,9893,626,20.47,3365,285,5356,523,1172,194
42129,"Westmoreland County, Pennsylvania",PA,42,129,349402,76,68961,1916,19.74,25006,1114,34859,1434,9096,612
42131,"Wyoming County, Pennsylvania",PA,42,131,25792,7,5470,293,21.21,2169,180,2714,207,587,103
42133,"York County, Pennsylvania",PA,42,133,458582,160,84381,2317,18.4,38082,1583,38005,1557,8294,662
44001,"Bristol County, Rhode Island",RI,44,001,49624,179,5984,663,12.06,1403,336,3336,468,1245,329
44003,"Kent County, Rhode Island",RI,44,003,170007,198,30236,1497,17.79,8295,791,17026,1186,4915,456
44005,"Newport County, Rhode Island",RI,44,005,81196,307,11314,838,13.93,3402,475,5457,587,2455,363
44007,"Providence County, Rhode Island",RI,44,007,655183,217,182273,3696,27.82,64662,2097,96197,2869,21414,1014
44009,"Washington County, Rhode Island",RI,44,009,129058,262,16964,1085,13.14,4971,618,9417,817,2576,357
45001,"Abbeville County, South Carolina",SC,45,001,24275,4,4727,476,19.47,2209,327,1912,299,606,175
45003,"Aiken County, South Carolina",SC,45,003,172233,317,33061,1518,19.2,18291,1052,11206,981,3564,486
45005,"Allendale County, South Carolina",SC,45,005,6803,49,1853,281,27.24,662,192,722,170,469,114
45007,"Anderson County, South Carolina",SC,45,007,208877,178,41341,1635,19.79,22106,1202,14625,987,4610,505
45009,"Bamberg County, South Carolina",SC,45,009,12896,41,3757,481,29.13,1518,292,1271,318,968,211
45011,"Barnwell County, South Carolina",SC,45,011,20171,11,6555,436,32.5,3430,272,2176,296,949,169
45013,"Beaufort County, South Carolina",SC,45,013,185691,610,24466,1558,13.18,13138,1131,7218,815,4110,696
45015,"Berkeley County, South Carolina",SC,45,015,238009,796,41414,1992,17.4,22764,1389,14016,1306,4634,578
45017,"Calhoun County, South Carolina",SC,45,017,14054,3,3054,383,21.73,1259,178,1292,299,503,159
45019,"Charleston County, South Carolina",SC,45,019,413814,774,55962,2027,13.52,28110,1465,19921,1215,7931,697
45021,"Cherokee County, South Carolina",SC,45,021,56102,78,15033,931,26.8,7968,683,5390,557,1675,299
45023,"Chester County, South Carolina",SC,45,023,31993,68,8002,597,25.01,4044,370,3069,436,889,170
45025,"Chesterfield County, South Carolina",SC,45,025,43304,70,11512,660,26.58,5801,402,4637,488,1074,191
45027,"Clarendon County, South Carolina",SC,45,027,29620,112,9409,553,31.77,4017,282,4064,406,1328,248
45029,"Colleton County, South Carolina",SC,45,029,38288,84,11333,727,29.6,5680,448,4281,515,1372,249
45031,"Darlington County, South Carolina",SC,45,031,61938,146,18788,1011,30.33,8982,613,7503,740,2303,315
45033,"Dillon County, South Carolina",SC,45,033,27545,46,9914,673,35.99,4951,400,3623,494,1340,222
45035,"Dorchester County, South Carolina",SC,45,035,163547,534,30931,1588,18.91,17314,1181,11157,998,2460,364
45037,"Edgefield County, South Carolina",SC,45,037,25255,67,4667,500,18.48,1768,343,2222,320,677,172
45039,"Fairfield County, South Carolina",SC,45,039,20250,18,5038,488,24.88,2233,271,2136,364,669,179
45041,"Florence County, South Carolina",SC,45,041,135193,261,32661,1425,24.16,16518,1032,12265,908,3878,374
45043,"Georgetown County, South Carolina",SC,45,043,64353,35,13692,916,21.28,6545,573,5407,659,1740,277
45045,"Greenville County, South Carolina",SC,45,045,543354,169,85895,2330,15.81,47144,1624,29088,1468,9663,798
45047,"Greenwood County, South Carolina",SC,45,047,68210,84,13671,1010,20.04,6934,699,5464,686,1273,246
45049,"Hampton County, South Carolina",SC,45,049,17840,93,6047,483,33.9,2597,299,2609,354,841,137
45051,"Horry County, South Carolina",SC,45,051,381211,162,72597,2565,19.04,34184,1588,29037,1814,9376,875
45053,"Jasper County, South Carolina",SC,45,053,30772,111,5773,690,18.76,3664,495,1318,428,791,218
45055,"Kershaw County, South Carolina",SC,45,055,67465,184,14670,794,21.74,8194,569,5210,500,1266,238
45057,"Lancaster County, South Carolina",SC,45,057,102705,129,16641,1344,16.2,8505,1013,6061,753,2075,461
45059,"Laurens County, South Carolina",SC,45,059,67729,40,16998,835,25.1,9320,593,6322,536,1356,240
45061,"Lee County, South Carolina",SC,45,061,15017,30,5140,452,34.23,2508,333,1755,265,877,152
45063,"Lexington County, South Carolina",SC,45,063,302013,399,54118,1692,17.92,29710,1186,19410,1117,4998,455
45065,"McCormick County, South Carolina",SC,45,065,8901,27,1876,292,21.08,745,153,760,219,371,119
45067,"Marion County, South Carolina",SC,45,067,28436,59,9776,657,34.38,4808,404,3888,458,1080,242
45069,"Marlboro County, South Carolina",SC,45,069,23570,49,8648,562,36.69,3895,267,3666,461,1087,180
45071,"Newberry County, South Carolina",SC,45,071,38067,14,8785,774,23.08,4888,593,2790,448,1107,216
45073,"Oconee County, South Carolina",SC,45,073,79868,30,17556,1139,21.98,8405,683,7176,833,1975,369
45075,"Orangeburg County, South Carolina",SC,45,075,82481,11,28216,1236,34.21,12822,762,9770,835,5624,499
45077,"Pickens County, South Carolina",SC,45,077,133675,61,23419,1175,17.52,11870,823,9134,766,2415,340
45079,"Richland County, South Carolina",SC,45,079,403025,706,81861,2795,20.31,41971,1986,31012,1792,8878,812
45081,"Saluda County, South Carolina",SC,45,081,18886,49,3868,397,20.48,2386,306,1123,214,359,136
45083,"Spartanburg County, South Carolina",SC,45,083,343706,192,72592,2185,21.12,39073,1557,26390,1360,7129,706
45085,"Sumter County, South Carolina",SC,45,085,98791,590,27715,1436,28.05,13801,1019,10427,919,3487,423
45087,"Union County, South Carolina",SC,45,087,26535,8,7464,546,28.13,3670,368,2663,358,1131,186
45089,"Williamsburg County, South Carolina",SC,45,089,28721,64,9020,630,31.41,3758,379,3647,442,1615,240
45091,"York County, South Carolina",SC,45,091,292035,162,40258,1877,13.79,21352,1481,14932,1065,3974,443
46003,"Aurora County, South Dakota",SD,46,003,2558,181,340,76,13.29,203,65,99,33,38,20
46005,"Beadle County, South Dakota",SD,46,005,18928,94,3496,505,18.47,1751,381,1232,287,513,165
46007,"Bennett County, South Dakota",SD,46,007,3303,3,1174,217,35.54,801,176,309,121,64,37
46009,"Bon Homme County, South Dakota",SD,46,009,5501,64,847,137,15.4,398,102,284,77,165,50
46011,"Brookings County, South Dakota",SD,46,011,35110,44,2918,467,8.31,1506,375,960,245,452,133
46013,"Brown County, South Dakota",SD,46,013,37380,35,5130,555,13.72,2546,417,1844,310,740,196
46015,"Brule County, South Dakota",SD,46,015,5132,8,828,189,16.13,410,111,319,147,99,42
46017,"Buffalo County, South Dakota",SD,46,017,1808,210,538,123,29.76,377,110,151,52,10,15
46019,"Butte County, South Dakota",SD,46,019,10578,5,1425,255,13.47,565,153,638,187,222,82
46021,"Campbell County, South Dakota",SD,46,021,1593,132,203,92,12.74,106,82,50,28,47,30
46023,"Charles Mix County, South Dakota",SD,46,023,9053,31,1666,183,18.4,1068,134,479,119,119,38
46025,"Clark County, South Dakota",SD,46,025,3852,3,537,106,13.94,338,90,151,51,48,23
46027,"Clay County, South Dakota",SD,46,027,14913,76,2114,305,14.18,1051,194,893,224,170,74
46029,"Codington County, South Dakota",SD,46,029,28394,34,2774,318,9.77,1395,240,691,155,688,139
46031,"Corson County, South Dakota",SD,46,031,3806,10,1795,92,47.16,1076,58,625,67,94,24
46033,"Custer County, South Dakota",SD,46,033,8767,11,846,162,9.65,292,82,215,83,339,112
46035,"Davison County, South Dakota",SD,46,035,19618,32,3458,487,17.63,1831,383,1283,275,344,123
46037,"Day County, South Dakota",SD,46,037,5320,13,816,135,15.34,398,91,216,82,202,56
46039,"Deuel County, South Dakota",SD,46,039,4292,6,514,98,11.98,237,73,145,47,132,45
46041,"Dewey County, South Dakota",SD,46,041,5117,71,1909,153,37.31,1326,110,509,103,74,27
46043,"Douglas County, South Dakota",SD,46,043,2715,7,226,69,8.32,119,53,58,37,49,24
46045,"Edmunds County, South Dakota",SD,46,045,3948,10,355,83,8.99,184,67,94,35,77,34
46047,"Fall River County, South Dakota",SD,46,047,7015,39,1190,219,16.96,480,144,372,121,338,113
46049,"Faulk County, South Dakota",SD,46,049,2060,5,135,62,6.55,26,15,65,52,44,30
46051,"Grant County, South Dakota",SD,46,051,7420,8,896,193,12.08,321,100,399,152,176,64
46053,"Gregory County, South Dakota",SD,46,053,3934,17,537,97,13.65,211,68,150,49,176,48
46055,"Haakon County, South Dakota",SD,46,055,1683,131,154,58,9.15,69,31,65,46,20,16
46057,"Hamlin County, South Dakota",SD,46,057,6199,12,624,118,10.07,408,107,118,34,98,35
46059,"Hand County, South Dakota",SD,46,059,3085,148,331,80,10.73,141,59,86,37,104,39
46061,"Hanson County, South Dakota",SD,46,061,3468,6,334,78,9.63,191,60,99,42,44,27
46063,"Harding County, South Dakota",SD,46,063,1138,133,73,22,6.41,35,16,17,10,21,11
46065,"Hughes County, South Dakota",SD,46,065,16836,37,1805,307,10.72,1086,244,506,163,213,89
46067,"Hutchinson County, South Dakota",SD,46,067,7214,8,851,170,11.8,444,140,272,81,135,51
46069,"Hyde County, South Dakota",SD,46,069,1150,149,55,27,4.78,11,15,29,17,15,14
46071,"Jackson County, South Dakota",SD,46,071,2764,3,912,151,33,662,132,213,70,37,24
46073,"Jerauld County, South Dakota",SD,46,073,1732,180,196,62,11.32,118,53,37,17,41,28
46075,"Jones County, South Dakota",SD,46,075,1004,131,212,94,21.12,184,92,24,16,4,12
46077,"Kingsbury County, South Dakota",SD,46,077,5141,5,669,82,13.01,396,64,199,46,74,22
46079,"Lake County, South Dakota",SD,46,079,10780,45,1366,270,12.67,666,220,403,114,297,106
46081,"Lawrence County, South Dakota",SD,46,081,27004,33,2952,410,10.93,1099,257,1033,259,820,187
46083,"Lincoln County, South Dakota",SD,46,083,70374,30,5235,624,7.44,2790,464,1443,302,1002,288
46085,"Lyman County, South Dakota",SD,46,085,3696,123,591,92,15.99,289,62,213,55,89,40
46087,"McCook County, South Dakota",SD,46,087,5624,5,795,126,14.14,557,113,141,43,97,34
46089,"McPherson County, South Dakota",SD,46,089,2046,133,214,142,10.46,99,135,76,39,39,22
46091,"Marshall County, South Dakota",SD,46,091,4290,5,387,135,9.02,197,79,116,103,74,38
46093,"Meade County, South Dakota",SD,46,093,28731,690,3216,515,11.19,1268,267,1400,395,548,196
46095,"Mellette County, South Dakota",SD,46,095,1897,210,686,118,36.16,478,97,190,65,18,15
46097,"Miner County, South Dakota",SD,46,097,2234,4,260,59,11.64,94,37,77,34,89,30
46099,"Minnehaha County, South Dakota",SD,46,099,199642,200,24422,1265,12.23,13018,936,8605,762,2799,378
46101,"Moody County, South Dakota",SD,46,101,6327,10,730,108,11.54,400,79,209,58,121,46
46102,"Oglala Lakota County, South Dakota",SD,46,102,13211,432,4624,478,35,2881,349,1433,302,310,124
46103,"Pennington County, South Dakota",SD,46,103,110093,414,15213,1044,13.82,7325,786,5357,592,2531,350
46105,"Perkins County, South Dakota",SD,46,105,2948,134,366,84,12.42,161,64,140,48,65,24
46107,"Potter County, South Dakota",SD,46,107,2326,127,171,60,7.35,82,42,52,34,37,26
46109,"Roberts County, South Dakota",SD,46,109,10010,16,2319,186,23.17,1525,153,554,92,240,53
46111,"Sanborn County, South Dakota",SD,46,111,2323,15,248,64,10.68,107,45,111,44,30,13
46115,"Spink County, South Dakota",SD,46,115,6115,9,683,114,11.17,318,83,216,68,149,39
46117,"Stanley County, South Dakota",SD,46,117,3015,10,265,82,8.79,142,57,99,55,24,23
46119,"Sully County, South Dakota",SD,46,119,1526,127,125,49,8.19,66,39,33,24,26,16
46121,"Todd County, South Dakota",SD,46,121,9121,24,4628,358,50.74,3110,264,1315,232,203,69
46123,"Tripp County, South Dakota",SD,46,123,5421,7,1212,183,22.36,642,133,443,110,127,60
46125,"Turner County, South Dakota",SD,46,125,8711,21,919,115,10.55,464,84,339,67,116,40
46127,"Union County, South Dakota",SD,46,127,16914,52,1215,218,7.18,655,153,351,117,209,102
46129,"Walworth County, South Dakota",SD,46,129,5149,38,591,167,11.48,302,131,207,96,82,40
46135,"Yankton County, South Dakota",SD,46,135,22182,54,3212,438,14.48,1526,296,1281,286,405,151
46137,"Ziebach County, South Dakota",SD,46,137,2377,10,786,74,33.07,427,38,326,61,33,19
47001,"Anderson County, Tennessee",TN,47,001,78133,135,18138,969,23.21,8062,660,7343,582,2733,406
47003,"Bedford County, Tennessee",TN,47,003,51628,32,10191,942,19.74,5871,755,3265,488,1055,281
47005,"Benton County, Tennessee",TN,47,005,15853,7,3826,362,24.13,1678,235,1570,242,578,131
47007,"Bledsoe County, Tennessee",TN,47,007,13851,68,3130,418,22.6,1417,272,1294,280,419,149
47009,"Blount County, Tennessee",TN,47,009,138245,186,21876,1158,15.82,10243,727,9127,838,2506,333
47011,"Bradley County, Tennessee",TN,47,011,110138,59,22068,1274,20.04,11320,873,8184,854,2564,362
47013,"Campbell County, Tennessee",TN,47,013,39240,17,10846,608,27.64,4930,355,4856,440,1060,223
47015,"Cannon County, Tennessee",TN,47,015,14692,19,2866,386,19.51,1613,300,1029,226,224,91
47017,"Carroll County, Tennessee",TN,47,017,28188,37,7257,508,25.74,3392,329,3337,361,528,138
47019,"Carter County, Tennessee",TN,47,019,55944,58,13227,784,23.64,5470,496,5980,551,1777,254
47021,"Cheatham County, Tennessee",TN,47,021,41505,60,5514,592,13.29,2617,442,2436,375,461,119
47023,"Chester County, Tennessee",TN,47,023,17418,22,4096,463,23.52,1734,247,1827,349,535,177
47025,"Claiborne County, Tennessee",TN,47,025,32024,11,7994,633,24.96,3489,384,3439,446,1066,233
47027,"Clay County, Tennessee",TN,47,027,7594,39,2593,326,34.15,1025,169,1214,253,354,118
47029,"Cocke County, Tennessee",TN,47,029,36469,38,10631,783,29.15,4872,458,4519,577,1240,266
47031,"Coffee County, Tennessee",TN,47,031,59083,82,14152,988,23.95,7150,730,5436,621,1566,240
47033,"Crockett County, Tennessee",TN,47,033,13727,16,3365,332,24.51,1704,225,1328,229,333,86
47035,"Cumberland County, Tennessee",TN,47,035,63077,27,14563,1010,23.09,6478,628,6266,732,1819,299
47037,"Davidson County, Tennessee",TN,47,037,710040,288,115793,3246,16.31,63262,2219,40078,2173,12453,944
47039,"Decatur County, Tennessee",TN,47,039,11395,5,3254,294,28.56,1393,177,1440,208,421,109
47041,"DeKalb County, Tennessee",TN,47,041,20781,41,5611,534,27,2467,338,2486,376,658,171
47043,"Dickson County, Tennessee",TN,47,043,55535,68,9729,897,17.52,4589,657,4095,570,1045,220
47045,"Dyer County, Tennessee",TN,47,045,36004,31,10078,780,27.99,4855,523,4324,514,899,267
47047,"Fayette County, Tennessee",TN,47,047,42773,47,6768,538,15.82,2798,364,2827,333,1143,215
47049,"Fentress County, Tennessee",TN,47,049,19155,15,5855,613,30.57,2440,349,2630,469,785,186
47051,"Franklin County, Tennessee",TN,47,051,43620,31,8023,664,18.39,3796,458,3149,439,1078,197
47053,"Gibson County, Tennessee",TN,47,053,50002,28,13305,901,26.61,5952,602,5812,640,1541,199
47055,"Giles County, Tennessee",TN,47,055,30267,20,6191,605,20.45,2746,383,2927,443,518,153
47057,"Grainger County, Tennessee",TN,47,057,24092,25,5202,514,21.59,2081,325,2460,372,661,143
47059,"Greene County, Tennessee",TN,47,059,70756,35,18088,1037,25.56,7300,654,8607,733,2181,332
47061,"Grundy County, Tennessee",TN,47,061,13649,6,3789,353,27.76,1347,193,1886,273,556,114
47063,"Hamblen County, Tennessee",TN,47,063,65105,75,17575,1045,26.99,9260,704,6842,727,1473,262
47065,"Hamilton County, Tennessee",TN,47,065,372732,124,61604,2216,16.53,31560,1650,22454,1336,7590,634
47067,"Hancock County, Tennessee",TN,47,067,6722,5,2492,262,37.07,923,127,1007,174,562,149
47069,"Hardeman County, Tennessee",TN,47,069,21885,425,7216,603,32.97,3222,338,2994,464,1000,186
47071,"Hardin County, Tennessee",TN,47,071,26872,24,8033,704,29.89,3454,383,3414,538,1165,245
47073,"Hawkins County, Tennessee",TN,47,073,57398,35,13436,812,23.41,5802,522,6195,580,1439,225
47075,"Haywood County, Tennessee",TN,47,075,17261,6,5284,430,30.61,2329,300,2205,262,750,162
47077,"Henderson County, Tennessee",TN,47,077,27624,13,7275,634,26.34,3367,345,3380,512,528,144
47079,"Henry County, Tennessee",TN,47,079,32024,24,7849,660,24.51,3226,422,3503,461,1120,211
47081,"Hickman County, Tennessee",TN,47,081,24067,55,5291,556,21.98,2373,351,2123,354,795,247
47083,"Houston County, Tennessee",TN,47,083,8177,33,1950,236,23.85,852,153,794,157,304,87
47085,"Humphreys County, Tennessee",TN,47,085,18868,56,4674,548,24.77,1977,373,2090,369,607,159
47087,"Jackson County, Tennessee",TN,47,087,11873,6,3434,333,28.92,1395,189,1585,236,454,140
47089,"Jefferson County, Tennessee",TN,47,089,56116,39,11733,805,20.91,5573,536,4755,520,1405,301
47091,"Johnson County, Tennessee",TN,47,091,16564,38,4402,421,26.58,2055,242,1750,309,597,152
47093,"Knox County, Tennessee",TN,47,093,490912,165,74850,2281,15.25,38122,1679,29647,1433,7081,576
47095,"Lake County, Tennessee",TN,47,095,4427,82,1775,174,40.09,734,102,796,123,245,70
47097,"Lauderdale County, Tennessee",TN,47,097,22687,85,7132,479,31.44,3543,317,2827,324,762,154
47099,"Lawrence County, Tennessee",TN,47,099,44904,21,9717,727,21.64,4322,480,4355,505,1040,209
47101,"Lewis County, Tennessee",TN,47,101,12852,5,3073,510,23.91,1086,331,1466,338,521,190
47103,"Lincoln County, Tennessee",TN,47,103,35472,43,6781,669,19.12,3295,471,2615,439,871,180
47105,"Loudon County, Tennessee",TN,47,105,58258,58,10238,814,17.57,5809,588,3353,484,1076,287
47107,"McMinn County, Tennessee",TN,47,107,54171,86,13196,872,24.36,6569,652,5451,533,1176,225
47109,"McNairy County, Tennessee",TN,47,109,25621,94,6443,496,25.15,2715,318,3015,354,713,141
47111,"Macon County, Tennessee",TN,47,111,25992,10,6846,714,26.34,3353,503,2957,473,536,181
47113,"Madison County, Tennessee",TN,47,113,97617,41,24087,1278,24.68,10957,801,10888,949,2242,301
47115,"Marion County, Tennessee",TN,47,115,29084,5,6660,576,22.9,2968,330,3046,444,646,161
47117,"Marshall County, Tennessee",TN,47,117,35785,12,6124,697,17.11,3052,476,2228,459,844,219
47119,"Maury County, Tennessee",TN,47,119,106746,30,18553,1218,17.38,9240,873,7579,792,1734,306
47121,"Meigs County, Tennessee",TN,47,121,13240,9,2908,362,21.96,960,198,1510,278,438,120
47123,"Monroe County, Tennessee",TN,47,123,47236,33,12811,830,27.12,5936,479,4898,572,1977,363
47125,"Montgomery County, Tennessee",TN,47,125,219803,1092,39237,2045,17.85,21338,1653,14801,1137,3098,396
47127,"Moore County, Tennessee",TN,47,127,6585,22,1193,233,18.12,514,146,515,166,164,75
47129,"Morgan County, Tennessee",TN,47,129,19279,97,4545,489,23.57,2079,289,1842,366,624,147
47131,"Obion County, Tennessee",TN,47,131,30148,16,7248,558,24.04,3201,354,3098,395,949,172
47133,"Overton County, Tennessee",TN,47,133,22866,8,6346,508,27.75,2860,296,2744,368,742,188
47135,"Perry County, Tennessee",TN,47,135,8547,5,1920,313,22.46,1059,240,552,155,309,127
47137,"Pickett County, Tennessee",TN,47,137,5019,15,1566,187,31.2,702,102,636,138,228,75
47139,"Polk County, Tennessee",TN,47,139,17692,8,3215,425,18.17,1388,295,1436,282,391,120
47141,"Putnam County, Tennessee",TN,47,141,81753,91,16378,1001,20.03,8078,716,6614,652,1686,253
47143,"Rhea County, Tennessee",TN,47,143,33793,15,7593,680,22.47,3727,449,2957,456,909,230
47145,"Roane County, Tennessee",TN,47,145,54851,47,11286,767,20.58,4970,483,4792,527,1524,279
47147,"Robertson County, Tennessee",TN,47,147,74828,45,11679,869,15.61,6423,631,4205,566,1051,190
47149,"Rutherford County, Tennessee",TN,47,149,358593,263,56633,2435,15.79,31139,1794,20757,1552,4737,551
47151,"Scott County, Tennessee",TN,47,151,21853,13,7085,512,32.42,3316,280,2989,391,780,176
47153,"Sequatchie County, Tennessee",TN,47,153,16574,8,4111,428,24.8,1939,263,1826,315,346,120
47155,"Sevier County, Tennessee",TN,47,155,98876,173,18880,1146,19.09,10407,841,6402,707,2071,327
47157,"Shelby County, Tennessee",TN,47,157,907880,473,215127,4343,23.7,113104,3169,78590,2729,23433,1171
47159,"Smith County, Tennessee",TN,47,159,20222,5,4162,440,20.58,1970,312,1753,285,439,123
47161,"Stewart County, Tennessee",TN,47,161,13878,42,2459,343,17.72,1094,234,1005,219,360,123
47163,"Sullivan County, Tennessee",TN,47,163,158845,128,36389,1410,22.91,16289,869,15350,964,4750,551
47165,"Sumner County, Tennessee",TN,47,165,202751,122,30774,1427,15.18,16022,1087,11533,827,3219,413
47167,"Tipton County, Tennessee",TN,47,167,60761,163,13088,778,21.54,6845,516,5495,557,748,171
47169,"Trousdale County, Tennessee",TN,47,169,9477,107,2074,388,21.88,1018,242,792,275,264,127
47171,"Unicoi County, Tennessee",TN,47,171,17443,30,4624,477,26.51,2068,301,1878,314,678,197
47173,"Union County, Tennessee",TN,47,173,20283,5,5219,438,25.73,2524,291,2119,291,576,150
47175,"Van Buren County, Tennessee",TN,47,175,6354,3,1056,161,16.62,507,112,421,105,128,50
47177,"Warren County, Tennessee",TN,47,177,41721,15,11962,747,28.67,5957,490,4680,516,1325,228
47179,"Washington County, Tennessee",TN,47,179,134812,80,23737,1280,17.61,9831,806,10569,902,3337,417
47181,"Wayne County, Tennessee",TN,47,181,14420,44,3675,392,25.49,1194,190,1935,300,546,166
47183,"Weakley County, Tennessee",TN,47,183,32591,49,7193,563,22.07,3447,385,3094,382,652,152
47185,"White County, Tennessee",TN,47,185,27842,54,7256,620,26.06,3392,413,3176,430,688,170
47187,"Williamson County, Tennessee",TN,47,187,259519,59,17561,1275,6.77,7824,867,6998,784,2739,508
47189,"Wilson County, Tennessee",TN,47,189,157626,73,18464,1194,11.71,9018,818,7559,800,1887,342
48001,"Anderson County, Texas",TX,48,001,48174,222,11177,885,23.2,5953,555,4296,664,928,187
48003,"Andrews County, Texas",TX,48,003,18419,17,2734,491,14.84,1989,448,609,188,136,72
48005,"Angelina County, Texas",TX,48,005,85235,50,19728,1250,23.15,10758,874,6921,827,2049,337
48007,"Aransas County, Texas",TX,48,007,24669,7,3834,526,15.54,1502,310,1402,355,930,233
48009,"Archer County, Texas",TX,48,009,8801,21,903,162,10.26,415,90,380,128,108,43
48011,"Armstrong County, Texas",TX,48,011,1771,126,228,78,12.87,132,59,79,49,17,14
48013,"Atascosa County, Texas",TX,48,013,50412,65,10129,896,20.09,5409,636,2876,539,1844,327
48015,"Austin County, Texas",TX,48,015,30945,15,4227,469,13.66,2587,334,1254,305,386,124
48017,"Bailey County, Texas",TX,48,017,6762,342,1132,334,16.74,537,225,120,75,475,235
48019,"Bandera County, Texas",TX,48,019,21885,7,3488,493,15.94,1576,293,1250,340,662,204
48021,"Bastrop County, Texas",TX,48,021,103684,246,14683,1349,14.16,9709,1198,3444,529,1530,322
48023,"Baylor County, Texas",TX,48,023,3415,4,622,135,18.21,360,90,201,92,61,40
48025,"Bee County, Texas",TX,48,025,24362,232,4639,531,19.04,2928,433,1168,274,543,138
48027,"Bell County, Texas",TX,48,027,362876,1338,65529,2636,18.06,39541,2274,20151,1211,5837,557
48029,"Bexar County, Texas",TX,48,029,2023493,1841,374701,5774,18.52,220043,4600,115587,3087,39071,1629
48031,"Blanco County, Texas",TX,48,031,12321,46,1028,223,8.34,465,164,351,125,212,84
48033,"Borden County, Texas",TX,48,033,713,135,55,39,7.71,17,24,18,27,20,14
48035,"Bosque County, Texas",TX,48,035,18337,41,2874,282,15.67,1727,221,701,133,446,113
48037,"Bowie County, Texas",TX,48,037,86531,110,16091,1030,18.6,8590,741,5526,636,1975,327
48039,"Brazoria County, Texas",TX,48,039,378252,406,46647,2211,12.33,26293,1803,13937,1135,6417,591
48041,"Brazos County, Texas",TX,48,041,238575,202,29799,1451,12.49,17762,1138,9735,836,2302,335
48043,"Brewster County, Texas",TX,48,043,9441,4,1076,301,11.4,316,171,230,153,530,195
48045,"Briscoe County, Texas",TX,48,045,1301,136,220,68,16.91,115,53,44,23,61,36
48047,"Brooks County, Texas",TX,48,047,6624,129,2087,428,31.51,1143,314,489,249,455,150
48049,"Brown County, Texas",TX,48,049,37270,57,7514,642,20.16,3551,354,2441,444,1522,300
48051,"Burleson County, Texas",TX,48,051,18659,45,2940,388,15.76,1674,301,950,222,316,102
48053,"Burnet County, Texas",TX,48,053,51693,39,6638,615,12.84,3972,490,1800,325,866,181
48055,"Caldwell County, Texas",TX,48,055,46674,175,8150,810,17.46,4852,634,2458,443,840,242
48057,"Calhoun County, Texas",TX,48,057,19618,7,2650,551,13.51,1487,435,913,317,250,117
48059,"Callahan County, Texas",TX,48,059,14129,26,2868,381,20.3,1865,297,728,209,275,114
48061,"Cameron County, Texas",TX,48,061,423712,134,115101,2544,27.16,74431,1999,24583,1308,16087,874
48063,"Camp County, Texas",TX,48,063,12727,9,3252,380,25.55,2035,293,1042,228,175,81
48065,"Carson County, Texas",TX,48,065,5754,48,482,134,8.38,303,111,88,61,91,45
48067,"Cass County, Texas",TX,48,067,28225,7,5925,596,20.99,3223,456,2054,353,648,150
48069,"Castro County, Texas",TX,48,069,7232,31,1546,234,21.38,910,186,180,77,456,119
48071,"Chambers County, Texas",TX,48,071,51091,130,6603,889,12.92,4275,749,1841,430,487,209
48073,"Cherokee County, Texas",TX,48,073,48845,111,10173,758,20.83,6550,613,2602,403,1021,190
48075,"Childress County, Texas",TX,48,075,5311,39,952,264,17.93,548,191,185,144,219,112
48077,"Clay County, Texas",TX,48,077,10404,49,1308,189,12.57,617,142,458,105,233,66
48079,"Cochran County, Texas",TX,48,079,2442,30,801,113,32.8,459,74,272,81,70,26
48081,"Coke County, Texas",TX,48,081,3216,15,713,124,22.17,331,88,285,80,97,36
48083,"Coleman County, Texas",TX,48,083,7794,3,1679,288,21.54,923,228,613,161,143,70
48085,"Collin County, Texas",TX,48,085,1159049,307,78889,2934,6.81,41605,2132,25969,1851,11315,798
48087,"Collingsworth County, Texas",TX,48,087,2533,159,495,143,19.54,265,111,118,68,112,58
48089,"Colorado County, Texas",TX,48,089,20620,15,3551,527,17.22,1714,395,1355,306,482,166
48091,"Comal County, Texas",TX,48,091,182239,196,17384,1458,9.54,9281,1160,5306,790,2797,394
48093,"Comanche County, Texas",TX,48,093,13794,4,2217,263,16.07,1410,204,514,137,293,94
48095,"Concho County, Texas",TX,48,095,2466,95,371,73,15.04,212,50,61,31,98,44
48097,"Cooke County, Texas",TX,48,097,42548,22,6683,622,15.71,3922,472,2078,367,683,171
48099,"Coryell County, Texas",TX,48,099,63773,805,11398,810,17.87,6289,629,3834,461,1275,219
48101,"Cottle County, Texas",TX,48,101,1363,210,342,109,25.09,195,75,110,76,37,24
48103,"Crane County, Texas",TX,48,103,4484,46,634,279,14.14,456,258,120,92,58,55
48105,"Crockett County, Texas",TX,48,105,2767,282,256,133,9.25,0,21,116,110,140,72
48107,"Crosby County, Texas",TX,48,107,4948,34,1287,149,26.01,834,107,334,96,119,38
48109,"Culberson County, Texas",TX,48,109,2177,18,635,270,29.17,397,235,77,59,161,120
48111,"Dallam County, Texas",TX,48,111,7264,3,1341,290,18.46,1055,245,196,137,90,74
48113,"Dallas County, Texas",TX,48,113,2601589,947,456966,6891,17.56,293827,5592,119217,3636,43922,1730
48115,"Dawson County, Texas",TX,48,115,10289,65,2178,317,21.17,1331,260,602,152,245,99
48117,"Deaf Smith County, Texas",TX,48,117,18257,18,4022,511,22.03,2936,432,854,249,232,110
48119,"Delta County, Texas",TX,48,119,5385,2,1352,244,25.11,776,201,439,129,137,50
48121,"Denton County, Texas",TX,48,121,975783,220,70207,2717,7.19,38219,2128,23294,1486,8694,803
48123,"DeWitt County, Texas",TX,48,123,18243,65,3133,418,17.17,1697,340,844,204,592,132
48125,"Dickens County, Texas",TX,48,125,1711,155,424,85,24.78,188,60,150,51,86,33
48127,"Dimmit County, Texas",TX,48,127,8247,7,3605,474,43.71,1990,298,1170,332,445,159
48129,"Donley County, Texas",TX,48,129,3135,22,337,100,10.75,102,54,173,72,62,44
48131,"Duval County, Texas",TX,48,131,9125,27,2798,503,30.66,1546,413,767,232,485,170
48133,"Eastland County, Texas",TX,48,133,17779,24,3574,424,20.1,1808,266,1365,308,401,119
48135,"Ector County, Texas",TX,48,135,162871,313,25015,1636,15.36,14923,1356,7110,808,2982,429
48137,"Edwards County, Texas",TX,48,137,1249,283,236,126,18.9,131,112,33,25,72,53
48139,"Ellis County, Texas",TX,48,139,211671,118,25061,1740,11.84,14802,1439,7613,861,2646,463
48141,"El Paso County, Texas",TX,48,141,844384,1137,189362,3725,22.43,110616,2942,48662,1926,30084,1229
48143,"Erath County, Texas",TX,48,143,43335,25,5094,578,11.75,3267,492,1336,277,491,125
48145,"Falls County, Texas",TX,48,145,15350,91,2583,405,16.83,1495,306,648,212,440,160
48147,"Fannin County, Texas",TX,48,147,34432,103,6271,475,18.21,3686,366,1900,265,685,146
48149,"Fayette County, Texas",TX,48,149,24639,30,2506,375,10.17,1378,283,724,219,404,111
48151,"Fisher County, Texas",TX,48,151,3629,8,725,112,19.98,344,76,287,73,94,37
48153,"Floyd County, Texas",TX,48,153,5196,1,876,194,16.86,494,154,267,101,115,61
48155,"Foard County, Texas",TX,48,155,947,172,52,41,5.49,21,25,23,24,8,21
48157,"Fort Bend County, Texas",TX,48,157,888286,279,94403,3959,10.63,52288,3131,27905,2074,14210,1252
48159,"Franklin County, Texas",TX,48,159,10532,5,1587,269,15.07,913,197,345,126,329,132
48161,"Freestone County, Texas",TX,48,161,18586,48,3764,427,20.25,1720,272,1421,277,623,179
48163,"Frio County, Texas",TX,48,163,16422,362,3705,540,22.56,2213,420,869,283,623,188
48165,"Gaines County, Texas",TX,48,165,22037,15,5051,545,22.92,3758,432,1068,307,225,126
48167,"Galveston County, Texas",TX,48,167,354411,299,45688,1960,12.89,25238,1474,14825,1197,5625,487
48169,"Garza County, Texas",TX,48,169,3802,218,562,167,14.78,253,115,261,113,48,42
48171,"Gillespie County, Texas",TX,48,171,27167,9,2926,448,10.77,1675,332,883,262,368,148
48173,"Glasscock County, Texas",TX,48,173,1068,146,49,52,4.59,30,45,17,26,2,4
48175,"Goliad County, Texas",TX,48,175,7050,42,1005,240,14.26,389,107,451,205,165,64
48177,"Gonzales County, Texas",TX,48,177,19546,9,3613,497,18.48,2128,405,1119,263,366,118
48179,"Gray County, Texas",TX,48,179,19374,63,3505,372,18.09,2422,320,661,138,422,131
48181,"Grayson County, Texas",TX,48,181,142031,48,21298,1182,15,11441,896,7314,676,2543,372
48183,"Gregg County, Texas",TX,48,183,123439,104,25385,1290,20.56,15639,1014,7666,736,2080,308
48185,"Grimes County, Texas",TX,48,185,27796,676,5659,590,20.36,3193,425,1683,350,783,213
48187,"Guadalupe County, Texas",TX,48,187,180767,319,23159,1411,12.81,12973,1080,7471,812,2715,407
48189,"Hale County, Texas",TX,48,189,30389,60,8184,679,26.93,4671,527,2318,379,1195,200
48191,"Hall County, Texas",TX,48,191,2775,7,607,110,21.87,314,72,171,66,122,50
48193,"Hamilton County, Texas",TX,48,193,8214,4,1596,239,19.43,910,180,479,141,207,69
48195,"Hansford County, Texas",TX,48,195,5048,11,374,146,7.41,234,131,67,39,73,51
48197,"Hardeman County, Texas",TX,48,197,3493,11,513,112,14.69,249,79,204,72,60,34
48199,"Hardin County, Texas",TX,48,199,57162,55,7972,923,13.95,4431,698,2699,554,842,242
48201,"Harris County, Texas",TX,48,201,4810498,1004,883506,9883,18.37,545804,8064,250958,5161,86744,2452
48203,"Harrison County, Texas",TX,48,203,69522,31,13374,1016,19.24,7293,771,4332,557,1749,356
48205,"Hartley County, Texas",TX,48,205,3817,56,639,187,16.74,344,141,183,104,112,66
48207,"Haskell County, Texas",TX,48,207,5226,128,997,153,19.08,562,117,317,90,118,42
48209,"Hays County, Texas",TX,48,209,266465,286,26886,1760,10.09,15221,1407,8725,926,2940,511
48211,"Hemphill County, Texas",TX,48,211,3191,15,333,104,10.44,158,61,88,44,87,72
48213,"Henderson County, Texas",TX,48,213,83924,20,17767,914,21.17,9189,620,6195,582,2383,334
48215,"Hidalgo County, Texas",TX,48,215,884598,429,253474,4332,28.65,172013,3637,47520,1997,33941,1244
48217,"Hill County, Texas",TX,48,217,36760,17,6105,440,16.61,3411,335,1999,246,695,144
48219,"Hockley County, Texas",TX,48,219,21168,7,4118,386,19.45,2453,295,1272,231,393,91
48221,"Hood County, Texas",TX,48,221,65074,21,8805,736,13.53,4536,518,2662,436,1607,289
48223,"Hopkins County, Texas",TX,48,223,37228,21,5409,495,14.53,3123,402,1683,257,603,130
48225,"Houston County, Texas",TX,48,225,19477,66,4453,500,22.86,2345,377,1571,302,537,128
48227,"Howard County, Texas",TX,48,227,29403,436,6203,527,21.1,3180,392,2387,314,636,161
48229,"Hudspeth County, Texas",TX,48,229,2929,13,565,189,19.29,229,111,246,150,90,28
48231,"Hunt County, Texas",TX,48,231,108174,45,17843,1035,16.49,10352,794,5939,611,1552,258
48233,"Hutchinson County, Texas",TX,48,233,20028,10,2457,362,12.27,1003,247,1019,217,435,151
48235,"Irion County, Texas",TX,48,235,1409,148,140,67,9.94,97,62,35,23,8,8
48237,"Jack County, Texas",TX,48,237,7806,29,1065,235,13.64,537,169,391,142,137,80
48239,"Jackson County, Texas",TX,48,239,14943,14,2264,400,15.15,1157,294,857,251,250,104
48241,"Jasper County, Texas",TX,48,241,31480,103,6251,549,19.86,3766,408,1802,328,683,165
48243,"Jeff Davis County, Texas",TX,48,243,1850,341,130,109,7.03,104,104,0,21,26,24
48245,"Jefferson County, Texas",TX,48,245,239620,346,49856,1812,20.81,31576,1414,13430,1033,4850,467
48247,"Jim Hogg County, Texas",TX,48,247,4656,4,1422,224,30.54,1162,193,165,94,95,65
48249,"Jim Wells County, Texas",TX,48,249,38514,12,9692,862,25.16,5554,570,3192,606,946,227
48251,"Johnson County, Texas",TX,48,251,192808,215,22708,1331,11.78,13490,1097,6890,668,2328,349
48253,"Jones County, Texas",TX,48,253,14466,189,2411,312,16.67,1550,234,636,176,225,109
48255,"Karnes County, Texas",TX,48,255,11613,157,2371,398,20.42,1453,336,558,183,360,111
48257,"Kaufman County, Texas",TX,48,257,171350,90,23244,1484,13.57,14490,1170,7049,852,1705,327
48259,"Kendall County, Texas",TX,48,259,47855,59,4126,606,8.62,2135,427,1216,382,775,197
48261,"Kenedy County, Texas",TX,48,261,145,90,7,27,4.83,2,16,4,16,1,15
48263,"Kent County, Texas",TX,48,263,680,117,105,59,15.44,9,23,72,50,24,21
48265,"Kerr County, Texas",TX,48,265,52387,72,5565,567,10.62,3254,411,1339,313,972,234
48267,"Kimble County, Texas",TX,48,267,4349,40,675,161,15.52,343,117,177,86,155,69
48269,"King County, Texas",TX,48,269,211,83,14,31,6.64,14,10,0,21,0,21
48271,"Kinney County, Texas",TX,48,271,2814,14,319,147,11.34,112,98,132,80,75,74
48273,"Kleberg County, Texas",TX,48,273,29929,99,6710,653,22.42,4350,521,1812,364,548,152
48275,"Knox County, Texas",TX,48,275,3189,16,538,101,16.87,277,78,169,55,92,33
48277,"Lamar County, Texas",TX,48,277,50139,31,10167,728,20.28,5611,488,3020,460,1536,282
48279,"Lamb County, Texas",TX,48,279,12628,14,2299,284,18.21,1536,224,456,140,307,103
48281,"Lampasas County, Texas",TX,48,281,22293,93,3923,432,17.6,2250,318,1008,229,665,183
48283,"La Salle County, Texas",TX,48,283,5698,122,900,297,15.8,348,176,380,224,172,84
48285,"Lavaca County, Texas",TX,48,285,20133,11,2156,269,10.71,1322,216,460,108,374,119
48287,"Lee County, Texas",TX,48,287,17524,58,3034,442,17.31,1753,332,885,261,396,130
48289,"Leon County, Texas",TX,48,289,16161,33,2062,321,12.76,1175,267,581,151,306,95
48291,"Liberty County, Texas",TX,48,291,98236,170,19070,1562,19.41,13062,1357,5087,740,921,223
48293,"Limestone County, Texas",TX,48,293,21680,20,5388,426,24.85,2931,301,1797,260,660,152
48295,"Lipscomb County, Texas",TX,48,295,2866,15,453,89,15.81,307,79,119,37,27,15
48297,"Live Oak County, Texas",TX,48,297,10063,52,1528,290,15.18,895,204,391,183,242,95
48299,"Llano County, Texas",TX,48,299,22228,3,3042,410,13.69,1442,273,798,224,802,208
48301,"Loving County, Texas",TX,48,301,33,30,21,40,63.64,0,21,0,21,21,27
48303,"Lubbock County, Texas",TX,48,303,314309,174,49549,1757,15.76,28507,1351,16387,1047,4655,408
48305,"Lynn County, Texas",TX,48,305,5702,7,1014,137,17.78,678,110,275,74,61,35
48307,"McCulloch County, Texas",TX,48,307,7411,22,1496,285,20.19,543,205,440,153,513,126
48309,"McLennan County, Texas",TX,48,309,262338,99,44517,1653,16.97,27466,1260,12620,957,4431,480
48311,"McMullen County, Texas",TX,48,311,700,280,171,123,24.43,144,120,24,22,3,16
48313,"Madison County, Texas",TX,48,313,11405,332,1973,389,17.3,1342,300,486,233,145,85
48315,"Marion County, Texas",TX,48,315,9622,3,1803,277,18.74,674,189,638,158,491,126
48317,"Martin County, Texas",TX,48,317,5157,36,460,145,8.92,305,120,142,77,13,26
48319,"Mason County, Texas",TX,48,319,3947,11,282,120,7.14,76,61,135,83,71,61
48321,"Matagorda County, Texas",TX,48,321,35987,19,7288,899,20.25,4403,726,1822,460,1063,265
48323,"Maverick County, Texas",TX,48,323,57643,35,17951,1182,31.14,10630,955,4333,599,2988,355
48325,"Medina County, Texas",TX,48,325,51077,152,9157,820,17.93,4612,619,3201,457,1344,284
48327,"Menard County, Texas",TX,48,327,1909,9,410,153,21.48,111,79,210,119,89,56
48329,"Midland County, Texas",TX,48,329,173380,236,23321,1706,13.45,13468,1367,6874,895,2979,492
48331,"Milam County, Texas",TX,48,331,25041,18,4174,448,16.67,1938,293,1590,308,646,142
48333,"Mills County, Texas",TX,48,333,4357,8,679,121,15.58,359,93,235,70,85,32
48335,"Mitchell County, Texas",TX,48,335,7622,56,1456,307,19.1,949,252,365,167,142,51
48337,"Montague County, Texas",TX,48,337,20772,17,3975,423,19.14,2000,306,1381,252,594,147
48339,"Montgomery County, Texas",TX,48,339,681253,367,75510,2974,11.08,46366,2411,21061,1539,8083,816
48341,"Moore County, Texas",TX,48,341,21238,4,2504,412,11.79,1983,371,265,145,256,107
48343,"Morris County, Texas",TX,48,343,11960,6,2521,301,21.08,1345,225,925,176,251,94
48345,"Motley County, Texas",TX,48,345,1183,136,231,97,19.53,91,42,124,86,16,15
48347,"Nacogdoches County, Texas",TX,48,347,64388,20,12626,841,19.61,7884,665,3791,480,951,187
48349,"Navarro County, Texas",TX,48,349,53949,70,10735,768,19.9,6794,606,3015,430,926,194
48351,"Newton County, Texas",TX,48,351,11950,36,2614,313,21.87,1377,195,863,203,374,136
48353,"Nolan County, Texas",TX,48,353,14267,8,3745,353,26.25,2249,276,1082,192,414,108
48355,"Nueces County, Texas",TX,48,355,347034,476,71016,2353,20.46,39713,1800,22165,1359,9138,671
48357,"Ochiltree County, Texas",TX,48,357,9714,35,1380,301,14.21,925,268,303,103,152,89
48359,"Oldham County, Texas",TX,48,359,1767,231,176,64,9.96,90,54,54,30,32,17
48361,"Orange County, Texas",TX,48,361,84666,44,14804,886,17.49,9489,675,4227,516,1088,252
48363,"Palo Pinto County, Texas",TX,48,363,29023,9,6349,544,21.88,3849,415,1652,314,848,159
48365,"Panola County, Texas",TX,48,365,22466,46,3876,459,17.25,2245,366,1178,243,453,133
48367,"Parker County, Texas",TX,48,367,163643,164,15589,1219,9.53,8730,935,4838,660,2021,421
48369,"Parmer County, Texas",TX,48,369,9626,17,1394,252,14.48,1098,233,255,92,41,31
48371,"Pecos County, Texas",TX,48,371,12798,55,2000,416,15.63,1357,359,264,159,379,136
48373,"Polk County, Texas",TX,48,373,48967,128,9717,758,19.84,5145,508,3272,514,1300,230
48375,"Potter County, Texas",TX,48,375,109320,247,23720,1242,21.7,14662,998,6402,648,2656,355
48377,"Presidio County, Texas",TX,48,377,5927,7,1414,413,23.86,776,336,450,200,188,132
48379,"Rains County, Texas",TX,48,379,12710,5,1876,272,14.76,1054,198,589,164,233,90
48381,"Randall County, Texas",TX,48,381,145034,120,15944,1201,10.99,8256,898,5346,723,2342,336
48383,"Reagan County, Texas",TX,48,383,3224,3,399,133,12.38,293,116,46,47,60,46
48385,"Real County, Texas",TX,48,385,2708,3,422,171,15.58,274,145,118,86,30,31
48387,"Red River County, Texas",TX,48,387,11428,13,2367,313,20.71,1372,222,805,208,190,72
48389,"Reeves County, Texas",TX,48,389,11682,211,2275,488,19.47,1294,395,609,260,372,120
48391,"Refugio County, Texas",TX,48,391,6560,4,1219,195,18.58,661,142,403,123,155,54
48393,"Roberts County, Texas",TX,48,393,832,126,40,31,4.81,29,20,11,10,0,21
48395,"Robertson County, Texas",TX,48,395,16962,5,3012,372,17.76,1385,252,1183,245,444,121
48397,"Rockwall County, Texas",TX,48,397,122794,103,9296,956,7.57,5122,754,2822,520,1352,275
48399,"Runnels County, Texas",TX,48,399,9662,16,1685,253,17.44,863,179,597,166,225,65
48401,"Rusk County, Texas",TX,48,401,47977,86,9158,678,19.09,5468,520,2771,390,919,192
48403,"Sabine County, Texas",TX,48,403,9902,10,1264,233,12.77,557,171,469,135,238,84
48405,"San Augustine County, Texas",TX,48,405,7658,4,2090,280,27.29,1149,186,559,138,382,158
48407,"San Jacinto County, Texas",TX,48,407,28255,63,6073,584,21.49,3246,369,1995,408,832,196
48409,"San Patricio County, Texas",TX,48,409,69447,100,12022,847,17.31,7423,650,3148,474,1451,265
48411,"San Saba County, Texas",TX,48,411,5094,63,700,146,13.74,360,105,234,87,106,52
48413,"Schleicher County, Texas",TX,48,413,2345,20,176,78,7.51,99,64,21,19,56,40
48415,"Scurry County, Texas",TX,48,415,14877,89,2396,439,16.11,1364,340,898,265,134,82
48417,"Shackelford County, Texas",TX,48,417,3140,12,480,96,15.29,254,70,194,63,32,18
48419,"Shelby County, Texas",TX,48,419,24021,3,5382,539,22.41,3489,444,1271,245,622,184
48421,"Sherman County, Texas",TX,48,421,2259,228,318,126,14.08,204,95,110,81,4,16
48423,"Smith County, Texas",TX,48,423,238885,210,43426,1781,18.18,26737,1318,12569,1117,4120,433
48425,"Somervell County, Texas",TX,48,425,9530,5,1087,209,11.41,561,136,463,151,63,50
48427,"Starr County, Texas",TX,48,427,65571,27,23871,1103,36.4,14591,819,5315,623,3965,396
48429,"Stephens County, Texas",TX,48,429,8828,51,1777,294,20.13,921,195,598,198,258,97
48431,"Sterling County, Texas",TX,48,431,1434,172,203,92,14.16,135,74,24,29,44,46
48433,"Stonewall County, Texas",TX,48,433,1181,116,291,76,24.64,188,64,65,33,38,25
48435,"Sutton County, Texas",TX,48,435,3260,17,468,188,14.36,149,124,137,116,182,81
48437,"Swisher County, Texas",TX,48,437,6316,56,1421,258,22.5,724,202,470,134,227,89
48439,"Tarrant County, Texas",TX,48,439,2149206,559,304111,5892,14.15,190071,5065,84019,2592,30021,1532
48441,"Taylor County, Texas",TX,48,441,139215,595,22252,1256,15.98,13475,995,6498,700,2279,312
48443,"Terrell County, Texas",TX,48,443,835,282,57,48,6.83,0,21,8,21,49,38
48445,"Terry County, Texas",TX,48,445,10900,51,3053,400,28.01,2021,265,860,285,172,93
48447,"Throckmorton County, Texas",TX,48,447,1639,148,330,81,20.13,176,65,79,34,75,34
48449,"Titus County, Texas",TX,48,449,31135,2,6740,511,21.65,4254,396,1900,286,586,149
48451,"Tom Green County, Texas",TX,48,451,115188,448,18079,1195,15.7,9828,942,5898,624,2353,389
48453,"Travis County, Texas",TX,48,453,1321294,400,142400,4367,10.78,71831,3288,55544,2670,15025,1065
48455,"Trinity County, Texas",TX,48,455,13902,24,3040,384,21.87,1423,253,995,217,622,191
48457,"Tyler County, Texas",TX,48,457,18108,76,3924,356,21.67,2325,255,1164,221,435,115
48459,"Upshur County, Texas",TX,48,459,42076,8,8516,755,20.24,4356,513,3021,509,1139,217
48461,"Upton County, Texas",TX,48,461,3119,4,171,57,5.48,36,31,93,33,42,34
48463,"Uvalde County, Texas",TX,48,463,24280,90,5601,672,23.07,3187,567,1438,306,976,192
48465,"Val Verde County, Texas",TX,48,465,45186,234,10305,878,22.81,6223,716,2434,445,1648,247
48467,"Van Zandt County, Texas",TX,48,467,62038,39,9717,827,15.66,5169,613,3167,482,1381,275
48469,"Victoria County, Texas",TX,48,469,90348,196,15292,1087,16.93,9287,887,4445,553,1560,300
48471,"Walker County, Texas",TX,48,471,66817,204,10146,971,15.18,4353,534,4067,741,1726,329
48473,"Waller County, Texas",TX,48,473,61334,53,9717,899,15.84,5892,634,3179,609,646,186
48475,"Ward County, Texas",TX,48,475,11026,6,1693,304,15.35,1145,261,403,145,145,59
48477,"Washington County, Texas",TX,48,477,35764,53,5143,597,14.38,2933,428,1638,382,572,165
48479,"Webb County, Texas",TX,48,479,267637,206,74752,2427,27.93,50877,2050,15258,1152,8617,601
48481,"Wharton County, Texas",TX,48,481,41353,13,6578,685,15.91,3914,528,1727,370,937,230
48483,"Wheeler County, Texas",TX,48,483,4773,31,883,139,18.5,581,117,229,68,73,32
48485,"Wichita County, Texas",TX,48,485,118011,583,22792,1349,19.31,13392,1104,6852,702,2548,328
48487,"Wilbarger County, Texas",TX,48,487,12292,19,2955,483,24.04,1552,358,1125,301,278,121
48489,"Willacy County, Texas",TX,48,489,18518,86,5478,498,29.58,3093,334,1702,340,683,143
48491,"Williamson County, Texas",TX,48,491,668630,359,56654,2642,8.47,30102,2161,18492,1313,8060,765
48493,"Wilson County, Texas",TX,48,493,52144,112,6890,653,13.21,3835,513,1935,341,1120,218
48495,"Winkler County, Texas",TX,48,495,7373,6,1045,200,14.17,670,166,204,83,171,74
48497,"Wise County, Texas",TX,48,497,73891,41,9697,771,13.12,5757,609,2961,426,979,206
48499,"Wood County, Texas",TX,48,499,45740,38,7744,757,16.93,3578,522,3032,472,1134,280
48501,"Yoakum County, Texas",TX,48,501,7497,4,1283,352,17.11,856,300,376,178,51,47
48503,"Young County, Texas",TX,48,503,17781,5,2770,432,15.58,1590,361,901,213,279,103
48505,"Zapata County, Texas",TX,48,505,13595,29,4504,454,33.13,2787,333,1116,274,601,141
48507,"Zavala County, Texas",TX,48,507,9324,41,3644,469,39.08,2003,303,1123,331,518,137
49001,"Beaver County, Utah",UT,49,001,6919,70,812,243,11.74,459,187,321,149,32,42
49003,"Box Elder County, Utah",UT,49,003,60857,79,6658,600,10.94,2796,418,3232,403,630,150
49005,"Cache County, Utah",UT,49,005,139343,45,16229,1006,11.65,8804,830,6102,521,1323,229
49007,"Carbon County, Utah",UT,49,007,20313,32,4557,417,22.43,1975,287,2028,263,554,149
49009,"Daggett County, Utah",UT,49,009,724,109,71,28,9.81,15,12,45,21,11,15
49011,"Davis County, Utah",UT,49,011,366384,386,33000,1924,9.01,15756,1578,14249,1045,2995,347
49013,"Duchesne County, Utah",UT,49,013,19944,20,3370,264,16.9,1544,194,1515,164,311,73
49015,"Emery County, Utah",UT,49,015,9993,16,1810,202,18.11,976,144,605,124,229,69
49017,"Garfield County, Utah",UT,49,017,5076,9,551,136,10.86,227,104,175,68,149,55
49019,"Grand County, Utah",UT,49,019,9681,6,1552,315,16.03,575,142,621,220,356,176
49021,"Iron County, Utah",UT,49,021,61845,106,10152,834,16.42,4857,608,4275,521,1020,234
49023,"Juab County, Utah",UT,49,023,12486,11,1758,350,14.08,988,244,661,242,109,64
49025,"Kane County, Utah",UT,49,025,7923,39,765,211,9.66,416,177,261,103,88,52
49027,"Millard County, Utah",UT,49,027,13172,6,1775,231,13.48,1068,184,534,124,173,64
49029,"Morgan County, Utah",UT,49,029,12783,3,576,167,4.51,263,122,238,106,75,43
49031,"Piute County, Utah",UT,49,031,1682,108,246,82,14.63,101,54,81,50,64,36
49033,"Rich County, Utah",UT,49,033,2623,9,376,85,14.33,175,63,107,42,94,39
49035,"Salt Lake County, Utah",UT,49,035,1189413,297,124049,3489,10.43,56521,2648,53059,2035,14469,1010
49037,"San Juan County, Utah",UT,49,037,14316,17,3991,293,27.88,1757,192,1771,205,463,83
49039,"Sanpete County, Utah",UT,49,039,27716,78,5393,581,19.46,2882,463,2214,339,297,90
49041,"Sevier County, Utah",UT,49,041,21703,26,3227,357,14.87,1433,265,1511,229,283,70
49043,"Summit County, Utah",UT,49,043,42887,10,1813,327,4.23,677,213,785,214,351,125
49045,"Tooele County, Utah",UT,49,045,78791,100,8722,834,11.07,4239,636,3790,503,693,195
49047,"Uintah County, Utah",UT,49,047,36787,19,7224,646,19.64,3309,477,3116,383,799,208
49049,"Utah County, Utah",UT,49,049,702375,263,68330,2152,9.73,34557,1691,29241,1253,4532,448
49051,"Wasatch County, Utah",UT,49,051,36383,91,2393,422,6.58,1185,337,902,232,306,103
49053,"Washington County, Utah",UT,49,053,195038,71,25232,1527,12.94,12393,1230,9685,797,3154,429
49055,"Wayne County, Utah",UT,49,055,2570,4,313,115,12.18,99,76,205,86,9,9
49057,"Weber County, Utah",UT,49,057,266184,419,31373,1521,11.79,15262,1219,12746,825,3365,382
50001,"Addison County, Vermont",VT,50,001,37381,33,7295,452,19.52,2439,257,4009,348,847,131
50003,"Bennington County, Vermont",VT,50,003,36773,131,9830,739,26.73,3506,363,4959,593,1365,251
50005,"Caledonia County, Vermont",VT,50,005,30162,23,8507,547,28.2,2842,270,4600,437,1065,189
50007,"Chittenden County, Vermont",VT,50,007,168534,155,27343,1403,16.22,8985,837,15005,1043,3353,423
50009,"Essex County, Vermont",VT,50,009,5980,4,2005,140,33.53,716,73,1008,105,281,56
50011,"Franklin County, Vermont",VT,50,011,49980,126,13373,718,26.76,5525,436,6388,514,1460,246
50013,"Grand Isle County, Vermont",VT,50,013,7439,13,1459,167,19.61,554,105,721,118,184,53
50015,"Lamoille County, Vermont",VT,50,015,26060,21,6657,450,25.54,3018,304,3154,307,485,125
50017,"Orange County, Vermont",VT,50,017,29676,21,7083,455,23.87,2848,262,3520,356,715,109
50019,"Orleans County, Vermont",VT,50,019,27015,26,8301,427,30.73,3234,225,3999,338,1068,132
50021,"Rutland County, Vermont",VT,50,021,59836,53,15626,812,26.11,5736,471,8180,614,1710,245
50023,"Washington County, Vermont",VT,50,023,59411,108,12890,754,21.7,4460,397,6972,601,1458,222
50025,"Windham County, Vermont",VT,50,025,45654,14,12407,698,27.18,4510,360,6334,545,1563,247
50027,"Windsor County, Vermont",VT,50,027,57203,40,12723,719,22.24,4503,418,6609,524,1611,261
51001,"Accomack County, Virginia",VA,51,001,32882,65,6984,647,21.24,3124,437,3186,433,674,199
51003,"Albemarle County, Virginia",VA,51,003,113554,123,11931,854,10.51,5746,579,5192,592,993,210
51005,"Alleghany County, Virginia",VA,51,005,14603,7,2444,314,16.74,897,171,1307,248,240,90
51007,"Amelia County, Virginia",VA,51,007,13355,3,2325,443,17.41,884,326,1179,267,262,136
51009,"Amherst County, Virginia",VA,51,009,31062,75,6067,513,19.53,2623,396,2821,291,623,148
51011,"Appomattox County, Virginia",VA,51,011,16546,15,3957,396,23.92,1846,232,1674,293,437,130
51013,"Arlington County, Virginia",VA,51,013,231799,415,16364,992,7.06,6950,686,6757,626,2657,349
51015,"Augusta County, Virginia",VA,51,015,75306,64,10375,783,13.78,4896,528,4188,521,1291,250
51017,"Bath County, Virginia",VA,51,017,3984,21,959,176,24.07,353,109,524,132,82,41
51019,"Bedford County, Virginia",VA,51,019,80374,102,11144,804,13.87,4684,550,5370,548,1090,208
51021,"Bland County, Virginia",VA,51,021,5397,25,865,183,16.03,534,129,272,123,59,41
51023,"Botetourt County, Virginia",VA,51,023,33595,11,3673,472,10.93,1458,340,1928,313,287,97
51025,"Brunswick County, Virginia",VA,51,025,13849,46,3448,328,24.9,1284,174,1508,238,656,144
51027,"Buchanan County, Virginia",VA,51,027,18204,27,5683,562,31.22,1764,262,3415,473,504,153
51029,"Buckingham County, Virginia",VA,51,029,14843,54,3510,432,23.65,1347,270,1714,307,449,138
51031,"Campbell County, Virginia",VA,51,031,54604,40,11226,783,20.56,4716,480,5496,575,1014,229
51033,"Caroline County, Virginia",VA,51,033,31117,108,5466,524,17.57,2366,379,2605,341,495,122
51035,"Carroll County, Virginia",VA,51,035,29001,20,6685,618,23.05,2661,354,3336,473,688,182
51036,"Charles City County, Virginia",VA,51,036,6620,11,1183,140,17.87,378,77,671,111,134,36
51037,"Charlotte County, Virginia",VA,51,037,11273,12,3112,325,27.61,1309,214,1386,217,417,113
51041,"Chesterfield County, Virginia",VA,51,041,374406,422,53480,2291,14.28,23621,1453,24997,1663,4862,609
51043,"Clarke County, Virginia",VA,51,043,14894,65,1101,319,7.39,398,177,574,258,129,61
51045,"Craig County, Virginia",VA,51,045,4832,28,1103,356,22.83,600,292,411,188,92,76
51047,"Culpeper County, Virginia",VA,51,047,52731,68,8638,831,16.38,4811,677,3241,455,586,161
51049,"Cumberland County, Virginia",VA,51,049,9818,19,2143,374,21.83,750,237,939,240,454,161
51051,"Dickenson County, Virginia",VA,51,051,13289,11,4039,390,30.39,1427,252,2066,267,546,132
51053,"Dinwiddie County, Virginia",VA,51,053,27734,51,6081,629,21.93,2636,444,2969,423,476,140
51057,"Essex County, Virginia",VA,51,057,10551,5,2522,359,23.9,1049,218,1239,262,234,113
51059,"Fairfax County, Virginia",VA,51,059,1132414,943,109853,3019,9.7,48231,2249,46825,1807,14797,890
51061,"Fauquier County, Virginia",VA,51,061,74325,4,8126,728,10.93,4078,529,3239,464,809,185
51063,"Floyd County, Virginia",VA,51,063,15521,17,2335,364,15.04,1024,276,996,219,315,90
51065,"Fluvanna County, Virginia",VA,51,065,26764,133,3308,538,12.36,1432,386,1345,328,531,180
51067,"Franklin County, Virginia",VA,51,067,54714,103,11682,813,21.35,5266,528,5571,578,845,218
51069,"Frederick County, Virginia",VA,51,069,93358,198,14194,1079,15.2,7091,813,5958,663,1145,251
51071,"Giles County, Virginia",VA,51,071,16418,8,2342,321,14.26,649,140,1405,259,288,127
51073,"Gloucester County, Virginia",VA,51,073,38760,194,6715,774,17.32,2955,564,3184,505,576,160
51075,"Goochland County, Virginia",VA,51,075,25437,87,1961,349,7.71,657,216,1140,256,164,99
51077,"Grayson County, Virginia",VA,51,077,14324,22,3378,357,23.58,1139,219,1841,256,398,119
51079,"Greene County, Virginia",VA,51,079,20981,43,3343,434,15.93,1667,308,1381,284,295,114
51081,"Greensville County, Virginia",VA,51,081,8062,76,2336,337,28.98,1047,215,1044,235,245,109
51083,"Halifax County, Virginia",VA,51,083,32772,14,9427,700,28.77,3717,443,4666,500,1044,208
51085,"Hanover County, Virginia",VA,51,085,111856,90,10893,931,9.74,4882,658,4919,625,1092,210
51087,"Henrico County, Virginia",VA,51,087,332470,271,51634,2019,15.53,23432,1426,23771,1303,4431,589
51089,"Henry County, Virginia",VA,51,089,48998,209,14873,887,30.35,6315,543,7196,657,1362,246
51091,"Highland County, Virginia",VA,51,091,2296,2,470,109,20.47,122,69,337,84,11,11
51093,"Isle of Wight County, Virginia",VA,51,093,39114,192,4582,517,11.71,1679,322,2519,392,384,101
51095,"James City County, Virginia",VA,51,095,79037,270,9614,829,12.16,3475,503,4897,612,1242,246
51097,"King and Queen County, Virginia",VA,51,097,6695,19,1684,248,25.15,658,153,903,183,123,69
51099,"King George County, Virginia",VA,51,099,27399,108,3120,447,11.39,1256,303,1603,312,261,104
51101,"King William County, Virginia",VA,51,101,18525,3,1732,320,9.35,619,220,897,209,216,101
51103,"Lancaster County, Virginia",VA,51,103,10670,19,2039,262,19.11,805,170,734,144,500,137
51105,"Lee County, Virginia",VA,51,105,20312,44,7339,551,36.13,2903,229,3663,466,773,183
51107,"Loudoun County, Virginia",VA,51,107,430931,330,31657,1776,7.35,15090,1312,12693,1119,3874,423
51109,"Louisa County, Virginia",VA,51,109,39830,43,7973,636,20.02,3727,426,3610,438,636,177
51111,"Lunenburg County, Virginia",VA,51,111,11062,23,2888,305,26.11,1163,204,1233,188,492,126
51113,"Madison County, Virginia",VA,51,113,13907,18,2634,362,18.94,1114,255,1299,240,221,90
51115,"Mathews County, Virginia",VA,51,115,8470,8,1542,291,18.21,501,154,835,225,206,103
51117,"Mecklenburg County, Virginia",VA,51,117,29573,49,6866,535,23.22,2702,298,3134,376,1030,237
51119,"Middlesex County, Virginia",VA,51,119,10520,7,2040,318,19.39,897,209,915,209,228,116
51121,"Montgomery County, Virginia",VA,51,121,98294,142,9477,809,9.64,3418,468,5395,622,664,222
51125,"Nelson County, Virginia",VA,51,125,14696,2,2328,351,15.84,953,220,1111,253,264,103
51127,"New Kent County, Virginia",VA,51,127,24273,72,2032,401,8.37,727,211,1107,327,198,97
51131,"Northampton County, Virginia",VA,51,131,11781,45,2906,315,24.67,1292,236,1155,186,459,94
51133,"Northumberland County, Virginia",VA,51,133,12035,182,1852,324,15.39,680,192,806,226,366,131
51135,"Nottoway County, Virginia",VA,51,135,13628,76,2899,491,21.27,1344,233,1312,414,243,125
51137,"Orange County, Virginia",VA,51,137,37217,88,5467,664,14.69,2452,470,2500,446,515,147
51139,"Page County, Virginia",VA,51,139,23492,26,5066,517,21.56,1992,348,2521,351,553,152
51141,"Patrick County, Virginia",VA,51,141,17143,6,4507,433,26.29,1708,244,2204,323,595,155
51143,"Pittsylvania County, Virginia",VA,51,143,58488,41,15377,783,26.29,5796,429,8118,612,1463,233
51145,"Powhatan County, Virginia",VA,51,145,30289,47,3026,521,9.99,1008,310,1618,389,400,155
51147,"Prince Edward County, Virginia",VA,51,147,20923,237,4819,495,23.03,1904,316,2316,342,599,169
51149,"Prince George County, Virginia",VA,51,149,33685,477,5371,613,15.94,2593,450,2514,399,264,118
51153,"Prince William County, Virginia",VA,51,153,480514,570,65925,2591,13.72,34882,2013,25873,1538,5170,542
51155,"Pulaski County, Virginia",VA,51,155,32606,63,6695,656,20.53,2393,333,3531,516,771,230
51157,"Rappahannock County, Virginia",VA,51,157,7418,3,1253,273,16.89,517,193,606,174,130,83
51159,"Richmond County, Virginia",VA,51,159,7466,30,1172,259,15.7,522,161,562,192,88,64
51161,"Roanoke County, Virginia",VA,51,161,95205,284,15017,1066,15.77,6501,658,7253,797,1263,260
51163,"Rockbridge County, Virginia",VA,51,163,22252,65,4136,517,18.59,1751,334,2117,382,268,101
51165,"Rockingham County, Virginia",VA,51,165,85110,95,12233,783,14.37,6339,609,4932,451,962,197
51167,"Russell County, Virginia",VA,51,167,25313,30,7853,569,31.02,2710,298,4399,422,744,238
51169,"Scott County, Virginia",VA,51,169,20725,44,5774,470,27.86,2021,273,3201,358,552,134
51171,"Shenandoah County, Virginia",VA,51,171,44522,70,9202,693,20.67,4167,431,4108,506,927,197
51173,"Smyth County, Virginia",VA,51,173,28760,72,7854,513,27.31,3011,301,4031,382,812,164
51175,"Southampton County, Virginia",VA,51,175,16425,70,3824,395,23.28,1471,245,1900,282,453,127
51177,"Spotsylvania County, Virginia",VA,51,177,145456,242,22406,1291,15.4,11409,984,9961,810,1036,203
51179,"Stafford County, Virginia",VA,51,179,157011,405,16465,1182,10.49,8716,939,6850,686,899,212
51181,"Surry County, Virginia",VA,51,181,6540,15,1042,230,15.93,371,137,482,162,189,88
51183,"Sussex County, Virginia",VA,51,183,9162,93,2559,306,27.93,1127,196,1248,224,184,70
51185,"Tazewell County, Virginia",VA,51,185,38135,105,9253,626,24.26,3577,388,5070,464,606,160
51187,"Warren County, Virginia",VA,51,187,41066,9,8126,675,19.79,3496,489,4006,428,624,183
51191,"Washington County, Virginia",VA,51,191,53393,74,10894,732,20.4,3863,447,6247,552,784,175
51193,"Westmoreland County, Virginia",VA,51,193,18587,149,4284,462,23.05,1628,257,2207,354,449,150
51195,"Wise County, Virginia",VA,51,195,33038,90,11179,714,33.84,4433,377,5894,553,852,250
51197,"Wythe County, Virginia",VA,51,197,27958,49,5976,533,21.37,2575,356,3065,382,336,109
51199,"York County, Virginia",VA,51,199,66237,423,5679,609,8.57,2077,371,2849,443,753,191
51510,"Alexandria city, Virginia",VA,51,510,152743,450,17896,1151,11.72,9171,828,6956,743,1769,296
51520,"Bristol city, Virginia",VA,51,520,16577,6,4332,529,26.13,2093,369,1858,359,381,121
51530,"Buena Vista city, Virginia",VA,51,530,6546,3,1787,316,27.3,630,189,1016,245,141,64
51540,"Charlottesville city, Virginia",VA,51,540,45134,67,6747,606,14.95,2573,401,3709,424,465,162
51550,"Chesapeake city, Virginia",VA,51,550,240988,726,37058,1939,15.38,17493,1394,16501,1268,3064,455
51570,"Colonial Heights city, Virginia",VA,51,570,18087,78,3832,393,21.19,1576,271,1994,269,262,91
51580,"Covington city, Virginia",VA,51,580,5599,4,1534,264,27.4,750,204,643,156,141,59
51590,"Danville city, Virginia",VA,51,590,41164,39,15519,730,37.7,6994,452,7191,540,1334,191
51595,"Emporia city, Virginia",VA,51,595,5355,8,2480,335,46.31,1288,243,1082,222,110,64
51600,"Fairfax city, Virginia",VA,51,600,24615,54,2267,430,9.21,1164,363,946,216,157,82
51610,"Falls Church city, Virginia",VA,51,610,14526,59,707,218,4.87,142,78,517,199,48,45
51620,"Franklin city, Virginia",VA,51,620,8119,19,3082,384,37.96,1499,280,1415,252,168,76
51630,"Fredericksburg city, Virginia",VA,51,630,28761,83,4964,642,17.26,2270,496,2410,392,284,112
51640,"Galax city, Virginia",VA,51,640,6515,8,2472,398,37.94,1178,268,1100,283,194,82
51650,"Hampton city, Virginia",VA,51,650,130713,597,33013,1661,25.26,14083,1065,15667,1164,3263,519
51660,"Harrisonburg city, Virginia",VA,51,660,50750,63,9634,722,18.98,4652,428,4578,558,404,162
51670,"Hopewell city, Virginia",VA,51,670,22570,178,8073,694,35.77,3720,434,3867,517,486,160
51678,"Lexington city, Virginia",VA,51,678,7457,14,729,246,9.78,129,123,515,201,85,70
51680,"Lynchburg city, Virginia",VA,51,680,77866,157,17871,953,22.95,7572,588,9032,720,1267,209
51683,"Manassas city, Virginia",VA,51,683,42862,99,7122,700,16.62,4764,561,2068,402,290,119
51685,"Manassas Park city, Virginia",VA,51,685,16689,98,2766,403,16.57,1527,275,1149,283,90,84
51690,"Martinsville city, Virginia",VA,51,690,13244,21,4995,490,37.72,2451,343,2250,338,294,91
51700,"Newport News city, Virginia",VA,51,700,174548,868,43772,1793,25.08,20665,1240,19883,1229,3224,410
51710,"Norfolk city, Virginia",VA,51,710,207483,1106,50295,1773,24.24,20529,1170,24684,1249,5082,465
51720,"Norton city, Virginia",VA,51,720,3539,2,1268,274,35.83,459,163,676,194,133,105
51730,"Petersburg city, Virginia",VA,51,730,32782,217,12270,808,37.43,5447,506,5732,600,1091,194
51735,"Poquoson city, Virginia",VA,51,735,12433,94,1421,273,11.43,595,177,676,178,150,108
51740,"Portsmouth city, Virginia",VA,51,740,91870,465,27162,1154,29.57,11829,737,13496,850,1837,258
51750,"Radford city, Virginia",VA,51,750,16528,73,3069,390,18.57,1221,237,1628,297,220,87
51760,"Richmond city, Virginia",VA,51,760,226958,223,56201,1847,24.76,22728,1069,28044,1379,5429,605
51770,"Roanoke city, Virginia",VA,51,770,96802,111,28822,1518,29.77,13395,1006,13182,1080,2245,354
51775,"Salem city, Virginia",VA,51,775,24854,53,4138,503,16.65,2243,378,1525,306,370,129
51790,"Staunton city, Virginia",VA,51,790,25031,74,5846,552,23.36,2379,350,2869,391,598,170
51800,"Suffolk city, Virginia",VA,51,800,94841,424,16422,1007,17.32,7411,737,7604,655,1407,204
51810,"Virginia Beach city, Virginia",VA,51,810,431712,1159,58192,2221,13.48,25133,1468,28143,1572,4916,552
51820,"Waynesboro city, Virginia",VA,51,820,22606,66,5004,592,22.14,2078,434,2530,376,396,145
51830,"Williamsburg city, Virginia",VA,51,830,15555,99,1855,343,11.93,747,239,909,231,199,85
51840,"Winchester city, Virginia",VA,51,840,27650,66,6067,681,21.94,2962,489,2424,436,681,187
53001,"Adams County, Washington",WA,53,001,20628,42,8013,472,38.85,5476,330,2133,311,404,132
53003,"Asotin County, Washington",WA,53,003,22242,62,6057,521,27.23,2220,307,3083,380,754,182
53005,"Benton County, Washington",WA,53,005,211519,244,52124,1780,24.64,26339,1273,21819,1180,3966,395
53007,"Chelan County, Washington",WA,53,007,79438,157,19027,1102,23.95,9266,734,7601,747,2160,344
53009,"Clallam County, Washington",WA,53,009,76445,130,18345,911,24,6767,536,9321,684,2257,274
53011,"Clark County, Washington",WA,53,011,514150,306,105216,2455,20.46,46629,1664,49502,1686,9085,646
53013,"Columbia County, Washington",WA,53,013,3983,4,990,171,24.86,393,119,415,101,182,71
53015,"Cowlitz County, Washington",WA,53,015,111658,51,30056,1267,26.92,12236,814,14853,900,2967,365
53017,"Douglas County, Washington",WA,53,017,44259,8,10676,714,24.12,5813,483,4016,486,847,199
53019,"Ferry County, Washington",WA,53,019,7326,37,2425,258,33.1,806,111,1286,220,333,76
53021,"Franklin County, Washington",WA,53,021,96671,149,29904,1548,30.93,17090,1132,11107,1016,1707,289
53023,"Garfield County, Washington",WA,53,023,2326,8,743,143,31.94,305,95,396,103,42,30
53025,"Grant County, Washington",WA,53,025,101372,59,32619,1382,32.18,17913,882,12244,993,2462,382
53027,"Grays Harbor County, Washington",WA,53,027,74588,118,22692,1020,30.42,9513,575,11178,772,2001,337
53029,"Island County, Washington",WA,53,029,79643,496,12780,943,16.05,4913,590,5949,680,1918,282
53031,"Jefferson County, Washington",WA,53,031,33036,86,6387,515,19.33,1866,216,3536,429,985,185
53033,"King County, Washington",WA,53,033,2273752,398,350142,5137,15.4,134949,3118,173494,3772,41699,1562
53035,"Kitsap County, Washington",WA,53,035,263432,692,44638,1753,16.94,16876,1155,23162,1242,4600,444
53037,"Kittitas County, Washington",WA,53,037,46885,99,8875,682,18.93,2847,383,5273,536,755,176
53039,"Klickitat County, Washington",WA,53,039,23381,7,5566,553,23.81,2249,307,2723,417,594,194
53041,"Lewis County, Washington",WA,53,041,84480,90,23086,1109,27.33,9452,690,11272,800,2362,336
53043,"Lincoln County, Washington",WA,53,043,11374,23,2821,279,24.8,1201,190,1334,182,286,93
53045,"Mason County, Washington",WA,53,045,66394,90,17895,990,26.95,7143,643,8569,680,2183,324
53047,"Okanogan County, Washington",WA,53,047,42883,154,13461,616,31.39,6414,312,5817,488,1230,209
53049,"Pacific County, Washington",WA,53,049,23773,53,6482,503,27.27,2257,299,3280,360,945,184
53051,"Pend Oreille County, Washington",WA,53,051,13957,33,4148,370,29.72,1488,212,2293,288,367,94
53053,"Pierce County, Washington",WA,53,053,899694,1300,188491,3731,20.95,82732,2369,88093,2716,17666,966
53055,"San Juan County, Washington",WA,53,055,18407,16,3128,198,16.99,1066,105,1639,149,423,77
53057,"Skagit County, Washington",WA,53,057,129654,246,28822,1089,22.23,13170,701,12797,781,2855,289
53059,"Skamania County, Washington",WA,53,059,12358,36,2364,274,19.13,691,144,1353,217,320,84
53061,"Snohomish County, Washington",WA,53,061,835815,411,141311,3142,16.91,59805,2048,64860,2140,16646,1047
53063,"Spokane County, Washington",WA,53,063,539679,408,138195,2904,25.61,54541,1756,71451,2176,12203,785
53065,"Stevens County, Washington",WA,53,065,47854,106,14276,682,29.83,6237,443,6583,483,1456,190
53067,"Thurston County, Washington",WA,53,067,290554,815,55110,2062,18.97,20833,1236,27799,1507,6478,674
53069,"Wahkiakum County, Washington",WA,53,069,4641,10,1040,185,22.41,383,111,486,131,171,69
53071,"Walla Walla County, Washington",WA,53,071,59385,103,14377,858,24.21,6547,554,6439,600,1391,264
53073,"Whatcom County, Washington",WA,53,073,228886,248,48112,1723,21.02,19165,1037,24348,1303,4599,444
53075,"Whitman County, Washington",WA,53,075,46604,77,8492,584,18.22,3111,367,4575,429,806,148
53077,"Yakima County, Washington",WA,53,077,254978,131,94967,2112,37.25,52475,1555,36381,1302,6111,590
54001,"Barbour County, West Virginia",WV,54,001,15285,23,4319,400,28.26,1683,219,2289,310,347,125
54003,"Berkeley County, West Virginia",WV,54,003,128261,225,26853,1452,20.94,12384,991,12584,1024,1885,277
54005,"Boone County, West Virginia",WV,54,005,20822,98,6892,528,33.1,2302,290,3856,398,734,191
54007,"Braxton County, West Virginia",WV,54,007,11755,32,3799,350,32.32,1441,195,1840,255,518,140
54009,"Brooke County, West Virginia",WV,54,009,21591,18,4303,403,19.93,1515,247,2268,290,520,130
54011,"Cabell County, West Virginia",WV,54,011,90857,122,23689,1105,26.07,8780,682,12489,776,2420,393
54013,"Calhoun County, West Virginia",WV,54,013,6024,2,2001,275,33.22,788,152,1056,218,157,72
54015,"Clay County, West Virginia",WV,54,015,7740,44,3539,309,45.72,1457,161,1831,244,251,101
54017,"Doddridge County, West Virginia",WV,54,017,6637,12,1936,328,29.17,550,183,1069,255,317,94
54019,"Fayette County, West Virginia",WV,54,019,38411,27,12743,774,33.18,5396,490,5991,554,1356,229
54021,"Gilmer County, West Virginia",WV,54,021,5592,16,1632,239,29.18,560,157,852,158,220,86
54023,"Grant County, West Virginia",WV,54,023,10853,41,2593,330,23.89,1022,219,1170,219,401,113
54025,"Greenbrier County, West Virginia",WV,54,025,31839,20,10047,738,31.56,3663,432,5108,544,1276,248
54027,"Hampshire County, West Virginia",WV,54,027,22962,33,5131,555,22.35,1831,360,2631,373,669,199
54029,"Hancock County, West Virginia",WV,54,029,28127,52,7384,602,26.25,2824,376,3940,444,620,155
54031,"Hardy County, West Virginia",WV,54,031,14186,3,4079,407,28.75,1471,233,2111,301,497,145
54033,"Harrison County, West Virginia",WV,54,033,64247,76,15898,922,24.75,6082,594,8382,662,1434,243
54035,"Jackson County, West Virginia",WV,54,035,27513,41,7601,666,27.63,2963,418,4179,489,459,171
54037,"Jefferson County, West Virginia",WV,54,037,58926,75,9165,674,15.55,3652,474,4337,426,1176,219
54039,"Kanawha County, West Virginia",WV,54,039,174472,160,45998,1770,26.36,16904,970,24593,1401,4501,480
54041,"Lewis County, West Virginia",WV,54,041,16594,12,5040,438,30.37,1907,276,2445,303,688,155
54043,"Lincoln County, West Virginia",WV,54,043,19836,4,8388,619,42.29,3407,354,4256,478,725,170
54045,"Logan County, West Virginia",WV,54,045,30663,24,10629,723,34.66,4221,414,5557,558,851,199
54047,"McDowell County, West Virginia",WV,54,047,15798,20,8153,574,51.61,2876,336,4332,411,945,217
54049,"Marion County, West Virginia",WV,54,049,55425,23,12873,691,23.23,4926,438,6617,498,1330,194
54051,"Marshall County, West Virginia",WV,54,051,29194,9,7067,556,24.21,2826,330,3446,391,795,218
54053,"Mason County, West Virginia",WV,54,053,24504,16,6627,625,27.04,2839,428,3180,427,608,159
54055,"Mercer County, West Virginia",WV,54,055,57957,102,16663,1050,28.75,6545,621,8404,787,1714,313
54057,"Mineral County, West Virginia",WV,54,057,26650,50,6550,614,24.58,2654,369,3399,434,497,230
54059,"Mingo County, West Virginia",WV,54,059,22469,3,10089,616,44.9,3911,324,5238,477,940,217
54061,"Monongalia County, West Virginia",WV,54,061,105993,118,18166,1139,17.14,6502,613,10197,926,1467,253
54063,"Monroe County, West Virginia",WV,54,063,12280,63,3639,530,29.63,1658,345,1648,378,333,137
54065,"Morgan County, West Virginia",WV,54,065,17251,4,3878,393,22.48,1689,233,1896,303,293,90
54067,"Nicholas County, West Virginia",WV,54,067,24157,4,6497,654,26.89,2468,404,3339,486,690,170
54069,"Ohio County, West Virginia",WV,54,069,41102,30,10242,652,24.92,3558,413,5672,465,1012,195
54071,"Pendleton County, West Virginia",WV,54,071,5958,2,1561,223,26.2,672,152,629,136,260,91
54073,"Pleasants County, West Virginia",WV,54,073,7122,28,1930,242,27.1,824,148,963,185,143,51
54075,"Pocahontas County, West Virginia",WV,54,075,7430,21,2480,243,33.38,943,132,1375,196,162,57
54077,"Preston County, West Virginia",WV,54,077,30367,35,7444,560,24.51,2928,343,3724,409,792,169
54079,"Putnam County, West Virginia",WV,54,079,56504,215,11169,906,19.77,5194,659,5027,588,948,202
54081,"Raleigh County, West Virginia",WV,54,081,70360,110,21942,1232,31.19,9106,699,10701,915,2135,438
54083,"Randolph County, West Virginia",WV,54,083,25501,47,7013,553,27.5,2960,328,3326,414,727,163
54085,"Ritchie County, West Virginia",WV,54,085,8250,2,2408,323,29.19,946,188,1157,245,305,93
54087,"Roane County, West Virginia",WV,54,087,13587,87,4869,432,35.84,1807,251,2525,323,537,140
54089,"Summers County, West Virginia",WV,54,089,10886,10,3804,386,34.94,1180,171,2171,310,453,155
54091,"Taylor County, West Virginia",WV,54,091,16074,58,5142,535,31.99,1802,317,2821,393,519,178
54093,"Tucker County, West Virginia",WV,54,093,6516,6,1521,191,23.34,532,119,792,137,197,58
54095,"Tyler County, West Virginia",WV,54,095,7992,2,2405,238,30.09,716,133,1383,177,306,86
54097,"Upshur County, West Virginia",WV,54,097,23480,40,6421,532,27.35,2644,345,3224,376,553,151
54099,"Wayne County, West Virginia",WV,54,099,38052,31,10033,720,26.37,3900,428,4955,517,1178,262
54101,"Webster County, West Virginia",WV,54,101,8083,3,3396,314,42.01,1151,167,1834,238,411,119
54103,"Wetzel County, West Virginia",WV,54,103,13988,3,3718,355,26.58,1406,230,1684,240,628,124
54105,"Wirt County, West Virginia",WV,54,105,5053,18,1316,199,26.04,569,134,595,132,152,64
54107,"Wood County, West Virginia",WV,54,107,82487,83,21769,1044,26.39,8511,650,11001,767,2257,280
54109,"Wyoming County, West Virginia",WV,54,109,20572,4,7390,616,35.92,2470,343,4315,478,605,184
55001,"Adams County, Wisconsin",WI,55,001,20473,60,4678,282,22.85,1355,116,2351,197,972,165
55003,"Ashland County, Wisconsin",WI,55,003,15853,14,4177,288,26.35,1622,170,1942,204,613,111
55005,"Barron County, Wisconsin",WI,55,005,46345,31,9658,532,20.84,3964,362,4312,337,1382,195
55007,"Bayfield County, Wisconsin",WI,55,007,16464,13,3243,174,19.7,1202,100,1523,112,518,87
55009,"Brown County, Wisconsin",WI,55,009,268399,75,47563,1835,17.72,21159,1269,21502,1195,4902,575
55011,"Buffalo County, Wisconsin",WI,55,011,13340,13,2554,220,19.15,966,138,1159,147,429,88
55013,"Burnett County, Wisconsin",WI,55,013,16835,39,4172,199,24.78,1327,109,2092,144,753,84
55015,"Calumet County, Wisconsin",WI,55,015,52784,21,6761,604,12.81,2797,379,3104,436,860,175
55017,"Chippewa County, Wisconsin",WI,55,017,64362,113,12655,806,19.66,5370,573,5677,513,1608,240
55019,"Clark County, Wisconsin",WI,55,019,34345,17,6817,353,19.85,3275,281,2781,195,761,88
55021,"Columbia County, Wisconsin",WI,55,021,56855,199,8703,613,15.31,3681,441,3927,384,1095,184
55023,"Crawford County, Wisconsin",WI,55,023,15239,26,3340,249,21.92,1237,152,1643,181,460,77
55025,"Dane County, Wisconsin",WI,55,025,568974,301,64860,2030,11.4,25246,1280,32271,1445,7343,627
55027,"Dodge County, Wisconsin",WI,55,027,84464,149,14552,804,17.23,5668,518,7185,571,1699,228
55029,"Door County, Wisconsin",WI,55,029,30177,90,3669,363,12.16,1392,228,1635,252,642,128
55031,"Douglas County, Wisconsin",WI,55,031,43551,42,8163,534,18.74,2551,313,4261,392,1351,182
55033,"Dunn County, Wisconsin",WI,55,033,45215,12,9309,569,20.59,3551,293,4584,455,1174,175
55035,"Eau Claire County, Wisconsin",WI,55,035,106453,41,18699,988,17.57,7680,583,9106,719,1913,344
55037,"Florence County, Wisconsin",WI,55,037,4592,12,783,103,17.05,271,56,345,68,167,54
55039,"Fond du Lac County, Wisconsin",WI,55,039,102457,80,16055,949,15.67,6524,628,7794,665,1737,252
55041,"Forest County, Wisconsin",WI,55,041,9212,17,2217,154,24.07,862,91,1046,113,309,52
55043,"Grant County, Wisconsin",WI,55,043,50738,20,8149,423,16.06,3305,272,3702,266,1142,186
55045,"Green County, Wisconsin",WI,55,045,36732,14,5591,435,15.22,2209,263,2605,309,777,158
55047,"Green Lake County, Wisconsin",WI,55,047,19100,11,4004,299,20.96,1734,209,1749,198,521,82
55049,"Iowa County, Wisconsin",WI,55,049,23730,23,3562,302,15.01,1448,208,1608,193,506,103
55051,"Iron County, Wisconsin",WI,55,051,6111,16,1170,103,19.15,422,62,515,61,233,56
55053,"Jackson County, Wisconsin",WI,55,053,19850,45,4916,291,24.77,2166,199,2173,180,577,112
55055,"Jefferson County, Wisconsin",WI,55,055,85635,58,13474,816,15.73,5616,540,6483,577,1375,203
55057,"Juneau County, Wisconsin",WI,55,057,25340,168,6346,337,25.04,2390,220,3112,224,844,122
55059,"Kenosha County, Wisconsin",WI,55,059,167039,128,33217,1450,19.89,14314,1021,15955,967,2948,353
55061,"Kewaunee County, Wisconsin",WI,55,061,20561,13,3308,312,16.09,1433,223,1465,200,410,87
55063,"La Crosse County, Wisconsin",WI,55,063,119467,138,17057,1051,14.28,6370,644,8169,737,2518,382
55065,"Lafayette County, Wisconsin",WI,55,065,16884,37,2647,224,15.68,1303,182,1099,121,245,50
55067,"Langlade County, Wisconsin",WI,55,067,19247,50,4092,390,21.26,1551,236,2034,268,507,156
55069,"Lincoln County, Wisconsin",WI,55,069,27996,18,5652,387,20.19,2051,237,2559,250,1042,176
55071,"Manitowoc County, Wisconsin",WI,55,071,80707,73,14932,740,18.5,6151,462,6707,493,2074,303
55073,"Marathon County, Wisconsin",WI,55,073,137350,50,23335,1062,16.99,10293,726,10162,692,2880,350
55075,"Marinette County, Wisconsin",WI,55,075,41542,19,7947,470,19.13,3386,273,3434,340,1127,176
55077,"Marquette County, Wisconsin",WI,55,077,15680,8,3316,213,21.15,1262,125,1581,151,473,83
55078,"Menominee County, Wisconsin",WI,55,078,4229,3,1306,171,30.88,627,126,558,108,121,43
55079,"Milwaukee County, Wisconsin",WI,55,079,919525,295,260858,3681,28.37,114952,2451,121388,2533,24518,1061
55081,"Monroe County, Wisconsin",WI,55,081,45403,186,9668,670,21.29,4217,440,4263,442,1188,244
55083,"Oconto County, Wisconsin",WI,55,083,39269,26,6603,383,16.81,2287,225,3349,281,967,132
55085,"Oneida County, Wisconsin",WI,55,085,37696,18,6646,513,17.63,2139,315,3483,357,1024,192
55087,"Outagamie County, Wisconsin",WI,55,087,191412,73,27097,1118,14.16,11604,731,12121,698,3372,479
55089,"Ozaukee County, Wisconsin",WI,55,089,92473,20,9808,819,10.61,3565,541,4833,561,1410,252
55091,"Pepin County, Wisconsin",WI,55,091,7372,9,1418,132,19.23,718,100,524,76,176,42
55093,"Pierce County, Wisconsin",WI,55,093,42278,37,6110,562,14.45,2381,350,3053,416,676,141
55095,"Polk County, Wisconsin",WI,55,095,45177,30,8198,417,18.15,3343,266,3724,293,1131,130
55097,"Portage County, Wisconsin",WI,55,097,70661,52,11230,652,15.89,4739,430,5357,461,1134,165
55099,"Price County, Wisconsin",WI,55,099,13967,10,3187,179,22.82,1292,109,1431,125,464,68
55101,"Racine County, Wisconsin",WI,55,101,193106,176,39246,1501,20.32,18723,990,17009,1052,3514,408
55103,"Richland County, Wisconsin",WI,55,103,17080,16,3592,325,21.03,1369,192,1673,220,550,142
55105,"Rock County, Wisconsin",WI,55,105,163301,88,31500,1256,19.29,14123,840,13908,839,3469,411
55107,"Rusk County, Wisconsin",WI,55,107,14025,9,3897,217,27.79,1530,125,1780,151,587,92
55109,"St. Croix County, Wisconsin",WI,55,109,95339,56,10917,757,11.45,4612,484,5140,554,1165,177
55111,"Sauk County, Wisconsin",WI,55,111,65491,36,11383,634,17.38,5082,412,5112,446,1189,184
55113,"Sawyer County, Wisconsin",WI,55,113,18080,29,4035,249,22.32,1629,156,1899,178,507,76
55115,"Shawano County, Wisconsin",WI,55,115,40564,71,7936,422,19.56,3297,243,3571,319,1068,132
55117,"Sheboygan County, Wisconsin",WI,55,117,115632,112,18304,978,15.83,7809,637,8501,674,1994,310
55119,"Taylor County, Wisconsin",WI,55,119,19881,5,3690,241,18.56,1631,142,1566,174,493,88
55121,"Trempealeau County, Wisconsin",WI,55,121,30517,22,5284,337,17.31,2752,287,1900,156,632,81
55123,"Vernon County, Wisconsin",WI,55,123,30807,19,4692,325,15.23,1734,184,2197,240,761,119
55125,"Vilas County, Wisconsin",WI,55,125,23492,12,4589,359,19.53,1747,237,2121,239,721,124
55127,"Walworth County, Wisconsin",WI,55,127,104916,48,15921,911,15.17,6596,535,7349,650,1976,347
55129,"Washburn County, Wisconsin",WI,55,129,16714,18,4129,213,24.7,1590,122,2036,158,503,75
55131,"Washington County, Wisconsin",WI,55,131,137336,52,14352,994,10.45,5296,613,6635,661,2421,419
55133,"Waukesha County, Wisconsin",WI,55,133,409561,119,35359,1521,8.63,12380,1075,16239,862,6740,643
55135,"Waupaca County, Wisconsin",WI,55,135,50547,37,8467,546,16.75,3410,356,4025,374,1032,179
55137,"Waushara County, Wisconsin",WI,55,137,23990,35,4292,220,17.89,1585,138,2010,149,697,85
55139,"Winnebago County, Wisconsin",WI,55,139,167797,194,27983,1030,16.68,12186,659,13004,719,2793,332
55141,"Wood County, Wisconsin",WI,55,141,73543,22,15663,804,21.3,6180,514,7432,542,2051,297
56001,"Albany County, Wyoming",WY,56,001,37842,189,2645,365,6.99,1030,230,1200,226,415,170
56003,"Big Horn County, Wyoming",WY,56,003,11545,56,2022,249,17.51,1143,190,676,139,203,81
56005,"Campbell County, Wyoming",WY,56,005,46593,221,4238,629,9.1,2228,468,1526,386,484,168
56007,"Carbon County, Wyoming",WY,56,007,13875,51,1734,333,12.5,851,250,517,181,366,125
56009,"Converse County, Wyoming",WY,56,009,13587,77,1649,301,12.14,868,242,499,152,282,96
56011,"Crook County, Wyoming",WY,56,011,7410,11,565,193,7.62,301,151,132,88,132,82
56013,"Fremont County, Wyoming",WY,56,013,38954,34,6922,440,17.77,3615,295,2362,275,945,177
56015,"Goshen County, Wyoming",WY,56,015,11886,72,1340,237,11.27,473,153,513,148,354,104
56017,"Hot Springs County, Wyoming",WY,56,017,4538,14,788,163,17.36,418,117,304,110,66,28
56019,"Johnson County, Wyoming",WY,56,019,8572,33,914,266,10.66,337,140,512,222,65,43
56021,"Laramie County, Wyoming",WY,56,021,97367,415,11303,904,11.61,5748,713,4071,491,1484,262
56023,"Lincoln County, Wyoming",WY,56,023,20410,4,1312,267,6.43,632,190,446,147,234,117
56025,"Natrona County, Wyoming",WY,56,025,79050,85,10683,863,13.51,5805,606,3656,555,1222,263
56027,"Niobrara County, Wyoming",WY,56,027,2154,16,144,70,6.69,26,31,80,50,38,38
56029,"Park County, Wyoming",WY,56,029,30209,28,3836,488,12.7,2165,388,1273,273,398,115
56031,"Platte County, Wyoming",WY,56,031,8512,8,1133,215,13.31,544,132,454,157,135,65
56033,"Sheridan County, Wyoming",WY,56,033,31697,17,4030,561,12.71,1914,389,1414,323,702,242
56035,"Sublette County, Wyoming",WY,56,035,8796,4,610,177,6.93,305,112,178,77,127,113
56037,"Sweetwater County, Wyoming",WY,56,037,41218,50,5139,612,12.47,2509,474,1900,353,730,160
56039,"Teton County, Wyoming",WY,56,039,23315,6,1224,237,5.25,925,192,195,126,104,57
56041,"Uinta County, Wyoming",WY,56,041,20483,12,3081,417,15.04,1651,307,1076,253,354,124
56043,"Washakie County, Wyoming",WY,56,043,7563,11,929,187,12.28,503,144,191,84,235,85
56045,"Weston County, Wyoming",WY,56,045,6435,187,541,139,8.41,263,93,133,73,145,74
72001,"Adjuntas Municipio, Puerto Rico",PR,72,001,17925,16,12528,585,69.89,3064,250,7196,476,2268,231
72003,"Aguada Municipio, Puerto Rico",PR,72,003,37602,22,21378,1095,56.85,3847,385,12897,951,4634,384
72005,"Aguadilla Municipio, Puerto Rico",PR,72,005,53430,92,26277,1005,49.18,6307,434,15164,812,4806,403
72007,"Aguas Buenas Municipio, Puerto Rico",PR,72,007,23525,27,13443,787,57.14,3311,269,7753,678,2379,296
72009,"Aibonito Municipio, Puerto Rico",PR,72,009,24604,6,12615,768,51.27,2611,385,7614,584,2390,317
72011,"Añasco Municipio, Puerto Rico",PR,72,011,24978,15,13376,822,53.55,2567,348,7730,692,3079,275
72013,"Arecibo Municipio, Puerto Rico",PR,72,013,85188,520,37557,1359,44.09,9178,642,22042,1081,6337,515
72015,"Arroyo Municipio, Puerto Rico",PR,72,015,15203,147,10366,567,68.18,2398,304,5434,437,2534,194
72017,"Barceloneta Municipio, Puerto Rico",PR,72,017,22388,89,10520,860,46.99,2139,397,6521,707,1860,288
72019,"Barranquitas Municipio, Puerto Rico",PR,72,019,28964,76,18864,951,65.13,4959,357,10641,842,3264,260
72021,"Bayamón Municipio, Puerto Rico",PR,72,021,178116,362,67586,1664,37.94,17053,849,36678,1269,13855,661
72023,"Cabo Rojo Municipio, Puerto Rico",PR,72,023,46693,55,24065,1028,51.54,4833,505,13914,828,5318,341
72025,"Caguas Municipio, Puerto Rico",PR,72,025,124961,122,51716,1673,41.39,12150,822,28750,1297,10816,664
72027,"Camuy Municipio, Puerto Rico",PR,72,027,32622,11,19316,844,59.21,3891,300,11545,725,3880,312
72029,"Canóvanas Municipio, Puerto Rico",PR,72,029,41748,56,17496,974,41.91,4242,442,9873,800,3381,338
72031,"Carolina Municipio, Puerto Rico",PR,72,031,151254,256,47053,1749,31.11,12660,882,25616,1330,8777,716
72033,"Cataño Municipio, Puerto Rico",PR,72,033,22418,50,9093,582,40.56,2320,287,5843,475,930,174
72035,"Cayey Municipio, Puerto Rico",PR,72,035,40817,80,15375,866,37.67,3789,394,9595,726,1991,260
72037,"Ceiba Municipio, Puerto Rico",PR,72,037,10953,5,5779,419,52.76,1411,161,3050,325,1318,210
72039,"Ciales Municipio, Puerto Rico",PR,72,039,16783,10,11114,630,66.22,2588,276,6174,494,2352,277
72041,"Cidra Municipio, Puerto Rico",PR,72,041,39456,90,16425,807,41.63,4238,381,10360,658,1827,271
72043,"Coamo Municipio, Puerto Rico",PR,72,043,33844,48,18488,830,54.63,4014,357,11761,687,2713,298
72045,"Comerío Municipio, Puerto Rico",PR,72,045,18670,5,12163,704,65.15,2892,323,6967,561,2304,276
72047,"Corozal Municipio, Puerto Rico",PR,72,047,34312,93,18781,1033,54.74,4635,545,9852,796,4294,370
72049,"Culebra Municipio, Puerto Rico",PR,72,049,1387,246,650,135,46.86,146,76,329,89,175,67
72051,"Dorado Municipio, Puerto Rico",PR,72,051,35600,134,10306,874,28.95,2358,428,6459,700,1489,301
72053,"Fajardo Municipio, Puerto Rico",PR,72,053,31317,14,14773,721,47.17,4203,330,8103,564,2467,304
72054,"Florida Municipio, Puerto Rico",PR,72,054,11494,11,6964,561,60.59,1791,236,3842,454,1331,231
72055,"Guánica Municipio, Puerto Rico",PR,72,055,12846,10,7378,431,57.43,1720,219,4257,328,1401,175
72057,"Guayama Municipio, Puerto Rico",PR,72,057,33650,249,21953,876,65.24,4529,419,11892,724,5532,259
72059,"Guayanilla Municipio, Puerto Rico",PR,72,059,17098,7,9860,529,57.67,2397,237,5739,421,1724,215
72061,"Guaynabo Municipio, Puerto Rico",PR,72,061,87818,240,21731,1213,24.75,4586,553,11921,967,5224,481
72063,"Gurabo Municipio, Puerto Rico",PR,72,063,39924,176,15526,1056,38.89,3745,542,8572,843,3209,333
72065,"Hatillo Municipio, Puerto Rico",PR,72,065,38013,7,19104,928,50.26,3984,399,10990,740,4130,392
72067,"Hormigueros Municipio, Puerto Rico",PR,72,067,15285,16,6604,477,43.21,1200,208,3681,373,1723,213
72069,"Humacao Municipio, Puerto Rico",PR,72,069,49797,26,24926,1057,50.06,4823,463,12877,823,7226,476
72071,"Isabela Municipio, Puerto Rico",PR,72,071,42552,51,21436,1151,50.38,4128,500,12952,926,4356,465
72073,"Jayuya Municipio, Puerto Rico",PR,72,073,14526,9,8328,694,57.33,2062,333,4897,559,1369,241
72075,"Juana Díaz Municipio, Puerto Rico",PR,72,075,45637,87,22385,952,49.05,5009,431,13419,776,3957,344
72077,"Juncos Municipio, Puerto Rico",PR,72,077,36692,79,16177,1030,44.09,4571,457,9751,863,1855,326
72079,"Lajas Municipio, Puerto Rico",PR,72,079,22958,12,12912,761,56.24,2904,325,7499,593,2509,348
72081,"Lares Municipio, Puerto Rico",PR,72,081,27579,18,17411,683,63.13,3694,285,10151,547,3566,293
72083,"Las Marías Municipio, Puerto Rico",PR,72,083,8659,41,5515,380,63.69,1288,171,3264,308,963,143
72085,"Las Piedras Municipio, Puerto Rico",PR,72,085,34824,23,17458,952,50.13,3681,430,10249,759,3528,382
72087,"Loíza Municipio, Puerto Rico",PR,72,087,22740,25,12230,549,53.78,3128,212,7056,440,2046,250
72089,"Luquillo Municipio, Puerto Rico",PR,72,089,17505,4,9027,495,51.57,1884,187,5298,390,1845,240
72091,"Manatí Municipio, Puerto Rico",PR,72,091,38721,58,17008,924,43.92,3616,480,9507,683,3885,396
72093,"Maricao Municipio, Puerto Rico",PR,72,093,4988,246,2999,288,60.12,694,145,1819,215,486,125
72095,"Maunabo Municipio, Puerto Rico",PR,72,095,10387,4,6404,447,61.65,1520,191,3708,342,1176,216
72097,"Mayagüez Municipio, Puerto Rico",PR,72,097,69928,65,36162,1083,51.71,9136,444,19878,882,7148,444
72099,"Moca Municipio, Puerto Rico",PR,72,099,37154,16,21017,955,56.57,4759,361,12538,802,3720,372
72101,"Morovis Municipio, Puerto Rico",PR,72,101,28353,6,14567,762,51.38,3178,350,8517,617,2872,277
72103,"Naguabo Municipio, Puerto Rico",PR,72,103,22933,102,15187,878,66.22,3524,465,8645,675,3018,315
72105,"Naranjito Municipio, Puerto Rico",PR,72,105,29226,66,17831,1074,61.01,4541,505,9222,891,4068,324
72107,"Orocovis Municipio, Puerto Rico",PR,72,107,21210,16,14504,591,68.38,3014,293,8635,476,2855,191
72109,"Patillas Municipio, Puerto Rico",PR,72,109,15517,5,8590,561,55.36,1633,245,4825,423,2132,275
72111,"Peñuelas Municipio, Puerto Rico",PR,72,111,19839,19,12355,574,62.28,3406,221,7347,464,1602,256
72113,"Ponce Municipio, Puerto Rico",PR,72,113,129456,278,73566,1523,56.83,17501,713,38587,1197,17478,614
72115,"Quebradillas Municipio, Puerto Rico",PR,72,115,23347,8,14510,848,62.15,3110,434,8450,644,2950,340
72117,"Rincón Municipio, Puerto Rico",PR,72,117,15341,6,8348,532,54.42,1518,276,4753,375,2077,257
72119,"Río Grande Municipio, Puerto Rico",PR,72,119,45603,60,20939,1041,45.92,4503,434,11730,863,4706,389
72121,"Sabana Grande Municipio, Puerto Rico",PR,72,121,22284,37,10104,710,45.34,2918,318,5748,586,1438,243
72123,"Salinas Municipio, Puerto Rico",PR,72,123,24944,44,14021,670,56.21,3568,311,8222,535,2231,256
72125,"San Germán Municipio, Puerto Rico",PR,72,125,31106,38,16340,833,52.53,4114,412,9354,636,2872,345
72127,"San Juan Municipio, Puerto Rico",PR,72,127,333456,223,113097,2484,33.92,30756,1332,61300,1818,21041,1044
72129,"San Lorenzo Municipio, Puerto Rico",PR,72,129,37310,64,19141,918,51.3,3835,390,10854,750,4452,357
72131,"San Sebastián Municipio, Puerto Rico",PR,72,131,38880,43,21975,1011,56.52,4823,479,12234,754,4918,473
72133,"Santa Isabel Municipio, Puerto Rico",PR,72,133,19821,54,9749,657,49.19,2417,275,5973,550,1359,232
72135,"Toa Alta Municipio, Puerto Rico",PR,72,135,65981,112,21870,1305,33.15,5487,607,12961,1087,3422,391
72137,"Toa Baja Municipio, Puerto Rico",PR,72,137,72663,82,26565,1055,36.56,6698,469,14970,848,4897,416
72139,"Trujillo Alto Municipio, Puerto Rico",PR,72,139,66698,62,19400,1352,29.09,4515,727,11073,1049,3812,446
72141,"Utuado Municipio, Puerto Rico",PR,72,141,27583,5,16462,700,59.68,3512,263,9517,599,3433,249
72143,"Vega Alta Municipio, Puerto Rico",PR,72,143,34753,54,17864,985,51.4,4302,475,9771,787,3791,355
72145,"Vega Baja Municipio, Puerto Rico",PR,72,145,53708,23,25783,1083,48.01,5454,544,14801,822,5528,448
72147,"Vieques Municipio, Puerto Rico",PR,72,147,8078,22,5234,523,64.79,1385,258,2642,385,1207,243
72149,"Villalba Municipio, Puerto Rico",PR,72,149,21393,88,13493,590,63.07,2839,310,7683,453,2971,217
72151,"Yabucoa Municipio, Puerto Rico",PR,72,151,29321,47,18699,745,63.77,4038,317,10511,589,4150,327
72153,"Yauco Municipio, Puerto Rico",PR,72,153,32755,22,15194,727,46.39,3354,315,8709,595,3131,274
01001,"Autauga County, Alabama",AL,01,001,58355,369,9447,812,16.19,5057,598,3194,492,1196,244
01003,"Baldwin County, Alabama",AL,01,003,243859,275,35287,1820,14.47,18322,1255,12154,1164,4811,617
01005,"Barbour County, Alabama",AL,01,005,21581,87,6409,518,29.7,3530,368,1729,313,1150,188
01007,"Bibb County, Alabama",AL,01,007,20552,260,4897,516,23.83,2267,300,2196,382,434,175
01009,"Blount County, Alabama",AL,01,009,59093,17,12426,768,21.03,6505,509,4165,472,1756,328
01011,"Bullock County, Alabama",AL,01,011,8769,57,3596,395,41.01,2003,289,848,206,745,173
01013,"Butler County, Alabama",AL,01,013,18380,7,5077,386,27.62,2495,239,1788,262,794,152
01015,"Calhoun County, Alabama",AL,01,015,114485,80,28708,1244,25.08,15460,964,10520,720,2728,317
01017,"Chambers County, Alabama",AL,01,017,33666,78,8884,778,26.39,4192,498,2989,519,1703,297
01019,"Cherokee County, Alabama",AL,01,019,25193,8,5401,469,21.44,2518,301,1987,305,896,191
01021,"Chilton County, Alabama",AL,01,021,45696,10,9655,822,21.13,5467,638,3191,472,997,214
01023,"Choctaw County, Alabama",AL,01,023,12267,5,3075,337,25.07,1242,219,1136,204,697,155
01025,"Clarke County, Alabama",AL,01,025,22234,18,6723,498,30.24,3443,330,2301,316,979,197
01027,"Clay County, Alabama",AL,01,027,13951,31,3072,397,22.02,1448,280,1287,262,337,104
01029,"Cleburne County, Alabama",AL,01,029,15204,107,2998,383,19.72,1818,293,889,227,291,97
01031,"Coffee County, Alabama",AL,01,031,52676,380,9633,558,18.29,5237,373,3237,367,1159,194
01033,"Colbert County, Alabama",AL,01,033,57670,44,11972,847,20.76,6264,585,4026,539,1682,291
01035,"Conecuh County, Alabama",AL,01,035,11184,6,4083,375,36.51,1644,235,1671,245,768,159
01037,"Coosa County, Alabama",AL,01,037,9971,36,2382,368,23.89,1208,274,872,227,302,95
01039,"Covington County, Alabama",AL,01,039,37128,43,8978,553,24.18,4526,355,3217,376,1235,197
01041,"Crenshaw County, Alabama",AL,01,041,12934,11,3077,312,23.79,1450,227,1204,191,423,98
01043,"Cullman County, Alabama",AL,01,043,89754,19,16675,941,18.58,9475,704,5231,561,1969,273
01045,"Dale County, Alabama",AL,01,045,47185,274,11734,692,24.87,6099,513,4081,407,1554,225
01047,"Dallas County, Alabama",AL,01,047,36567,8,13944,784,38.13,6502,457,5319,538,2123,342
01049,"DeKalb County, Alabama",AL,01,049,71520,30,18650,872,26.08,11747,647,5059,505,1844,296
01051,"Elmore County, Alabama",AL,01,051,84814,203,13715,961,16.17,8270,712,4050,608,1395,215
01053,"Escambia County, Alabama",AL,01,053,34155,90,8926,741,26.13,4651,494,3257,519,1018,189
01055,"Etowah County, Alabama",AL,01,055,101952,33,23593,1034,23.14,12628,757,8359,624,2606,326
01057,"Fayette County, Alabama",AL,01,057,15867,5,4231,408,26.67,1947,261,1608,270,676,160
01059,"Franklin County, Alabama",AL,01,059,31655,28,7599,621,24.01,4646,463,2193,367,760,191
01061,"Geneva County, Alabama",AL,01,061,26560,66,7440,560,28.01,3723,302,2718,425,999,205
01063,"Greene County, Alabama",AL,01,063,7347,38,2635,304,35.86,1412,198,931,211,292,92
01065,"Hale County, Alabama",AL,01,065,14629,21,4249,507,29.05,2065,397,1614,284,570,136
01067,"Henry County, Alabama",AL,01,067,17452,14,3862,379,22.13,1701,224,1439,259,722,163
01069,"Houston County, Alabama",AL,01,069,107023,105,25443,699,23.77,14091,505,8326,418,3026,243
01071,"Jackson County, Alabama",AL,01,071,52544,16,11894,763,22.64,5942,556,4471,485,1481,196
01073,"Jefferson County, Alabama",AL,01,073,660402,315,137374,3230,20.8,75280,2360,45253,1899,16841,1122
01075,"Lamar County, Alabama",AL,01,075,13593,31,3457,357,25.43,1634,240,1369,219,454,147
01077,"Lauderdale County, Alabama",AL,01,077,94802,98,15147,969,15.98,8394,707,4703,582,2050,316
01079,"Lawrence County, Alabama",AL,01,079,33044,8,6344,548,19.2,3203,368,2204,359,937,191
01081,"Lee County, Alabama",AL,01,081,179575,266,24046,1417,13.39,12824,1033,8293,887,2929,391
01083,"Limestone County, Alabama",AL,01,083,108206,125,15638,1301,14.45,7498,1003,6028,750,2112,354
01085,"Lowndes County, Alabama",AL,01,085,9661,14,3121,317,32.31,1494,207,1143,214,484,108
01087,"Macon County, Alabama",AL,01,087,18551,25,4984,346,26.87,2281,212,1826,226,877,155
01089,"Madison County, Alabama",AL,01,089,401432,237,51959,2132,12.94,28555,1549,16597,1327,6807,622
01091,"Marengo County, Alabama",AL,01,091,18650,5,5017,449,26.9,2344,295,1771,283,902,186
01093,"Marion County, Alabama",AL,01,093,28568,43,7583,584,26.54,3572,370,2727,364,1284,268
01095,"Marshall County, Alabama",AL,01,095,98736,221,21856,1032,22.14,13065,805,6257,547,2534,344
01097,"Mobile County, Alabama",AL,01,097,408063,450,90945,2551,22.29,50701,1857,29489,1579,10755,751
01099,"Monroe County, Alabama",AL,01,099,19106,88,5363,537,28.07,2256,350,2186,355,921,200
01101,"Montgomery County, Alabama",AL,01,101,220084,455,52746,1748,23.97,31319,1199,15919,1140,5508,564
01103,"Morgan County, Alabama",AL,01,103,122480,73,23258,1348,18.99,13282,996,6936,813,3040,404
01105,"Perry County, Alabama",AL,01,105,7873,7,3124,422,39.68,1672,313,1143,263,309,105
01107,"Pickens County, Alabama",AL,01,107,17089,139,4473,391,26.17,2257,236,1491,265,725,164
01109,"Pike County, Alabama",AL,01,109,32752,38,7247,532,22.13,3941,383,2457,343,849,136
01111,"Randolph County, Alabama",AL,01,111,22279,6,4715,471,21.16,2577,321,1539,299,599,172
01113,"Russell County, Alabama",AL,01,113,56918,338,14217,966,24.98,7296,723,5422,589,1499,253
01115,"St. Clair County, Alabama",AL,01,115,92023,138,16357,1101,17.77,9548,879,5260,616,1549,245
01117,"Shelby County, Alabama",AL,01,117,227943,160,22418,1344,9.83,13937,1172,6043,567,2438,333
01119,"Sumter County, Alabama",AL,01,119,11737,53,3572,340,30.43,1652,179,1560,268,360,109
01121,"Talladega County, Alabama",AL,01,121,78235,168,19516,988,24.95,9845,610,7431,710,2240,317
01123,"Tallapoosa County, Alabama",AL,01,123,40168,87,8751,618,21.79,4471,424,3072,388,1208,227
01125,"Tuscaloosa County, Alabama",AL,01,125,235544,126,40264,1612,17.09,22961,1184,13209,1001,4094,443
01127,"Walker County, Alabama",AL,01,127,63953,47,14399,859,22.51,6558,627,5313,495,2528,316
01129,"Washington County, Alabama",AL,01,129,15018,16,2804,422,18.67,1517,296,911,281,376,108
01131,"Wilcox County, Alabama",AL,01,131,9989,35,3764,344,37.68,2001,220,1322,240,441,111
01133,"Winston County, Alabama",AL,01,133,23359,51,6663,487,28.52,3418,315,2302,324,943,182
02013,"Aleutians East Borough, Alaska",AK,02,013,3466,25,670,103,19.33,256,50,339,85,75,28
02016,"Aleutians West Census Area, Alaska",AK,02,016,5083,107,526,140,10.35,160,67,346,122,20,13
02020,"Anchorage Municipality, Alaska",AK,02,020,275688,2666,56398,2088,20.46,24524,1292,26215,1557,5659,516
02050,"Bethel Census Area, Alaska",AK,02,050,18104,43,10970,271,60.59,5321,138,4998,213,651,94
02060,"Bristol Bay Borough, Alaska",AK,02,060,897,88,194,106,21.63,65,26,77,74,52,72
02063,"Chugach Census Area, Alaska",AK,02,063,6526,190,1304,210,19.98,654,163,537,122,113,51
02066,"Copper River Census Area, Alaska",AK,02,066,2618,12,535,86,20.44,300,64,184,49,51,30
02068,"Denali Borough, Alaska",AK,02,068,1944,85,130,68,6.69,38,26,70,62,22,13
02070,"Dillingham Census Area, Alaska",AK,02,070,4703,13,2273,473,48.33,1059,64,1041,467,173,33
02090,"Fairbanks North Star Borough, Alaska",AK,02,090,86170,1294,14595,1164,16.94,6255,820,6769,768,1571,304
02100,"Haines Borough, Alaska",AK,02,100,2075,5,383,76,18.46,154,51,153,45,76,33
02105,"Hoonah-Angoon Census Area, Alaska",AK,02,105,2311,1,484,79,20.94,161,38,249,64,74,26
02110,"Juneau City and Borough, Alaska",AK,02,110,31045,139,5171,601,16.66,2207,443,2533,390,431,114
02122,"Kenai Peninsula Borough, Alaska",AK,02,122,59171,154,15309,765,25.87,6491,455,7178,562,1640,249
02130,"Ketchikan Gateway Borough, Alaska",AK,02,130,13430,88,2623,259,19.53,939,149,1392,199,292,72
02150,"Kodiak Island Borough, Alaska",AK,02,150,11633,233,2616,410,22.49,1010,270,1403,298,203,78
02158,"Kusilvak Census Area, Alaska",AK,02,158,8163,12,5971,151,73.15,3097,91,2590,113,284,43
02164,"Lake and Peninsula Borough, Alaska",AK,02,164,1010,80,316,45,31.29,151,31,150,32,15,8
02170,"Matanuska-Susitna Borough, Alaska",AK,02,170,109616,265,25276,928,23.06,10848,686,12133,567,2295,262
02180,"Nome Census Area, Alaska",AK,02,180,9687,40,4681,169,48.32,2347,107,2045,125,289,39
02185,"North Slope Borough, Alaska",AK,02,185,10738,39,2511,316,23.38,1139,173,1137,252,235,82
02188,"Northwest Arctic Borough, Alaska",AK,02,188,7393,19,3604,158,48.75,1877,94,1472,122,255,34
02195,"Petersburg Borough, Alaska",AK,02,195,3270,95,684,121,20.92,283,80,363,90,38,15
02198,"Prince of Wales-Hyder Census Area, Alaska",AK,02,198,5698,96,1892,119,33.2,754,51,937,102,201,34
02220,"Sitka City and Borough, Alaska",AK,02,220,7945,102,1167,157,14.69,419,97,618,119,130,34
02230,"Skagway Municipality, Alaska",AK,02,230,1244,102,154,90,12.38,35,16,102,88,17,11
02240,"Southeast Fairbanks Census Area, Alaska",AK,02,240,6901,82,2121,216,30.73,950,155,934,134,237,67
02275,"Wrangell City and Borough, Alaska",AK,02,275,2065,7,483,81,23.39,192,46,243,63,48,22
02282,"Yakutat City and Borough, Alaska",AK,02,282,522,62,63,18,12.07,21,9,21,13,21,9
02290,"Yukon-Koyukuk Census Area, Alaska",AK,02,290,5174,9,1829,224,35.35,841,89,750,202,238,40
04001,"Apache County, Arizona",AZ,04,001,64654,87,28958,929,44.79,11071,660,14502,596,3385,270
04003,"Cochise County, Arizona",AZ,04,003,117980,380,32497,1308,27.54,11593,750,16289,992,4615,405
04005,"Coconino County, Arizona",AZ,04,005,143817,99,31643,1291,22,12255,761,16347,988,3041,332
04007,"Gila County, Arizona",AZ,04,007,52766,141,13082,852,24.79,4568,465,6309,650,2205,296
04009,"Graham County, Arizona",AZ,04,009,36627,75,11243,695,30.7,4811,474,5468,477,964,175
04011,"Greenlee County, Arizona",AZ,04,011,9382,3,933,216,9.94,202,89,596,185,135,67
04012,"La Paz County, Arizona",AZ,04,012,16570,217,4014,403,24.22,1429,159,1516,245,1069,278
04013,"Maricopa County, Arizona",AZ,04,013,4517431,1039,822319,8534,18.2,365422,5980,374220,5535,82677,2537
04015,"Mohave County, Arizona",AZ,04,015,216573,297,52190,1875,24.1,17512,1059,26652,1402,8026,655
04017,"Navajo County, Arizona",AZ,04,017,106124,136,36826,1265,34.7,14057,761,18004,933,4765,387
04019,"Pima County, Arizona",AZ,04,019,1038236,1058,229387,4421,22.09,85897,2882,114197,3120,29293,1228
04021,"Pinal County, Arizona",AZ,04,021,452911,569,89975,3172,19.87,38799,2267,41671,2085,9505,758
04023,"Santa Cruz County, Arizona",AZ,04,023,48839,25,18675,958,38.24,8087,576,7951,715,2637,274
04025,"Yavapai County, Arizona",AZ,04,025,244073,97,42094,1693,17.25,14486,1102,20342,1128,7266,615
04027,"Yuma County, Arizona",AZ,04,027,201860,567,65139,2071,32.27,28037,1272,28366,1456,8736,743
05001,"Arkansas County, Arkansas",AR,05,001,16290,9,5042,441,30.95,2161,273,2238,317,643,141
05003,"Ashley County, Arkansas",AR,05,003,18240,64,6247,493,34.25,2999,337,2682,317,566,170
05005,"Baxter County, Arkansas",AR,05,005,42011,8,10993,696,26.17,4631,396,5116,523,1246,233
05007,"Benton County, Arkansas",AR,05,007,302003,127,48372,1764,16.02,26720,1322,18279,1096,3373,405
05009,"Boone County, Arkansas",AR,05,009,37780,25,10238,750,27.1,5106,499,3993,501,1139,250
05011,"Bradley County, Arkansas",AR,05,011,10133,2,3118,317,30.77,1686,227,1284,213,148,58
05013,"Calhoun County, Arkansas",AR,05,013,4642,34,1135,181,24.45,469,97,618,148,48,37
05015,"Carroll County, Arkansas",AR,05,015,28356,91,8023,615,28.29,4068,456,3268,380,687,161
05017,"Chicot County, Arkansas",AR,05,017,9003,88,3558,301,39.52,1701,187,1437,214,420,99
05019,"Clark County, Arkansas",AR,05,019,20902,17,5399,433,25.83,2433,284,2411,297,555,137
05021,"Clay County, Arkansas",AR,05,021,14170,5,4028,350,28.43,1759,261,1723,209,546,102
05023,"Cleburne County, Arkansas",AR,05,023,24949,44,6980,515,27.98,2976,273,3446,403,558,167
05025,"Cleveland County, Arkansas",AR,05,025,7376,2,1812,281,24.57,876,207,798,180,138,59
05027,"Columbia County, Arkansas",AR,05,027,21992,11,6268,468,28.5,2772,256,3060,367,436,137
05029,"Conway County, Arkansas",AR,05,029,20916,5,7056,542,33.73,2871,333,3651,402,534,147
05031,"Craighead County, Arkansas",AR,05,031,112159,107,32759,1423,29.21,16318,969,14146,981,2295,352
05033,"Crawford County, Arkansas",AR,05,033,60399,65,17832,917,29.52,8585,594,7800,651,1447,255
05035,"Crittenden County, Arkansas",AR,05,035,46576,60,17162,827,36.85,8481,547,7004,575,1677,232
05037,"Cross County, Arkansas",AR,05,037,16381,20,5858,476,35.76,2691,288,2428,347,739,151
05039,"Dallas County, Arkansas",AR,05,039,5991,28,1739,234,29.03,690,147,776,156,273,95
05041,"Desha County, Arkansas",AR,05,041,10742,2,4695,341,43.71,2206,203,1954,245,535,123
05043,"Drew County, Arkansas",AR,05,043,16773,12,5729,516,34.16,2552,300,2587,396,590,141
05045,"Faulkner County, Arkansas",AR,05,045,126192,176,26723,1334,21.18,12238,935,12156,891,2329,332
05047,"Franklin County, Arkansas",AR,05,047,17115,19,4867,484,28.44,1968,328,2258,316,641,163
05049,"Fulton County, Arkansas",AR,05,049,12152,13,4124,366,33.94,1675,228,2057,263,392,112
05051,"Garland County, Arkansas",AR,05,051,99080,43,26745,1258,26.99,12192,761,11902,917,2651,402
05053,"Grant County, Arkansas",AR,05,053,18045,66,4269,442,23.66,1755,282,2049,307,465,146
05055,"Greene County, Arkansas",AR,05,055,45931,61,14634,763,31.86,6413,445,7272,566,949,253
05057,"Hempstead County, Arkansas",AR,05,057,19321,8,6684,490,34.59,3251,321,2725,322,708,183
05059,"Hot Spring County, Arkansas",AR,05,059,30844,169,8611,681,27.92,3717,388,4132,530,762,179
05061,"Howard County, Arkansas",AR,05,061,12396,23,3870,350,31.22,1869,247,1742,236,259,77
05063,"Independence County, Arkansas",AR,05,063,37682,72,11273,721,29.92,5498,483,4872,503,903,182
05065,"Izard County, Arkansas",AR,05,065,12893,38,3659,362,28.38,1191,215,1971,252,497,146
05067,"Jackson County, Arkansas",AR,05,067,14366,111,5340,401,37.17,2251,250,2728,298,361,99
05069,"Jefferson County, Arkansas",AR,05,069,60258,224,21784,999,36.15,9749,632,9663,729,2372,261
05071,"Johnson County, Arkansas",AR,05,071,25779,36,8321,561,32.28,3992,382,3712,384,617,146
05073,"Lafayette County, Arkansas",AR,05,073,6059,18,1883,204,31.08,739,123,892,144,252,77
05075,"Lawrence County, Arkansas",AR,05,075,16042,6,5610,356,34.97,2471,199,2531,259,608,142
05077,"Lee County, Arkansas",AR,05,077,6811,81,2955,329,43.39,1236,203,1334,241,385,94
05079,"Lincoln County, Arkansas",AR,05,079,8701,211,2272,308,26.11,1022,227,959,185,291,95
05081,"Little River County, Arkansas",AR,05,081,11672,5,3036,328,26.01,1374,197,1310,242,352,100
05083,"Logan County, Arkansas",AR,05,083,21076,11,5841,428,27.71,2691,276,2515,304,635,122
05085,"Lonoke County, Arkansas",AR,05,085,73045,354,16273,1055,22.28,7574,710,7574,759,1125,180
05087,"Madison County, Arkansas",AR,05,087,17235,4,5224,513,30.31,2382,314,2495,383,347,132
05089,"Marion County, Arkansas",AR,05,089,17078,21,4607,390,26.98,1991,236,2094,275,522,145
05091,"Miller County, Arkansas",AR,05,091,41257,74,14433,824,34.98,6499,531,6864,586,1070,233
05093,"Mississippi County, Arkansas",AR,05,093,38303,49,13200,698,34.46,6140,441,5898,494,1162,220
05095,"Monroe County, Arkansas",AR,05,095,6506,7,2258,289,34.71,760,186,1044,199,454,98
05097,"Montgomery County, Arkansas",AR,05,097,8449,11,2575,265,30.48,1080,165,1173,180,322,103
05099,"Nevada County, Arkansas",AR,05,099,7998,8,2788,365,34.86,1389,192,1130,296,269,95
05101,"Newton County, Arkansas",AR,05,101,7046,16,1895,250,26.89,968,159,753,183,174,61
05103,"Ouachita County, Arkansas",AR,05,103,21743,16,7451,539,34.27,3110,276,3420,428,921,177
05105,"Perry County, Arkansas",AR,05,105,10007,13,2619,287,26.17,1189,195,1186,198,244,71
05107,"Phillips County, Arkansas",AR,05,107,15286,66,7257,420,47.47,3362,252,3037,295,858,161
05109,"Pike County, Arkansas",AR,05,109,9979,6,2924,284,29.3,1305,186,1219,188,400,103
05111,"Poinsett County, Arkansas",AR,05,111,22265,7,8647,530,38.84,3702,312,4122,384,823,190
05113,"Polk County, Arkansas",AR,05,113,19210,33,6061,475,31.55,2563,332,2972,311,526,137
05115,"Pope County, Arkansas",AR,05,115,63577,91,17725,963,27.88,8293,563,8147,745,1285,234
05117,"Prairie County, Arkansas",AR,05,117,7906,14,2079,274,26.3,809,170,877,178,393,121
05119,"Pulaski County, Arkansas",AR,05,119,392602,381,95701,2750,24.38,48089,1968,39220,1821,8392,612
05121,"Randolph County, Arkansas",AR,05,121,18518,15,7280,529,39.31,3340,328,3368,394,572,130
05123,"St. Francis County, Arkansas",AR,05,123,19529,216,8356,561,42.79,3397,311,4150,433,809,176
05125,"Saline County, Arkansas",AR,05,125,126165,184,21695,1392,17.2,10483,933,9583,989,1629,299
05127,"Scott County, Arkansas",AR,05,127,9728,3,3373,413,34.67,1453,241,1520,313,400,119
05129,"Searcy County, Arkansas",AR,05,129,7771,32,2712,267,34.9,1136,160,1101,169,475,131
05131,"Sebastian County, Arkansas",AR,05,131,127405,242,32249,1264,25.31,14236,763,15010,939,3003,365
05133,"Sevier County, Arkansas",AR,05,133,15609,7,5458,485,34.97,3089,307,1930,350,439,137
05135,"Sharp County, Arkansas",AR,05,135,17580,52,6324,473,35.97,2387,279,3137,350,800,154
05137,"Stone County, Arkansas",AR,05,137,12470,4,4504,426,36.12,1724,226,2215,306,565,192
05139,"Union County, Arkansas",AR,05,139,37429,15,11452,745,30.6,5179,498,5079,514,1194,208
05141,"Van Buren County, Arkansas",AR,05,141,15868,10,5762,449,36.31,2074,255,2973,337,715,153
05143,"Washington County, Arkansas",AR,05,143,254656,128,50207,1901,19.72,26664,1344,20362,1296,3181,356
05145,"White County, Arkansas",AR,05,145,77296,65,22563,1128,29.19,10464,711,10228,821,1871,304
05147,"Woodruff County, Arkansas",AR,05,147,5918,9,2046,250,34.57,817,158,852,170,377,94
05149,"Yell County, Arkansas",AR,05,149,19864,11,6629,446,33.37,3369,239,2783,348,477,145
06001,"Alameda County, California",CA,06,001,1638900,933,317728,4796,19.39,97147,2829,170016,3598,50565,1433
06003,"Alpine County, California",CA,06,003,1616,239,447,110,27.66,136,35,244,100,67,28
06005,"Amador County, California",CA,06,005,37999,86,7549,652,19.87,1948,356,4143,479,1458,263
06007,"Butte County, California",CA,06,007,205896,110,65448,1963,31.79,22803,1166,36911,1498,5734,501
06009,"Calaveras County, California",CA,06,009,45930,39,10555,873,22.98,3158,440,6062,687,1335,310
06011,"Colusa County, California",CA,06,011,21764,318,8320,632,38.23,3429,418,4077,428,814,205
06013,"Contra Costa County, California",CA,06,013,1160014,303,230431,4070,19.86,80946,2554,121200,2933,28285,1201
06015,"Del Norte County, California",CA,06,015,24764,126,9287,633,37.5,3270,375,4837,451,1180,237
06017,"El Dorado County, California",CA,06,017,191763,69,31662,1520,16.51,10334,800,17411,1214,3917,444
06019,"Fresno County, California",CA,06,019,1004601,418,394343,4970,39.25,168666,3200,191006,3612,34671,1189
06021,"Glenn County, California",CA,06,021,28314,13,10679,716,37.72,4471,482,5246,491,962,197
06023,"Humboldt County, California",CA,06,023,133650,163,51103,1662,38.24,15954,896,30102,1281,5047,565
06025,"Imperial County, California",CA,06,025,173281,273,86296,2411,49.8,35956,1656,39189,1622,11151,663
06027,"Inyo County, California",CA,06,027,18366,146,4971,441,27.07,1714,257,2477,324,780,153
06029,"Kern County, California",CA,06,029,892577,847,360244,4763,40.36,158402,3139,174427,3424,27415,1055
06031,"Kings County, California",CA,06,031,135818,663,51093,1730,37.62,21611,1074,24742,1292,4740,413
06033,"Lake County, California",CA,06,033,67571,85,27590,1233,40.83,9981,655,14149,929,3460,479
06035,"Lassen County, California",CA,06,035,23976,214,6641,526,27.7,2318,277,3436,401,887,198
06037,"Los Angeles County, California",CA,06,037,9742931,2423,2935387,14524,30.13,1033059,8219,1508792,11276,393536,4031
06039,"Madera County, California",CA,06,039,154708,178,60895,1808,39.36,27113,1195,29530,1284,4252,439
06041,"Marin County, California",CA,06,041,254598,194,37965,1590,14.91,12537,917,20143,1164,5285,576
06043,"Mariposa County, California",CA,06,043,16924,18,3927,447,23.2,1390,257,2046,333,491,150
06045,"Mendocino County, California",CA,06,045,89531,33,30601,1405,34.18,9925,751,16475,1036,4201,581
06047,"Merced County, California",CA,06,047,287806,154,122424,2417,42.54,54190,1591,56783,1672,11451,718
06049,"Modoc County, California",CA,06,049,8445,31,2351,329,27.84,708,167,1191,256,452,121
06051,"Mono County, California",CA,06,051,13006,60,2514,461,19.33,883,312,1433,321,198,111
06053,"Monterey County, California",CA,06,053,422606,457,141564,2513,33.5,69665,1670,59831,1714,12068,766
06055,"Napa County, California",CA,06,055,133474,6409,26478,1471,19.84,10428,794,12558,888,3492,863
06057,"Nevada County, California",CA,06,057,101585,107,22640,1299,22.29,6874,697,12096,952,3670,543
06059,"Orange County, California",CA,06,059,3151837,653,699583,7349,22.2,254664,4573,348875,5333,96044,2159
06061,"Placer County, California",CA,06,061,416138,317,64037,2048,15.39,21682,1266,32994,1432,9361,736
06063,"Plumas County, California",CA,06,063,19291,35,5024,578,26.04,1584,335,2599,426,841,200
06065,"Riverside County, California",CA,06,065,2455671,858,712328,7173,29.01,288133,4608,356602,5200,67593,1781
06067,"Sacramento County, California",CA,06,067,1579972,625,451672,5751,28.59,169127,3592,232034,4239,50511,1484
06069,"San Benito County, California",CA,06,069,67148,39,16825,1057,25.06,7256,680,8006,774,1563,235
06071,"San Bernardino County, California",CA,06,071,2160374,1000,714035,6844,33.05,305231,4907,350856,4440,57948,1747
06073,"San Diego County, California",CA,06,073,3179471,2599,657667,6741,20.68,235561,4287,336838,4760,85268,2099
06075,"San Francisco County, California",CA,06,075,826350,293,158815,3178,19.22,33853,1755,83398,2169,41564,1522
06077,"San Joaquin County, California",CA,06,077,788996,550,247984,3972,31.43,104159,2632,118867,2756,24958,1118
06079,"San Luis Obispo County, California",CA,06,079,276722,159,48708,1950,17.6,17773,1214,24520,1347,6415,717
06081,"San Mateo County, California",CA,06,081,738640,311,117259,3193,15.87,34984,1653,62328,2473,19947,1161
06083,"Santa Barbara County, California",CA,06,083,436470,402,120292,2439,27.56,56066,1499,53102,1753,11124,792
06085,"Santa Clara County, California",CA,06,085,1892227,462,311020,4751,16.44,99986,2921,153056,3340,57978,1697
06087,"Santa Cruz County, California",CA,06,087,263893,60,58168,1978,22.04,21085,1150,29856,1482,7227,627
06089,"Shasta County, California",CA,06,089,179806,104,50786,1738,28.24,17514,1081,27305,1281,5967,460
06091,"Sierra County, California",CA,06,091,2647,239,415,140,15.68,79,72,220,94,116,74
06093,"Siskiyou County, California",CA,06,093,43221,32,13101,631,30.31,4817,356,6518,453,1766,257
06095,"Solano County, California",CA,06,095,439473,611,99990,2570,22.75,35799,1727,50763,1767,13428,707
06097,"Sonoma County, California",CA,06,097,481731,258,98697,2675,20.49,36043,1563,50503,2015,12151,808
06099,"Stanislaus County, California",CA,06,099,550999,207,186971,3579,33.93,80864,2508,89942,2411,16165,840
06101,"Sutter County, California",CA,06,101,97538,335,33803,1266,34.66,13950,826,16164,865,3689,414
06103,"Tehama County, California",CA,06,103,64686,44,26055,1076,40.28,10790,609,12311,782,2954,418
06105,"Trinity County, California",CA,06,105,15715,53,6242,721,39.72,1588,310,3671,559,983,333
06107,"Tulare County, California",CA,06,107,474648,250,217140,3046,45.75,98794,1900,103714,2263,14632,741
06109,"Tuolumne County, California",CA,06,109,52028,106,13119,938,25.22,4048,541,7109,669,1962,373
06111,"Ventura County, California",CA,06,111,829932,517,184516,3402,22.23,76175,1915,86377,2600,21964,1071
06113,"Yolo County, California",CA,06,113,218859,296,46538,1873,21.26,17454,1195,24056,1353,5028,501
06115,"Yuba County, California",CA,06,115,81516,454,29324,1185,35.97,13147,782,13427,811,2750,368
08001,"Adams County, Colorado",CO,08,001,526800,375,116820,2921,22.18,59657,2016,49808,2015,7355,640
08003,"Alamosa County, Colorado",CO,08,003,16381,13,6531,524,39.87,2650,325,3525,386,356,143
08005,"Arapahoe County, Colorado",CO,08,005,653786,429,113539,2646,17.37,51017,1758,52351,1851,10171,696
08007,"Archuleta County, Colorado",CO,08,007,13798,25,2863,327,20.75,1233,205,1354,228,276,114
08009,"Baca County, Colorado",CO,08,009,3351,18,1185,121,35.36,473,68,614,92,98,39
08011,"Bent County, Colorado",CO,08,011,4351,46,1805,213,41.48,523,105,1031,169,251,77
08013,"Boulder County, Colorado",CO,08,013,326832,144,40025,1629,12.25,13653,984,22048,1220,4324,444
08014,"Broomfield County, Colorado",CO,08,014,75783,67,7323,613,9.66,2593,417,3785,403,945,199
08015,"Chaffee County, Colorado",CO,08,015,18755,99,2736,433,14.59,1224,257,1151,321,361,136
08017,"Cheyenne County, Colorado",CO,08,017,1702,133,463,106,27.2,202,62,246,86,15,9
08019,"Clear Creek County, Colorado",CO,08,019,9179,23,753,164,8.2,241,101,464,126,48,31
08021,"Conejos County, Colorado",CO,08,021,7488,21,2636,218,35.2,1173,117,1204,172,259,65
08023,"Costilla County, Colorado",CO,08,023,3585,28,1501,161,41.87,601,88,700,119,200,64
08025,"Crowley County, Colorado",CO,08,025,3906,89,1353,170,34.64,374,81,840,142,139,45
08027,"Custer County, Colorado",CO,08,027,5238,9,835,150,15.94,211,61,478,124,146,59
08029,"Delta County, Colorado",CO,08,029,30725,52,8696,667,28.3,3179,432,4215,458,1302,219
08031,"Denver County, Colorado",CO,08,031,711647,414,143745,3110,20.2,57874,2069,70807,2108,15064,973
08033,"Dolores County, Colorado",CO,08,033,2432,1,541,163,22.25,196,106,261,99,84,74
08035,"Douglas County, Colorado",CO,08,035,375365,463,25591,1476,6.82,9875,941,12624,1044,3092,451
08037,"Eagle County, Colorado",CO,08,037,55073,13,7712,1109,14,3888,889,3278,609,546,262
08039,"Elbert County, Colorado",CO,08,039,27779,52,2723,331,9.8,1223,242,1136,202,364,102
08041,"El Paso County, Colorado",CO,08,041,703055,1409,133418,3304,18.98,57800,2316,64923,2224,10695,780
08043,"Fremont County, Colorado",CO,08,043,42043,174,10857,833,25.82,3622,552,5658,586,1577,214
08045,"Garfield County, Colorado",CO,08,045,61843,65,11111,951,17.97,6041,665,4426,664,644,149
08047,"Gilpin County, Colorado",CO,08,047,5865,4,1014,250,17.29,444,174,452,165,118,71
08049,"Grand County, Colorado",CO,08,049,15866,16,1455,303,9.17,546,175,784,231,125,87
08051,"Gunnison County, Colorado",CO,08,051,17174,25,2707,413,15.76,1097,237,1444,329,166,78
08053,"Hinsdale County, Colorado",CO,08,053,1005,117,230,64,22.89,98,33,132,51,0,20
08055,"Huerfano County, Colorado",CO,08,055,6849,31,2659,350,38.82,922,243,1221,211,516,138
08057,"Jackson County, Colorado",CO,08,057,1366,121,402,124,29.43,157,78,148,68,97,69
08059,"Jefferson County, Colorado",CO,08,059,573800,255,73623,2098,12.83,26787,1283,38865,1560,7971,567
08061,"Kiowa County, Colorado",CO,08,061,1346,122,310,66,23.03,139,41,158,51,13,10
08063,"Kit Carson County, Colorado",CO,08,063,6926,11,1561,227,22.54,807,174,642,139,112,42
08065,"Lake County, Colorado",CO,08,065,7332,23,1026,235,13.99,474,156,435,131,117,117
08067,"La Plata County, Colorado",CO,08,067,55966,29,10125,717,18.09,3399,385,5726,566,1000,215
08069,"Larimer County, Colorado",CO,08,069,364817,296,54496,2189,14.94,19915,1414,29341,1578,5240,551
08071,"Las Animas County, Colorado",CO,08,071,13898,33,4386,291,31.56,1521,176,2299,207,566,105
08073,"Lincoln County, Colorado",CO,08,073,4475,47,1112,162,24.85,412,96,586,124,114,40
08075,"Logan County, Colorado",CO,08,075,19138,219,6076,484,31.75,2187,251,3224,395,665,122
08077,"Mesa County, Colorado",CO,08,077,157219,81,36205,1635,23.03,13966,1042,18417,1179,3822,445
08079,"Mineral County, Colorado",CO,08,079,727,112,140,43,19.26,20,12,89,37,31,18
08081,"Moffat County, Colorado",CO,08,081,13117,7,3666,407,27.95,1641,246,1793,313,232,87
08083,"Montezuma County, Colorado",CO,08,083,26152,24,8227,587,31.46,3218,358,4290,429,719,181
08085,"Montrose County, Colorado",CO,08,085,43410,54,11986,787,27.61,4801,524,5689,526,1496,261
08087,"Morgan County, Colorado",CO,08,087,29089,25,7928,684,27.25,3657,407,3546,524,725,166
08089,"Otero County, Colorado",CO,08,089,18134,10,7063,447,38.95,3128,224,3110,337,825,189
08091,"Ouray County, Colorado",CO,08,091,5087,1,530,130,10.42,168,67,248,98,114,52
08093,"Park County, Colorado",CO,08,093,17749,120,2088,365,11.76,620,191,1271,295,197,98
08095,"Phillips County, Colorado",CO,08,095,4426,5,983,161,22.21,417,102,361,93,205,83
08097,"Pitkin County, Colorado",CO,08,097,16965,23,1611,334,9.5,566,178,784,252,261,128
08099,"Prowers County, Colorado",CO,08,099,11776,12,4227,373,35.9,1633,226,2101,262,493,139
08101,"Pueblo County, Colorado",CO,08,101,165217,325,54814,1764,33.18,20404,1095,28191,1262,6219,566
08103,"Rio Blanco County, Colorado",CO,08,103,6470,31,1216,223,18.79,539,147,573,156,104,61
08105,"Rio Grande County, Colorado",CO,08,105,11142,28,3282,449,29.46,1195,270,1641,341,446,110
08107,"Routt County, Colorado",CO,08,107,24907,71,2497,375,10.03,987,255,1292,257,218,98
08109,"Saguache County, Colorado",CO,08,109,6550,28,2028,273,30.96,731,179,1020,185,277,91
08111,"San Juan County, Colorado",CO,08,111,724,107,106,60,14.64,41,37,58,43,7,18
08113,"San Miguel County, Colorado",CO,08,113,7956,11,631,163,7.93,141,73,434,141,56,37
08115,"Sedgwick County, Colorado",CO,08,115,2274,133,579,99,25.46,253,74,281,62,45,20
08117,"Summit County, Colorado",CO,08,117,30988,3,3692,691,11.91,1243,414,2278,536,171,139
08119,"Teller County, Colorado",CO,08,119,24689,75,4554,526,18.45,1768,331,2124,346,662,217
08121,"Washington County, Colorado",CO,08,121,4647,14,1418,116,30.51,673,81,661,78,84,30
08123,"Weld County, Colorado",CO,08,123,348406,187,69550,2301,19.96,32902,1647,32209,1531,4439,489
08125,"Yuma County, Colorado",CO,08,125,9807,13,1704,305,17.38,1022,255,450,138,232,96
09110,"Capitol Planning Region, Connecticut",CT,09,110,963852,342,214157,3488,22.22,76687,1944,107489,2663,29981,1138
09120,"Greater Bridgeport Planning Region, Connecticut",CT,09,120,327045,233,82421,2053,25.2,32174,1244,40285,1487,9962,675
09130,"Lower Connecticut River Valley Planning Region, Connecticut",CT,09,130,173961,105,27162,1242,15.61,7698,667,14768,958,4696,424
09140,"Naugatuck Valley Planning Region, Connecticut",CT,09,140,449994,307,117674,2806,26.15,42162,1585,59191,2041,16321,1094
09150,"Northeastern Connecticut Planning Region, Connecticut",CT,09,150,95403,60,20273,1064,21.25,6455,568,10802,811,3016,390
09160,"Northwest Hills Planning Region, Connecticut",CT,09,160,112265,54,22078,1124,19.67,6924,547,11598,912,3556,364
09170,"South Central Connecticut Planning Region, Connecticut",CT,09,170,565985,138,137797,2991,24.35,51706,1710,68823,2237,17268,1008
09180,"Southeastern Connecticut Planning Region, Connecticut",CT,09,180,270391,531,64547,2009,23.87,22760,1063,32500,1566,9287,675
09190,"Western Connecticut Planning Region, Connecticut",CT,09,190,622771,172,103399,2876,16.6,40158,1706,50061,2115,13180,941
