{
"type": "FeatureCollection",
"name": "cb_2023_us_county_5m",
"crs": { "type": "name", "properties": { "name": "urn:ogc:def:crs:EPSG::4269" } },
"features": [
{ "type": "Feature", "properties": { "STATEFP": "17", "COUNTYFP": "081", "COUNTYNS": "00424242", "GEOIDFQ": "0500000US17081", "GEOID": "17081", "NAME": "Jefferson", "NAMELSAD": "Jefferson County", "STUSPS": "IL", "STATE_NAME": "Illinois", "LSAD": "06", "ALAND": 1479490501, "AWATER": 32550293 }, "geometry": { "type": "Polygon", "coordinates": [ [ [ -89.147597, 38.212895 ], [ -89.145647, 38.336744 ], [ -89.145472, 38.387436 ], [ -89.144388, 38.473878 ], [ -89.139882, 38.473913 ], [ -89.033155, 38.473963 ], [ -88.959933, 38.475984 ], [ -88.922336, 38.476968 ], [ -88.847528, 38.476106 ], [ -88.698961, 38.474914 ], [ -88.699445, 38.401675 ], [ -88.702197, 38.271932 ], [ -88.702391, 38.256661 ], [ -88.704606, 38.125195 ], [ -88.853308, 38.12661 ], [ -88.87589, 38.126179 ], [ -88.958479, 38.125384 ], [ -88.994889, 38.125247 ], [ -89.129632, 38.124767 ], [ -89.149841, 38.125054 ], [ -89.147597, 38.212895 ] ] ] } },
{ "type": "Feature", "properties": { "STATEFP": "17", "COUNTYFP": "107", "COUNTYNS": "00424255", "GEOIDFQ": "0500000US17107", "GEOID": "17107", "NAME": "Logan", "NAMELSAD": "Logan County", "STUSPS": "IL", "STATE_NAME": "Illinois", "LSAD": "06", "ALAND": 1600748259, "AWATER": 2262329 }, "geometry": { "type": "Polygon", "coordinates": [ [ [ -89.602979, 40.320129 ], [ -89.489426, 40.322045 ], [ -89.344744, 40.324425 ], [ -89.26374, 40.325344 ], [ -89.26265, 40.280919 ], [ -89.148764, 40.282038 ], [ -89.145973, 40.136357 ], [ -89.144764, 40.048853 ], [ -89.143875, 39.961368 ], [ -89.143451, 39.917647 ], [ -89.217846, 39.91699 ], [ -89.311089, 39.917194 ], [ -89.367112, 39.917587 ], [ -89.404984, 39.918187 ], [ -89.404969, 39.932717 ], [ -89.483498, 39.933151 ], [ -89.483512, 39.940486 ], [ -89.483826, 39.976733 ], [ -89.528225, 39.976483 ], [ -89.578289, 39.976127 ], [ -89.579128, 40.092415 ], [ -89.60112, 40.092284 ], [ -89.601688, 40.122378 ], [ -89.602108, 40.143029 ], [ -89.602979, 40.320129 ] ] ] } },
{ "type": "Feature", "properties": { "STATEFP": "17", "COUNTYFP": "039", "COUNTYNS": "00426598", "GEOIDFQ": "0500000US17039", "GEOID": "17039", "NAME": "De Witt", "NAMELSAD": "De Witt County", "STUSPS": "IL", "STATE_NAME": "Illinois", "LSAD": "06", "ALAND": 1029678323, "AWATER": 19492326 }, "geometry": { "type": "Polygon", "coordinates": [ [ [ -89.148764, 40.282038 ], [ -89.034711, 40.282797 ], [ -89.000164, 40.282542 ], [ -88.977392, 40.283192 ], [ -88.804427, 40.282706 ], [ -88.746002, 40.282337 ], [ -88.574885, 40.281501 ], [ -88.687993, 40.142269 ], [ -88.688095, 40.098695 ], [ -88.745344, 40.098813 ], [ -88.745164, 40.055191 ], [ -88.966315, 40.051831 ], [ -89.029066, 40.049839 ], [ -89.144764, 40.048853 ], [ -89.145973, 40.136357 ], [ -89.148764, 40.282038 ] ] ] } },
{ "type": "Feature", "properties": { "STATEFP": "17", "COUNTYFP": "147", "COUNTYNS": "00424275", "GEOIDFQ": "0500000US17147", "GEOID": "17147", "NAME": "Piatt", "NAMELSAD": "Piatt County", "STUSPS": "IL", "STATE_NAME": "Illinois", "LSAD": "06", "ALAND": 1137492089, "AWATER": 754122 }, "geometry": { "type": "Polygon", "coordinates": [ [ [ -88.745957, 39.858136 ], [ -88.745169, 39.963385 ], [ -88.745435, 39.967568 ], [ -88.745164, 40.055191 ], [ -88.745344, 40.098813 ], [ -88.688095, 40.098695 ], [ -88.687993, 40.142269 ], [ -88.574885, 40.281501 ], [ -88.460418, 40.281935 ], [ -88.46072, 40.223322 ], [ -88.463634, 40.218257 ], [ -88.463273, 40.148307 ], [ -88.463174, 40.142196 ], [ -88.46302, 40.05503 ], [ -88.462207, 39.879092 ], [ -88.462328, 39.79182 ], [ -88.473182, 39.791837 ], [ -88.587523, 39.792134 ], [ -88.604028, 39.792176 ], [ -88.745671, 39.792146 ], [ -88.745967, 39.850887 ], [ -88.745957, 39.858136 ] ] ] } },
{ "type": "Feature", "properties": { "STATEFP": "17", "COUNTYFP": "009", "COUNTYNS": "00424206", "GEOIDFQ": "0500000US17009", "GEOID": "17009", "NAME": "Brown", "NAMELSAD": "Brown County", "STUSPS": "IL", "STATE_NAME": "Illinois", "LSAD": "06", "ALAND": 791828626, "AWATER": 4144346 }, "geometry": { "type": "Polygon", "coordinates": [ [ [ -90.914687, 40.018039 ], [ -90.913469, 40.104455 ], [ -90.696007, 40.103967 ], [ -90.705793, 40.084888 ], [ -90.694506, 40.079378 ], [ -90.673275, 40.080885 ], [ -90.678015, 40.05275 ], [ -90.662004, 40.046778 ], [ -90.653351, 40.033143 ], [ -90.632327, 40.026385 ], [ -90.605679, 40.025114 ], [ -90.619029, 40.015159 ], [ -90.601947, 40.003317 ], [ -90.607134, 39.981658 ], [ -90.543596, 39.980359 ], [ -90.513747, 39.987891 ], [ -90.511115, 39.967605 ], [ -90.532113, 39.946012 ], [ -90.536721, 39.923027 ], [ -90.55428, 39.901364 ], [ -90.57179, 39.89427 ], [ -90.583534, 39.87675 ], [ -90.586091, 39.871413 ], [ -90.571424, 39.838961 ], [ -90.894252, 39.841058 ], [ -90.916669, 39.844927 ], [ -90.914687, 40.018039 ] ] ] } },
{ "type": "Feature", "properties": { "STATEFP": "17", "COUNTYFP": "145", "COUNTYNS": "01784940", "GEOIDFQ": "0500000US17145", "GEOID": "17145", "NAME": "Perry", "NAMELSAD": "Perry County", "STUSPS": "IL", "STATE_NAME": "Illinois", "LSAD": "06", "ALAND": 1144587283, "AWATER": 13199036 }, "geometry": { "type": "Polygon", "coordinates": [ [ [ -89.594769, 37.969968 ], [ -89.59341, 38.043666 ], [ -89.592556, 38.1172 ], [ -89.592797, 38.219271 ], [ -89.147597, 38.212895 ], [ -89.149841, 38.125054 ], [ -89.129632, 38.124767 ], [ -89.129823, 38.111892 ], [ -89.11793, 38.09631 ], [ -89.118573, 38.059231 ], [ -89.133183, 38.052216 ], [ -89.1403, 38.033089 ], [ -89.140708, 38.000362 ], [ -89.16189, 37.957356 ], [ -89.177597, 37.950311 ], [ -89.237735, 37.950375 ], [ -89.276197, 37.950564 ], [ -89.28203, 37.950629 ], [ -89.595073, 37.955343 ], [ -89.594769, 37.969968 ] ] ] } },
{ "type": "Feature", "properties": { "STATEFP": "17", "COUNTYFP": "123", "COUNTYNS": "00424260", "GEOIDFQ": "0500000US17123", "GEOID": "17123", "NAME": "Marshall", "NAMELSAD": "Marshall County", "STUSPS": "IL", "STATE_NAME": "Illinois", "LSAD": "06", "ALAND": 1001865309, "AWATER": 30343504 }, "geometry": { "type": "Polygon", "coordinates": [ [ [ -89.638528, 41.141321 ], [ -89.638536, 41.148545 ], [ -89.466101, 41.148524 ], [ -89.35016, 41.1479 ], [ -89.32927, 41.147931 ], [ -89.333484, 41.123673 ], [ -89.358437, 41.103849 ], [ -89.162237, 41.104008 ], [ -89.047394, 41.104786 ], [ -89.047254, 41.027874 ], [ -89.047718, 40.925749 ], [ -89.160448, 40.92709 ], [ -89.346053, 40.922862 ], [ -89.472522, 40.921205 ], [ -89.462565, 40.928217 ], [ -89.455306, 40.935507 ], [ -89.447693, 40.973246 ], [ -89.638727, 40.973707 ], [ -89.638528, 41.141321 ] ] ] } },
{ "type": "Feature", "properties": { "STATEFP": "17", "COUNTYFP": "169", "COUNTYNS": "01785037", "GEOIDFQ": "0500000US17169", "GEOID": "17169", "NAME": "Schuyler", "NAMELSAD": "Schuyler County", "STUSPS": "IL", "STATE_NAME": "Illinois", "LSAD": "06", "ALAND": 1132602759, "AWATER": 10510632 }, "geometry": { "type": "Polygon", "coordinates": [ [ [ -90.911969, 40.193088 ], [ -90.909756, 40.284394 ], [ -90.67794, 40.278562 ], [ -90.450227, 40.276335 ], [ -90.451916, 40.188803 ], [ -90.42312, 40.188539 ], [ -90.199635, 40.183812 ], [ -90.206144, 40.155789 ], [ -90.216138, 40.150459 ], [ -90.268144, 40.154563 ], [ -90.310386, 40.139296 ], [ -90.337548, 40.136092 ], [ -90.354524, 40.124217 ], [ -90.372836, 40.122363 ], [ -90.393431, 40.091866 ], [ -90.393432, 40.078759 ], [ -90.428638, 40.060345 ], [ -90.433451, 40.024406 ], [ -90.440048, 40.018163 ], [ -90.446611, 40.015012 ], [ -90.510887, 39.993822 ], [ -90.513747, 39.987891 ], [ -90.543596, 39.980359 ], [ -90.607134, 39.981658 ], [ -90.601947, 40.003317 ], [ -90.619029, 40.015159 ], [ -90.605679, 40.025114 ], [ -90.632327, 40.026385 ], [ -90.653351, 40.033143 ], [ -90.662004, 40.046778 ], [ -90.678015, 40.05275 ], [ -90.673275, 40.080885 ], [ -90.694506, 40.079378 ], [ -90.705793, 40.084888 ], [ -90.696007, 40.103967 ], [ -90.913469, 40.104455 ], [ -90.911969, 40.193088 ] ] ] } },
{ "type": "Feature", "properties": { "STATEFP": "17", "COUNTYFP": "005", "COUNTYNS": "00424204", "GEOIDFQ": "0500000US17005", "GEOID": "17005", "NAME": "Bond", "NAMELSAD": "Bond County", "STUSPS": "IL", "STATE_NAME": "Illinois", "LSAD": "06", "ALAND": 985066648, "AWATER": 6462629 }, "geometry": { "type": "Polygon", "coordinates": [ [ [ -89.639265, 38.999129 ], [ -89.586092, 38.999456 ], [ -89.580278, 39.028366 ], [ -89.473348, 39.02777 ], [ -89.250309, 39.028185 ], [ -89.25736, 38.99917 ], [ -89.256706, 38.916253 ], [ -89.254185, 38.742018 ], [ -89.372068, 38.741176 ], [ -89.48204, 38.740509 ], [ -89.597321, 38.743236 ], [ -89.598581, 38.801888 ], [ -89.599123, 38.830529 ], [ -89.599593, 38.87453 ], [ -89.636874, 38.874278 ], [ -89.639265, 38.999129 ] ] ] } },
{ "type": "Feature", "properties": { "STATEFP": "17", "COUNTYFP": "017", "COUNTYNS": "00424210", "GEOIDFQ": "0500000US17017", "GEOID": "17017", "NAME": "Cass", "NAMELSAD": "Cass County", "STUSPS": "IL", "STATE_NAME": "Illinois", "LSAD": "06", "ALAND": 973198203, "AWATER": 20569928 }, "geometry": { "type": "Polygon", "coordinates": [ [ [ -90.57179, 39.89427 ], [ -90.55428, 39.901364 ], [ -90.536721, 39.923027 ], [ -90.532113, 39.946012 ], [ -90.511115, 39.967605 ], [ -90.513747, 39.987891 ], [ -90.510887, 39.993822 ], [ -90.446611, 40.015012 ], [ -90.440048, 40.018163 ], [ -90.433451, 40.024406 ], [ -90.428638, 40.060345 ], [ -90.393432, 40.078759 ], [ -90.393431, 40.091866 ], [ -90.372836, 40.122363 ], [ -90.354524, 40.124217 ], [ -90.314772, 40.115714 ], [ -90.303314, 40.092814 ], [ -90.304987, 40.077905 ], [ -90.290595, 40.068894 ], [ -90.284885, 40.055373 ], [ -90.269552, 40.06121 ], [ -90.199903, 40.053963 ], [ -90.189476, 40.065448 ], [ -90.176472, 40.060135 ], [ -90.150257, 40.067586 ], [ -90.134281, 40.062524 ], [ -90.126401, 40.076889 ], [ -90.112935, 40.080998 ], [ -90.081856, 40.080195 ], [ -90.064662, 40.100145 ], [ -90.051126, 40.099643 ], [ -90.040274, 40.10859 ], [ -90.011723, 40.10101 ], [ -89.99509, 40.108908 ], [ -89.994506, 39.901925 ], [ -89.994405, 39.87286 ], [ -90.192604, 39.873169 ], [ -90.295321, 39.874208 ], [ -90.410101, 39.875441 ], [ -90.583534, 39.87675 ], [ -90.57179, 39.89427 ] ] ] } },
{ "type": "Feature", "properties": { "STATEFP": "17", "COUNTYFP": "139", "COUNTYNS": "01784885", "GEOIDFQ": "0500000US17139", "GEOID": "17139", "NAME": "Moultrie", "NAMELSAD": "Moultrie County", "STUSPS": "IL", "STATE_NAME": "Illinois", "LSAD": "06", "ALAND": 870127369, "AWATER": 22111272 }, "geometry": { "type": "Polygon", "coordinates": [ [ [ -88.812709, 39.740486 ], [ -88.75784, 39.739907 ], [ -88.75866, 39.792067 ], [ -88.745671, 39.792146 ], [ -88.604028, 39.792176 ], [ -88.587523, 39.792134 ], [ -88.473182, 39.791837 ], [ -88.472073, 39.651588 ], [ -88.470505, 39.447041 ], [ -88.584273, 39.447582 ], [ -88.584543, 39.476988 ], [ -88.603185, 39.477031 ], [ -88.608129, 39.491678 ], [ -88.641468, 39.520958 ], [ -88.707334, 39.521063 ], [ -88.717438, 39.579334 ], [ -88.809051, 39.580241 ], [ -88.81058, 39.652771 ], [ -88.810575, 39.653222 ], [ -88.812709, 39.740486 ] ] ] } },
{ "type": "Feature", "properties": { "STATEFP": "17", "COUNTYFP": "041", "COUNTYNS": "00424222", "GEOIDFQ": "0500000US17041", "GEOID": "17041", "NAME": "Douglas", "NAMELSAD": "Douglas County", "STUSPS": "IL", "STATE_NAME": "Illinois", "LSAD": "06", "ALAND": 1079110220, "AWATER": 1448705 }, "geometry": { "type": "Polygon", "coordinates": [ [ [ -88.473182, 39.791837 ], [ -88.462328, 39.79182 ], [ -88.462207, 39.879092 ], [ -88.406105, 39.879235 ], [ -88.292716, 39.87924 ], [ -88.278719, 39.879178 ], [ -88.236361, 39.879115 ], [ -88.1227, 39.880223 ], [ -87.937645, 39.879803 ], [ -87.937029, 39.792371 ], [ -87.968777, 39.79235 ], [ -87.966347, 39.685973 ], [ -88.063013, 39.681311 ], [ -88.063518, 39.652657 ], [ -88.139551, 39.652057 ], [ -88.24699, 39.65233 ], [ -88.314033, 39.651805 ], [ -88.352238, 39.651794 ], [ -88.472073, 39.651588 ], [ -88.473182, 39.791837 ] ] ] } },
{ "type": "Feature", "properties": { "STATEFP": "17", "COUNTYFP": "049", "COUNTYNS": "00424226", "GEOIDFQ": "0500000US17049", "GEOID": "17049", "NAME": "Effingham", "NAMELSAD": "Effingham County", "STUSPS": "IL", "STATE_NAME": "Illinois", "LSAD": "06", "ALAND": 1240005912, "AWATER": 3174585 }, "geometry": { "type": "Polygon", "coordinates": [ [ [ -88.805945, 39.026361 ], [ -88.805688, 39.086336 ], [ -88.805325, 39.216263 ], [ -88.554759, 39.215222 ], [ -88.470906, 39.215029 ], [ -88.470865, 39.171463 ], [ -88.360654, 39.171118 ], [ -88.360504, 39.089872 ], [ -88.361745, 38.910847 ], [ -88.540136, 38.914507 ], [ -88.693531, 38.914617 ], [ -88.806795, 38.911585 ], [ -88.805945, 39.026361 ] ] ] } },
{ "type": "Feature", "properties": { "STATEFP": "17", "COUNTYFP": "065", "COUNTYNS": "00424234", "GEOIDFQ": "0500000US17065", "GEOID": "17065", "NAME": "Hamilton", "NAMELSAD": "Hamilton County", "STUSPS": "IL", "STATE_NAME": "Illinois", "LSAD": "06", "ALAND": 1125731581, "AWATER": 3172088 }, "geometry": { "type": "Polygon", "coordinates": [ [ [ -88.705481, 38.070825 ], [ -88.704606, 38.125195 ], [ -88.702391, 38.256661 ], [ -88.370367, 38.255481 ], [ -88.370375, 38.255319 ], [ -88.370816, 38.248662 ], [ -88.372973, 38.082355 ], [ -88.373602, 38.053515 ], [ -88.374521, 37.908391 ], [ -88.37453, 37.907678 ], [ -88.595979, 37.9067 ], [ -88.602468, 37.907177 ], [ -88.706622, 37.906797 ], [ -88.705481, 38.070825 ] ] ] } },
{ "type": "Feature", "properties": { "STATEFP": "17", "COUNTYFP": "087", "COUNTYNS": "00424245", "GEOIDFQ": "0500000US17087", "GEOID": "17087", "NAME": "Johnson", "NAMELSAD": "Johnson County", "STUSPS": "IL", "STATE_NAME": "Illinois", "LSAD": "06", "ALAND": 890273379, "AWATER": 12814662 }, "geometry": { "type": "Polygon", "coordinates": [ [ [ -89.044799, 37.329717 ], [ -89.044348, 37.441755 ], [ -89.041401, 37.596576 ], [ -88.937756, 37.59669 ], [ -88.874231, 37.596981 ], [ -88.818894, 37.600677 ], [ -88.708546, 37.599277 ], [ -88.708546, 37.599059 ], [ -88.710688, 37.39063 ], [ -88.710738, 37.337081 ], [ -88.728691, 37.335317 ], [ -88.905071, 37.335743 ], [ -88.897561, 37.317491 ], [ -88.928757, 37.302848 ], [ -88.955754, 37.297486 ], [ -89.003541, 37.311242 ], [ -89.044691, 37.293933 ], [ -89.044799, 37.329717 ] ] ] } },
{ "type": "Feature", "properties": { "STATEFP": "17", "COUNTYFP": "011", "COUNTYNS": "00424207", "GEOIDFQ": "0500000US17011", "GEOID": "17011", "NAME": "Bureau", "NAMELSAD": "Bureau County", "STUSPS": "IL", "STATE_NAME": "Illinois", "LSAD": "06", "ALAND": 2250884574, "AWATER": 11523903 }, "geometry": { "type": "Polygon", "coordinates": [ [ [ -89.862351, 41.584005 ], [ -89.631494, 41.584949 ], [ -89.531719, 41.585056 ], [ -89.400868, 41.584926 ], [ -89.276918, 41.585121 ], [ -89.166561, 41.585289 ], [ -89.166487, 41.497816 ], [ -89.166542, 41.495832 ], [ -89.165304, 41.408427 ], [ -89.16462, 41.364568 ], [ -89.163999, 41.328053 ], [ -89.163705, 41.310187 ], [ -89.224854, 41.3131 ], [ -89.263543, 41.322457 ], [ -89.271188, 41.320816 ], [ -89.28071, 41.31385 ], [ -89.33888, 41.299134 ], [ -89.337083, 41.281667 ], [ -89.348198, 41.259284 ], [ -89.350253, 41.252554 ], [ -89.356729, 41.233039 ], [ -89.399657, 41.233539 ], [ -89.466389, 41.233872 ], [ -89.466101, 41.148524 ], [ -89.638536, 41.148545 ], [ -89.638647, 41.221231 ], [ -89.644789, 41.233853 ], [ -89.857616, 41.234479 ], [ -89.857194, 41.272871 ], [ -89.85703, 41.278261 ], [ -89.856619, 41.320967 ], [ -89.856886, 41.39347 ], [ -89.8569, 41.40151 ], [ -89.857369, 41.51837 ], [ -89.862351, 41.584005 ] ] ] } },
{ "type": "Feature", "properties": { "STATEFP": "17", "COUNTYFP": "109", "COUNTYNS": "01784729", "GEOIDFQ": "0500000US17109", "GEOID": "17109", "NAME": "McDonough", "NAMELSAD": "McDonough County", "STUSPS": "IL", "STATE_NAME": "Illinois", "LSAD": "06", "ALAND": 1526339604, "AWATER": 2012552 }, "geometry": { "type": "Polygon", "coordinates": [ [ [ -90.907335, 40.462592 ], [ -90.904216, 40.639201 ], [ -90.789652, 40.63575 ], [ -90.673198, 40.631498 ], [ -90.559983, 40.630448 ], [ -90.445627, 40.627638 ], [ -90.446883, 40.539839 ], [ -90.447461, 40.452055 ], [ -90.449054, 40.327619 ], [ -90.450227, 40.276335 ], [ -90.67794, 40.278562 ], [ -90.909756, 40.284394 ], [ -90.907335, 40.462592 ] ] ] } },
{ "type": "Feature", "properties": { "STATEFP": "17", "COUNTYFP": "121", "COUNTYNS": "00424259", "GEOIDFQ": "0500000US17121", "GEOID": "17121", "NAME": "Marion", "NAMELSAD": "Marion County", "STUSPS": "IL", "STATE_NAME": "Illinois", "LSAD": "06", "ALAND": 1482865623, "AWATER": 9234118 }, "geometry": { "type": "Polygon", "coordinates": [ [ [ -89.143866, 38.503089 ], [ -89.143304, 38.525325 ], [ -89.14309, 38.532798 ], [ -89.142609, 38.546766 ], [ -89.142324, 38.556983 ], [ -89.140017, 38.634529 ], [ -89.138393, 38.736331 ], [ -89.138138, 38.824209 ], [ -89.014157, 38.82306 ], [ -88.801996, 38.824541 ], [ -88.695165, 38.826299 ], [ -88.697518, 38.693366 ], [ -88.69837, 38.629821 ], [ -88.698459, 38.606062 ], [ -88.698961, 38.474914 ], [ -88.847528, 38.476106 ], [ -88.922336, 38.476968 ], [ -88.959933, 38.475984 ], [ -89.033155, 38.473963 ], [ -89.139882, 38.473913 ], [ -89.144388, 38.473878 ], [ -89.143866, 38.503089 ] ] ] } },
{ "type": "Feature", "properties": { "STATEFP": "17", "COUNTYFP": "129", "COUNTYNS": "00424266", "GEOIDFQ": "0500000US17129", "GEOID": "17129", "NAME": "Menard", "NAMELSAD": "Menard County", "STUSPS": "IL", "STATE_NAME": "Illinois", "LSAD": "06", "ALAND": 814269349, "AWATER": 2640418 }, "geometry": { "type": "Polygon", "coordinates": [ [ [ -89.99509, 40.108908 ], [ -89.982562, 40.114377 ], [ -89.969618, 40.142358 ], [ -89.944903, 40.133697 ], [ -89.940262, 40.137292 ], [ -89.926058, 40.13995 ], [ -89.898118, 40.127795 ], [ -89.868249, 40.12972 ], [ -89.824987, 40.122899 ], [ -89.794367, 40.123805 ], [ -89.788053, 40.130056 ], [ -89.749196, 40.126852 ], [ -89.708102, 40.146603 ], [ -89.694344, 40.14091 ], [ -89.683807, 40.155006 ], [ -89.668374, 40.160707 ], [ -89.648693, 40.157408 ], [ -89.628002, 40.148817 ], [ -89.601688, 40.122378 ], [ -89.60112, 40.092284 ], [ -89.579128, 40.092415 ], [ -89.578289, 39.976127 ], [ -89.698259, 39.975309 ], [ -89.701864, 39.916787 ], [ -89.76055, 39.916702 ], [ -89.769186, 39.914202 ], [ -89.769168, 39.90235 ], [ -89.811401, 39.902344 ], [ -89.994506, 39.901925 ], [ -89.99509, 40.108908 ] ] ] } },
{ "type": "Feature", "properties": { "STATEFP": "17", "COUNTYFP": "175", "COUNTYNS": "00424288", "GEOIDFQ": "0500000US17175", "GEOID": "17175", "NAME": "Stark", "NAMELSAD": "Stark County", "STUSPS": "IL", "STATE_NAME": "Illinois", "LSAD": "06", "ALAND": 746189903, "AWATER": 684784 }, "geometry": { "type": "Polygon", "coordinates": [ [ [ -89.984901, 41.084105 ], [ -89.984559, 41.149394 ], [ -89.868152, 41.149493 ], [ -89.867847, 41.214925 ], [ -89.867793, 41.23443 ], [ -89.857616, 41.234479 ], [ -89.644789, 41.233853 ], [ -89.638647, 41.221231 ], [ -89.638536, 41.148545 ], [ -89.638528, 41.141321 ], [ -89.638727, 40.973707 ], [ -89.650719, 40.973754 ], [ -89.985479, 40.974495 ], [ -89.984901, 41.084105 ] ] ] } },
{ "type": "Feature", "properties": { "STATEFP": "17", "COUNTYFP": "187", "COUNTYNS": "01785134", "GEOIDFQ": "0500000US17187", "GEOID": "17187", "NAME": "Warren", "NAMELSAD": "Warren County", "STUSPS": "IL", "STATE_NAME": "Illinois", "LSAD": "06", "ALAND": 1404768298, "AWATER": 1672625 }, "geometry": { "type": "Polygon", "coordinates": [ [ [ -90.788392, 40.799231 ], [ -90.788354, 40.806501 ], [ -90.787039, 40.915964 ], [ -90.785194, 41.068749 ], [ -90.745355, 41.06833 ], [ -90.667715, 41.067595 ], [ -90.625791, 41.066655 ], [ -90.550218, 41.064065 ], [ -90.439423, 41.063995 ], [ -90.440096, 41.020093 ], [ -90.440524, 40.97649 ], [ -90.441216, 40.922683 ], [ -90.441277, 40.918262 ], [ -90.44176, 40.88906 ], [ -90.442604, 40.829453 ], [ -90.442891, 40.801565 ], [ -90.444339, 40.714868 ], [ -90.445627, 40.627638 ], [ -90.559983, 40.630448 ], [ -90.673198, 40.631498 ], [ -90.789652, 40.63575 ], [ -90.788392, 40.799231 ] ] ] } },
{ "type": "Feature", "properties": { "STATEFP": "17", "COUNTYFP": "079", "COUNTYNS": "00424241", "GEOIDFQ": "0500000US17079", "GEOID": "17079", "NAME": "Jasper", "NAMELSAD": "Jasper County", "STUSPS": "IL", "STATE_NAME": "Illinois", "LSAD": "06", "ALAND": 1281043617, "AWATER": 9334509 }, "geometry": { "type": "Polygon", "coordinates": [ [ [ -88.361745, 38.910847 ], [ -88.360504, 39.089872 ], [ -88.360654, 39.171118 ], [ -88.303028, 39.171217 ], [ -88.24875, 39.171372 ], [ -88.007766, 39.173925 ], [ -87.950385, 39.174882 ], [ -87.946706, 39.068348 ], [ -87.946239, 39.010211 ], [ -87.945485, 38.960605 ], [ -87.945919, 38.850148 ], [ -88.258583, 38.847529 ], [ -88.361758, 38.852124 ], [ -88.361745, 38.910847 ] ] ] } },
{ "type": "Feature", "properties": { "STATEFP": "17", "COUNTYFP": "037", "COUNTYNS": "00422190", "GEOIDFQ": "0500000US17037", "GEOID": "17037", "NAME": "DeKalb", "NAMELSAD": "DeKalb County", "STUSPS": "IL", "STATE_NAME": "Illinois", "LSAD": "06", "ALAND": 1635155504, "AWATER": 8560431 }, "geometry": { "type": "Polygon", "coordinates": [ [ [ -88.942146, 42.06505 ], [ -88.938936, 42.065068 ], [ -88.939732, 42.15232 ], [ -88.861515, 42.153046 ], [ -88.822419, 42.153391 ], [ -88.705585, 42.153537 ], [ -88.695685, 42.15352 ], [ -88.593284, 42.153555 ], [ -88.588657, 42.15359 ], [ -88.588344, 42.110025 ], [ -88.58833, 42.066462 ], [ -88.601958, 42.066469 ], [ -88.601709, 42.041473 ], [ -88.60156, 42.017925 ], [ -88.601289, 41.981473 ], [ -88.601399, 41.952151 ], [ -88.601686, 41.873325 ], [ -88.602566, 41.806847 ], [ -88.601933, 41.719563 ], [ -88.603488, 41.713584 ], [ -88.602592, 41.665912 ], [ -88.602341, 41.647525 ], [ -88.60224, 41.631389 ], [ -88.654211, 41.631036 ], [ -88.731721, 41.630661 ], [ -88.751029, 41.630817 ], [ -88.818233, 41.631351 ], [ -88.938679, 41.628316 ], [ -88.941508, 41.760774 ], [ -88.941341, 41.848085 ], [ -88.941279, 41.891752 ], [ -88.9419, 41.978264 ], [ -88.941883, 41.97888 ], [ -88.942146, 42.06505 ] ] ] } },
{ "type": "Feature", "properties": { "STATEFP": "17", "COUNTYFP": "025", "COUNTYNS": "00424214", "GEOIDFQ": "0500000US17025", "GEOID": "17025", "NAME": "Clay", "NAMELSAD": "Clay County", "STUSPS": "IL", "STATE_NAME": "Illinois", "LSAD": "06", "ALAND": 1213023030, "AWATER": 3064499 }, "geometry": { "type": "Polygon", "coordinates": [ [ [ -88.69837, 38.629821 ], [ -88.697518, 38.693366 ], [ -88.695165, 38.826299 ], [ -88.695025, 38.833719 ], [ -88.693531, 38.914617 ], [ -88.540136, 38.914507 ], [ -88.361745, 38.910847 ], [ -88.361758, 38.852124 ], [ -88.258583, 38.847529 ], [ -88.258051, 38.767217 ], [ -88.257783, 38.731139 ], [ -88.287079, 38.727936 ], [ -88.284043, 38.687037 ], [ -88.278253, 38.675713 ], [ -88.279811, 38.672345 ], [ -88.273135, 38.657919 ], [ -88.293356, 38.642009 ], [ -88.292421, 38.626487 ], [ -88.253978, 38.599502 ], [ -88.364181, 38.602237 ], [ -88.584531, 38.607309 ], [ -88.698459, 38.606062 ], [ -88.69837, 38.629821 ] ] ] } },
{ "type": "Feature", "properties": { "STATEFP": "17", "COUNTYFP": "159", "COUNTYNS": "00424281", "GEOIDFQ": "0500000US17159", "GEOID": "17159", "NAME": "Richland", "NAMELSAD": "Richland County", "STUSPS": "IL", "STATE_NAME": "Illinois", "LSAD": "06", "ALAND": 932484078, "AWATER": 4874777 }, "geometry": { "type": "Polygon", "coordinates": [ [ [ -88.293356, 38.642009 ], [ -88.273135, 38.657919 ], [ -88.279811, 38.672345 ], [ -88.278253, 38.675713 ], [ -88.284043, 38.687037 ], [ -88.287079, 38.727936 ], [ -88.257783, 38.731139 ], [ -88.258051, 38.767217 ], [ -88.258583, 38.847529 ], [ -87.945919, 38.850148 ], [ -87.908113, 38.850107 ], [ -87.908536, 38.776338 ], [ -87.908962, 38.732296 ], [ -87.910282, 38.574932 ], [ -87.912286, 38.570104 ], [ -87.954675, 38.57023 ], [ -88.147803, 38.569037 ], [ -88.148194, 38.597987 ], [ -88.253978, 38.599502 ], [ -88.292421, 38.626487 ], [ -88.293356, 38.642009 ] ] ] } },
{ "type": "Feature", "properties": { "STATEFP": "17", "COUNTYFP": "073", "COUNTYNS": "00424238", "GEOIDFQ": "0500000US17073", "GEOID": "17073", "NAME": "Henry", "NAMELSAD": "Henry County", "STUSPS": "IL", "STATE_NAME": "Illinois", "LSAD": "06", "ALAND": 2131719312, "AWATER": 6804791 }, "geometry": { "type": "Polygon", "coordinates": [ [ [ -90.435265, 41.267829 ], [ -90.433737, 41.326989 ], [ -90.432469, 41.414223 ], [ -90.432181, 41.434725 ], [ -90.43193, 41.456834 ], [ -90.421129, 41.457634 ], [ -90.396585, 41.469401 ], [ -90.376528, 41.478734 ], [ -90.358727, 41.506134 ], [ -90.341245, 41.511379 ], [ -90.31951, 41.509705 ], [ -90.304716, 41.517791 ], [ -90.241657, 41.524826 ], [ -90.195324, 41.540686 ], [ -90.184769, 41.555969 ], [ -90.179287, 41.576083 ], [ -90.185536, 41.584574 ], [ -89.920108, 41.583817 ], [ -89.862351, 41.584005 ], [ -89.857369, 41.51837 ], [ -89.8569, 41.40151 ], [ -89.856886, 41.39347 ], [ -89.856619, 41.320967 ], [ -89.85703, 41.278261 ], [ -89.857194, 41.272871 ], [ -89.857616, 41.234479 ], [ -89.867793, 41.23443 ], [ -89.867847, 41.214925 ], [ -89.868152, 41.149493 ], [ -89.984559, 41.149394 ], [ -90.096311, 41.14988 ], [ -90.208816, 41.15211 ], [ -90.437652, 41.151463 ], [ -90.435265, 41.267829 ] ] ] } },
{ "type": "Feature", "properties": { "STATEFP": "17", "COUNTYFP": "053", "COUNTYNS": "00424228", "GEOIDFQ": "0500000US17053", "GEOID": "17053", "NAME": "Ford", "NAMELSAD": "Ford County", "STUSPS": "IL", "STATE_NAME": "Illinois", "LSAD": "06", "ALAND": 1257690130, "AWATER": 1640595 }, "geometry": { "type": "Polygon", "coordinates": [ [ [ -88.459227, 40.486243 ], [ -88.45926, 40.530039 ], [ -88.459349, 40.573568 ], [ -88.459475, 40.617345 ], [ -88.23495, 40.618208 ], [ -88.23529, 40.63243 ], [ -88.239459, 40.756033 ], [ -88.241542, 40.828523 ], [ -88.2473, 40.99456 ], [ -88.131935, 40.997777 ], [ -88.129414, 40.895063 ], [ -88.12631, 40.792614 ], [ -88.124997, 40.748942 ], [ -88.120279, 40.633884 ], [ -88.1179, 40.487856 ], [ -88.002858, 40.488649 ], [ -87.9926, 40.485568 ], [ -87.935309, 40.485923 ], [ -87.93187, 40.404165 ], [ -87.932387, 40.3994 ], [ -88.23372, 40.399518 ], [ -88.252831, 40.399335 ], [ -88.346987, 40.398417 ], [ -88.459957, 40.39885 ], [ -88.459227, 40.486243 ] ] ] } },
{ "type": "Feature", "properties": { "STATEFP": "17", "COUNTYFP": "031", "COUNTYNS": "01784766", "GEOIDFQ": "0500000US17031", "GEOID": "17031", "NAME": "Cook", "NAMELSAD": "Cook County", "STUSPS": "IL", "STATE_NAME": "Illinois", "LSAD": "06", "ALAND": 2447345098, "AWATER": 1786339408 }, "geometry": { "type": "Polygon", "coordinates": [ [ [ -88.263641, 42.066873 ], [ -88.238186, 42.066985 ], [ -88.238276, 42.085121 ], [ -88.238257, 42.092348 ], [ -88.238334, 42.106616 ], [ -88.238316, 42.114009 ], [ -88.238346, 42.132288 ], [ -88.238449, 42.154249 ], [ -88.199584, 42.15426 ], [ -88.150745, 42.154215 ], [ -88.136089, 42.154213 ], [ -88.121545, 42.154193 ], [ -88.09222, 42.153994 ], [ -88.062827, 42.153855 ], [ -88.02375, 42.153735 ], [ -88.016982, 42.153693 ], [ -88.004466, 42.153645 ], [ -87.984994, 42.153626 ], [ -87.981571, 42.153621 ], [ -87.968951, 42.153589 ], [ -87.962095, 42.153548 ], [ -87.961974, 42.153546 ], [ -87.955339, 42.153484 ], [ -87.934405, 42.153106 ], [ -87.91486, 42.153164 ], [ -87.887268, 42.152953 ], [ -87.8674, 42.152939 ], [ -87.848183, 42.152811 ], [ -87.841709, 42.152784 ], [ -87.828446, 42.152715 ], [ -87.809145, 42.152527 ], [ -87.793855, 42.15255 ], [ -87.789522, 42.152473 ], [ -87.772315, 42.152362 ], [ -87.759249118689794, 42.152256164271101 ], [ -87.754357792511897, 42.145573177574597 ], [ -87.750396213715305, 42.140160498593303 ], [ -87.741662, 42.128227 ], [ -87.741317668222493, 42.127811800809503 ], [ -87.738994928465303, 42.125011014677902 ], [ -87.733929340740602, 42.118902871136001 ], [ -87.724661, 42.107727 ], [ -87.71096, 42.095328 ], [ -87.7109451793023, 42.095317844031499 ], [ -87.702370180905604, 42.089441776985701 ], [ -87.697788901393196, 42.086302428810299 ], [ -87.691581114013204, 42.082048506749601 ], [ -87.682359, 42.075729 ], [ -87.682178581490106, 42.075440995964101 ], [ -87.680749398870901, 42.073159576154801 ], [ -87.679843229159005, 42.071713047556301 ], [ -87.673473520316094, 42.061545011828898 ], [ -87.671462, 42.058334 ], [ -87.670512, 42.05298 ], [ -87.6706981790512, 42.052305336694502 ], [ -87.671090023604094, 42.050885396375101 ], [ -87.671183208481807, 42.050547719191798 ], [ -87.671894, 42.047972 ], [ -87.6710944310462, 42.042801710370803 ], [ -87.670827410421595, 42.041075062581697 ], [ -87.669704861502197, 42.0338162726947 ], [ -87.668982, 42.029142 ], [ -87.666597408851203, 42.023121736617 ], [ -87.665069345316496, 42.019263907592503 ], [ -87.662527406468698, 42.012846395988703 ], [ -87.656737783091003, 41.998229610364803 ], [ -87.656020452100606, 41.996418599073898 ], [ -87.6551288379532, 41.994167583420101 ], [ -87.654789991163099, 41.993312113112701 ], [ -87.654576857993504, 41.992774025979003 ], [ -87.654418413878005, 41.992374009688 ], [ -87.654224790637997, 41.991885178341597 ], [ -87.653669962413304, 41.990484430021702 ], [ -87.653638748216395, 41.990405625029503 ], [ -87.653556532105299, 41.990198057940702 ], [ -87.652780556672596, 41.988238989827103 ], [ -87.652715732370893, 41.988075331008602 ], [ -87.652396539942202, 41.987269481128898 ], [ -87.651114435167102, 41.984032612437701 ], [ -87.650712761840197, 41.983018526973503 ], [ -87.648974946193107, 41.978631146808901 ], [ -87.648439611335206, 41.977279612461302 ], [ -87.645439489843895, 41.9697053490207 ], [ -87.641573754374704, 41.959945711312699 ], [ -87.639760492966204, 41.955367856837697 ], [ -87.639664194254394, 41.955124736079398 ], [ -87.639581755618806, 41.954916607193603 ], [ -87.639373717854497, 41.954391384186202 ], [ -87.639280795287107, 41.954156787018299 ], [ -87.637101770957798, 41.948655508366201 ], [ -87.637030378296103, 41.948475266722902 ], [ -87.635582549907397, 41.944820003539697 ], [ -87.634572113621701, 41.942269003308503 ], [ -87.633986309293306, 41.940790051099199 ], [ -87.632721413098693, 41.937596628089402 ], [ -87.632421747906506, 41.936840077690903 ], [ -87.630953, 41.933132 ], [ -87.630924733544106, 41.933013625767899 ], [ -87.629380723039702, 41.926547620322701 ], [ -87.627525348161896, 41.918777683506399 ], [ -87.627495808408298, 41.918653976959703 ], [ -87.627201770433302, 41.917422605060601 ], [ -87.627038269646704, 41.916737896651298 ], [ -87.626779033422906, 41.915652267486102 ], [ -87.625704344492902, 41.911151686399897 ], [ -87.624762775738304, 41.907208585833601 ], [ -87.6241335473986, 41.904573504103602 ], [ -87.624052, 41.904232 ], [ -87.622944, 41.90202 ], [ -87.619852, 41.901392 ], [ -87.618930594693495, 41.900112164601197 ], [ -87.617433, 41.898032 ], [ -87.616549677578007, 41.896785623958699 ], [ -87.615902986547795, 41.895873136982097 ], [ -87.614279324517, 41.893582134960702 ], [ -87.614163, 41.893418 ], [ -87.613920082771003, 41.8934072296314 ], [ -87.612291, 41.893335 ], [ -87.612265695187503, 41.893290196067703 ], [ -87.611659, 41.892216 ], [ -87.611659, 41.890708 ], [ -87.611762998736097, 41.890559284863201 ], [ -87.61268, 41.889248 ], [ -87.614188, 41.888421 ], [ -87.614184188403897, 41.888397231803602 ], [ -87.613556, 41.88448 ], [ -87.616537, 41.882396 ], [ -87.616505507392901, 41.880913535073901 ], [ -87.616343258847706, 41.873275940095297 ], [ -87.616313778907099, 41.871888218273099 ], [ -87.616251, 41.868933 ], [ -87.616238049972694, 41.868887871982501 ], [ -87.616035828324499, 41.868183173693701 ], [ -87.611621745078693, 41.852801057398203 ], [ -87.610739145348802, 41.849725390055298 ], [ -87.610619173978193, 41.849307316024401 ], [ -87.610528539404598, 41.848991474325501 ], [ -87.610162499355297, 41.8477159046788 ], [ -87.609453859499993, 41.845246449514903 ], [ -87.60945, 41.845233 ], [ -87.609104775977301, 41.844519358609404 ], [ -87.606369695049494, 41.838865444546698 ], [ -87.606211507407707, 41.838538441669797 ], [ -87.602732637513597, 41.831346979356297 ], [ -87.600549, 41.826833 ], [ -87.5994238363037, 41.825465873867799 ], [ -87.5924053300118, 41.816938062854703 ], [ -87.587714156648602, 41.8112380694078 ], [ -87.586996757534095, 41.810366396174899 ], [ -87.583356360392798, 41.805943144625097 ], [ -87.581488, 41.803673 ], [ -87.581213021187807, 41.802588244462299 ], [ -87.580845816730005, 41.801139670784799 ], [ -87.580723618281098, 41.800657613847001 ], [ -87.580714566282097, 41.800621904891997 ], [ -87.580398837808403, 41.799376397255998 ], [ -87.579815784971601, 41.797076329885201 ], [ -87.579348753242897, 41.795233950648601 ], [ -87.579066359081807, 41.794119942526699 ], [ -87.577937700097294, 41.789667530087598 ], [ -87.577040859423903, 41.786129610640799 ], [ -87.576946395171205, 41.785756961488801 ], [ -87.576391, 41.783566 ], [ -87.574172989930901, 41.780968183340804 ], [ -87.573197744595106, 41.779825939391699 ], [ -87.572785581005704, 41.779343197922799 ], [ -87.566606990336595, 41.772106600580599 ], [ -87.561643347828706, 41.766292996135199 ], [ -87.560238, 41.764647 ], [ -87.559913903864896, 41.7644138550082 ], [ -87.545764988130202, 41.754235551456603 ], [ -87.542845, 41.752135 ], [ -87.530745, 41.748235 ], [ -87.526845101972498, 41.7339174609819 ], [ -87.524614664385098, 41.725728945036103 ], [ -87.524141, 41.72399 ], [ -87.524044, 41.708335 ], [ -87.524936601573202, 41.702681856703101 ], [ -87.524944, 41.702635 ], [ -87.524911307933806, 41.699038872717701 ], [ -87.524845525420403, 41.6918027962464 ], [ -87.524844, 41.691635 ], [ -87.524734675957305, 41.6609484988969 ], [ -87.524676564948905, 41.6446371415852 ], [ -87.524642, 41.634935 ], [ -87.5247299561901, 41.632736095246997 ], [ -87.524742, 41.632435 ], [ -87.524719539175706, 41.630211378392197 ], [ -87.524675725163505, 41.625873791184603 ], [ -87.524642, 41.622535 ], [ -87.524641853023795, 41.613834008364002 ], [ -87.524641631984494, 41.600748480667498 ], [ -87.524641523648796, 41.594335009805299 ], [ -87.5246413044934, 41.581361011160404 ], [ -87.524641248447693, 41.578043102665497 ], [ -87.524641232635304, 41.577107010806898 ], [ -87.524641117263698, 41.570277011197298 ], [ -87.524641, 41.563335 ], [ -87.525041, 41.559235 ], [ -87.525035211526102, 41.557544307140198 ], [ -87.525032664870594, 41.556800482020698 ], [ -87.525001933119796, 41.547824376568002 ], [ -87.52494, 41.529735 ], [ -87.524957992614702, 41.528267531207703 ], [ -87.525026866688904, 41.522650195630199 ], [ -87.525203417857497, 41.508250769262901 ], [ -87.5252576157649, 41.503830414628098 ], [ -87.525318397042795, 41.498873123536399 ], [ -87.525370447411305, 41.494627921118003 ], [ -87.525370552424306, 41.4946193563081 ], [ -87.525557769526003, 41.479350021696099 ], [ -87.525648505042597, 41.471949677644801 ], [ -87.525668945574395, 41.470282557937203 ], [ -87.577103, 41.469993 ], [ -87.577339, 41.469992 ], [ -87.620212, 41.469833 ], [ -87.620411, 41.469833 ], [ -87.644979, 41.469768 ], [ -87.648476, 41.469758 ], [ -87.671212, 41.469768 ], [ -87.674167, 41.469773 ], [ -87.70314, 41.469784 ], [ -87.709839, 41.469762 ], [ -87.718203, 41.469734 ], [ -87.732189, 41.46971 ], [ -87.748271, 41.469731 ], [ -87.787302, 41.469839 ], [ -87.790303, 41.469846 ], [ -87.79031, 41.491782 ], [ -87.790317, 41.499036 ], [ -87.790416, 41.51351 ], [ -87.790408, 41.528041 ], [ -87.790402, 41.53547 ], [ -87.792132, 41.538309 ], [ -87.792793, 41.55854 ], [ -87.812262, 41.558291 ], [ -87.825563, 41.558124 ], [ -87.841951, 41.557862 ], [ -87.853491, 41.557654 ], [ -87.853957, 41.557645 ], [ -87.870786, 41.55734 ], [ -87.890201, 41.557126 ], [ -87.909377, 41.556819 ], [ -87.910461, 41.600302 ], [ -87.910999, 41.614899 ], [ -87.91154, 41.629409 ], [ -87.91193, 41.643933 ], [ -87.931454, 41.643535 ], [ -87.950778, 41.643099 ], [ -87.979817, 41.642548 ], [ -87.999231, 41.642019 ], [ -88.027688, 41.641506 ], [ -88.028354, 41.663534 ], [ -88.028557, 41.669915 ], [ -88.028973, 41.685242 ], [ -88.004455, 41.685666 ], [ -87.966674, 41.686742 ], [ -87.941056, 41.703447 ], [ -87.921071, 41.716401 ], [ -87.914264, 41.716598 ], [ -87.91461, 41.723888 ], [ -87.915119, 41.738444 ], [ -87.915411, 41.745716 ], [ -87.915811, 41.756835 ], [ -87.916322, 41.771515 ], [ -87.916658, 41.780224 ], [ -87.91672, 41.781733 ], [ -87.917016, 41.789428 ], [ -87.917795, 41.808073 ], [ -87.918245, 41.817872 ], [ -87.918282, 41.81872 ], [ -87.918952, 41.833149 ], [ -87.919238, 41.847681 ], [ -87.920462, 41.867465 ], [ -87.920459, 41.873114 ], [ -87.920496, 41.87641 ], [ -87.920606, 41.882701 ], [ -87.920607, 41.883078 ], [ -87.920423, 41.906843 ], [ -87.920342, 41.921566 ], [ -87.920288, 41.9313 ], [ -87.920244, 41.943126 ], [ -87.920243, 41.94636 ], [ -87.920197, 41.953259 ], [ -87.920171, 41.958165 ], [ -87.920229, 41.97184 ], [ -87.920476, 41.993886 ], [ -87.938967, 41.993515 ], [ -87.959231, 41.99317 ], [ -87.970353, 41.993001 ], [ -87.976594, 41.992915 ], [ -87.995425, 41.992715 ], [ -88.003158, 41.992621 ], [ -88.03131, 41.992526 ], [ -88.031449, 41.992527 ], [ -88.046281, 41.991964 ], [ -88.080223, 41.990752 ], [ -88.109855, 41.989585 ], [ -88.144836, 41.988254 ], [ -88.145101, 41.988242 ], [ -88.149353, 41.988168 ], [ -88.168754, 41.987739 ], [ -88.183565, 41.987612 ], [ -88.184215, 41.987599 ], [ -88.18879, 41.987593 ], [ -88.207396, 41.987326 ], [ -88.262875, 41.986378 ], [ -88.262922, 41.993616 ], [ -88.263255, 42.015492 ], [ -88.263427, 42.036549 ], [ -88.263427, 42.03658 ], [ -88.263401, 42.044882 ], [ -88.263408, 42.04641 ], [ -88.263546, 42.05898 ], [ -88.263641, 42.066873 ] ] ] } },
{ "type": "Feature", "properties": { "STATEFP": "17", "COUNTYFP": "095", "COUNTYNS": "00424249", "GEOIDFQ": "0500000US17095", "GEOID": "17095", "NAME": "Knox", "NAMELSAD": "Knox County", "STUSPS": "IL", "STATE_NAME": "Illinois", "LSAD": "06", "ALAND": 1855428863, "AWATER": 8837382 }, "geometry": { "type": "Polygon", "coordinates": [ [ [ -90.442891, 40.801565 ], [ -90.442604, 40.829453 ], [ -90.44176, 40.88906 ], [ -90.441277, 40.918262 ], [ -90.441216, 40.922683 ], [ -90.440524, 40.97649 ], [ -90.440096, 41.020093 ], [ -90.439423, 41.063995 ], [ -90.43882, 41.093338 ], [ -90.437652, 41.151463 ], [ -90.208816, 41.15211 ], [ -90.096311, 41.14988 ], [ -89.984559, 41.149394 ], [ -89.984901, 41.084105 ], [ -89.985479, 40.974495 ], [ -89.985506, 40.961116 ], [ -89.985429, 40.887645 ], [ -89.985333, 40.800074 ], [ -89.985373, 40.792672 ], [ -89.986064, 40.712361 ], [ -90.033867, 40.712843 ], [ -90.215308, 40.713633 ], [ -90.224763, 40.713667 ], [ -90.358243, 40.714133 ], [ -90.444339, 40.714868 ], [ -90.442891, 40.801565 ] ] ] } },
{ "type": "Feature", "properties": { "STATEFP": "17", "COUNTYFP": "113", "COUNTYNS": "01784833", "GEOIDFQ": "0500000US17113", "GEOID": "17113", "NAME": "McLean", "NAMELSAD": "McLean County", "STUSPS": "IL", "STATE_NAME": "Illinois", "LSAD": "06", "ALAND": 3064597289, "AWATER": 7804856 }, "geometry": { "type": "Polygon", "coordinates": [ [ [ -89.269397, 40.594318 ], [ -89.133752, 40.596734 ], [ -89.134217, 40.61149 ], [ -89.101134, 40.612326 ], [ -89.101569, 40.625036 ], [ -89.044368, 40.627428 ], [ -89.04532, 40.663939 ], [ -89.042488, 40.664002 ], [ -88.984704, 40.665032 ], [ -88.986896, 40.752297 ], [ -88.929331, 40.753337 ], [ -88.814487, 40.75506 ], [ -88.757092, 40.755648 ], [ -88.584272, 40.757608 ], [ -88.583738, 40.728639 ], [ -88.582355, 40.670792 ], [ -88.574502, 40.61655 ], [ -88.459475, 40.617345 ], [ -88.459349, 40.573568 ], [ -88.45926, 40.530039 ], [ -88.459227, 40.486243 ], [ -88.459957, 40.39885 ], [ -88.460269, 40.310991 ], [ -88.460418, 40.281935 ], [ -88.574885, 40.281501 ], [ -88.746002, 40.282337 ], [ -88.804427, 40.282706 ], [ -88.977392, 40.283192 ], [ -89.000164, 40.282542 ], [ -89.034711, 40.282797 ], [ -89.148764, 40.282038 ], [ -89.26265, 40.280919 ], [ -89.26374, 40.325344 ], [ -89.265404, 40.42753 ], [ -89.266499, 40.485552 ], [ -89.269397, 40.594318 ] ] ] } },
{ "type": "Feature", "properties": { "STATEFP": "17", "COUNTYFP": "027", "COUNTYNS": "00424215", "GEOIDFQ": "0500000US17027", "GEOID": "17027", "NAME": "Clinton", "NAMELSAD": "Clinton County", "STUSPS": "IL", "STATE_NAME": "Illinois", "LSAD": "06", "ALAND": 1227502157, "AWATER": 75634262 }, "geometry": { "type": "Polygon", "coordinates": [ [ [ -89.706949, 38.655019 ], [ -89.595103, 38.655948 ], [ -89.597321, 38.743236 ], [ -89.48204, 38.740509 ], [ -89.372068, 38.741176 ], [ -89.254185, 38.742018 ], [ -89.215236, 38.740253 ], [ -89.138393, 38.736331 ], [ -89.140017, 38.634529 ], [ -89.142324, 38.556983 ], [ -89.142609, 38.546766 ], [ -89.14309, 38.532798 ], [ -89.143304, 38.525325 ], [ -89.143866, 38.503089 ], [ -89.254885, 38.508556 ], [ -89.273065, 38.504519 ], [ -89.298971, 38.50588 ], [ -89.310847, 38.512375 ], [ -89.343869, 38.510737 ], [ -89.351483, 38.518861 ], [ -89.36123, 38.514501 ], [ -89.36737, 38.497923 ], [ -89.405914, 38.495642 ], [ -89.410917, 38.487404 ], [ -89.428491, 38.499078 ], [ -89.448521, 38.489214 ], [ -89.455145, 38.479769 ], [ -89.479832, 38.469692 ], [ -89.48942, 38.476972 ], [ -89.490107, 38.47174 ], [ -89.53863, 38.481025 ], [ -89.540047, 38.474197 ], [ -89.568055, 38.475745 ], [ -89.577122, 38.483432 ], [ -89.588923, 38.475565 ], [ -89.615495, 38.471849 ], [ -89.627677, 38.450743 ], [ -89.664018, 38.445368 ], [ -89.667257, 38.43223 ], [ -89.696755, 38.425041 ], [ -89.704245, 38.415779 ], [ -89.70459, 38.480278 ], [ -89.705026, 38.518857 ], [ -89.705864, 38.582413 ], [ -89.706238, 38.604961 ], [ -89.706949, 38.655019 ] ] ] } },
{ "type": "Feature", "properties": { "STATEFP": "17", "COUNTYFP": "155", "COUNTYNS": "00424279", "GEOIDFQ": "0500000US17155", "GEOID": "17155", "NAME": "Putnam", "NAMELSAD": "Putnam County", "STUSPS": "IL", "STATE_NAME": "Illinois", "LSAD": "06", "ALAND": 414649315, "AWATER": 31195045 }, "geometry": { "type": "Polygon", "coordinates": [ [ [ -89.466389, 41.233872 ], [ -89.399657, 41.233539 ], [ -89.356729, 41.233039 ], [ -89.350253, 41.252554 ], [ -89.348198, 41.259284 ], [ -89.337083, 41.281667 ], [ -89.33888, 41.299134 ], [ -89.28071, 41.31385 ], [ -89.271188, 41.320816 ], [ -89.263543, 41.322457 ], [ -89.224854, 41.3131 ], [ -89.163705, 41.310187 ], [ -89.163022, 41.258576 ], [ -89.162782, 41.221379 ], [ -89.16262, 41.192312 ], [ -89.162237, 41.104008 ], [ -89.358437, 41.103849 ], [ -89.333484, 41.123673 ], [ -89.32927, 41.147931 ], [ -89.35016, 41.1479 ], [ -89.466101, 41.148524 ], [ -89.466389, 41.233872 ] ] ] } },
{ "type": "Feature", "properties": { "STATEFP": "17", "COUNTYFP": "115", "COUNTYNS": "00424256", "GEOIDFQ": "0500000US17115", "GEOID": "17115", "NAME": "Macon", "NAMELSAD": "Macon County", "STUSPS": "IL", "STATE_NAME": "Illinois", "LSAD": "06", "ALAND": 1503613057, "AWATER": 13477734 }, "geometry": { "type": "Polygon", "coordinates": [ [ [ -89.217846, 39.91699 ], [ -89.143451, 39.917647 ], [ -89.143875, 39.961368 ], [ -89.144764, 40.048853 ], [ -89.029066, 40.049839 ], [ -88.966315, 40.051831 ], [ -88.745164, 40.055191 ], [ -88.745435, 39.967568 ], [ -88.745169, 39.963385 ], [ -88.745957, 39.858136 ], [ -88.745967, 39.850887 ], [ -88.745671, 39.792146 ], [ -88.75866, 39.792067 ], [ -88.75784, 39.739907 ], [ -88.812709, 39.740486 ], [ -88.810575, 39.653222 ], [ -88.921087, 39.652682 ], [ -89.02568, 39.654183 ], [ -89.025691, 39.654637 ], [ -89.139125, 39.655131 ], [ -89.139945, 39.699118 ], [ -89.141967, 39.801273 ], [ -89.18819, 39.817524 ], [ -89.217473, 39.813666 ], [ -89.217846, 39.91699 ] ] ] } },
{ "type": "Feature", "properties": { "STATEFP": "17", "COUNTYFP": "117", "COUNTYNS": "00424257", "GEOIDFQ": "0500000US17117", "GEOID": "17117", "NAME": "Macoupin", "NAMELSAD": "Macoupin County", "STUSPS": "IL", "STATE_NAME": "Illinois", "LSAD": "06", "ALAND": 2235091100, "AWATER": 12250027 }, "geometry": { "type": "Polygon", "coordinates": [ [ [ -90.153782, 39.520315 ], [ -90.099669, 39.520762 ], [ -89.926037, 39.522104 ], [ -89.860248, 39.522546 ], [ -89.813147, 39.522838 ], [ -89.795316, 39.522939 ], [ -89.759537, 39.52295 ], [ -89.701661, 39.523316 ], [ -89.700216, 39.421157 ], [ -89.703692, 39.34803 ], [ -89.702602, 39.28014 ], [ -89.700338, 39.17544 ], [ -89.69987, 39.147765 ], [ -89.698555, 38.998979 ], [ -89.749582, 38.998784 ], [ -89.773774, 38.998472 ], [ -89.802362, 38.998418 ], [ -89.812963, 38.99833 ], [ -89.922521, 38.998748 ], [ -89.92698, 38.998766 ], [ -90.073838, 38.998459 ], [ -90.118014, 38.999027 ], [ -90.145984, 38.999303 ], [ -90.146055, 39.115851 ], [ -90.146227, 39.15964 ], [ -90.148121, 39.261947 ], [ -90.149462, 39.346302 ], [ -90.150704, 39.351011 ], [ -90.153782, 39.520315 ] ] ] } },
{ "type": "Feature", "properties": { "STATEFP": "17", "COUNTYFP": "153", "COUNTYNS": "01784966", "GEOIDFQ": "0500000US17153", "GEOID": "17153", "NAME": "Pulaski", "NAMELSAD": "Pulaski County", "STUSPS": "IL", "STATE_NAME": "Illinois", "LSAD": "06", "ALAND": 516100615, "AWATER": 9768333 }, "geometry": { "type": "Polygon", "coordinates": [ [ [ -89.273631, 37.126968 ], [ -89.257881, 37.146585 ], [ -89.26731, 37.180525 ], [ -89.251919, 37.190892 ], [ -89.262509, 37.216168 ], [ -89.24593, 37.263943 ], [ -89.202723, 37.289376 ], [ -89.203321, 37.306583 ], [ -89.206569, 37.321393 ], [ -89.248566, 37.335298 ], [ -89.090161, 37.33293 ], [ -89.044799, 37.329717 ], [ -89.044691, 37.293933 ], [ -89.003541, 37.311242 ], [ -88.955754, 37.297486 ], [ -88.928757, 37.302848 ], [ -88.927892471952404, 37.226591846120698 ], [ -88.931745, 37.227593 ], [ -88.933066900919002, 37.227748322720402 ], [ -88.942111, 37.228811 ], [ -88.966831, 37.229891 ], [ -88.98326, 37.228685 ], [ -89.000968, 37.224401 ], [ -89.008532, 37.220583 ], [ -89.00592, 37.221198 ], [ -89.014003, 37.21609 ], [ -89.029981, 37.211144 ], [ -89.037568, 37.203932 ], [ -89.041263, 37.202881 ], [ -89.058036, 37.188767 ], [ -89.076221, 37.175125 ], [ -89.086526, 37.165602 ], [ -89.092934, 37.156439 ], [ -89.095753, 37.150391 ], [ -89.096669, 37.1462 ], [ -89.097330163040596, 37.144745052064202 ], [ -89.099047, 37.140967 ], [ -89.111189, 37.119052 ], [ -89.115579, 37.115781 ], [ -89.120465, 37.113487 ], [ -89.12202, 37.111342 ], [ -89.125072, 37.108813 ], [ -89.134931, 37.103278 ], [ -89.135847, 37.102197 ], [ -89.138231, 37.096906 ], [ -89.14132, 37.093865 ], [ -89.146596, 37.090714 ], [ -89.149797, 37.089828 ], [ -89.151294, 37.090487 ], [ -89.154504, 37.088907 ], [ -89.168087, 37.074218 ], [ -89.171880551089004, 37.068183979028497 ], [ -89.179637, 37.06909 ], [ -89.18857, 37.081093 ], [ -89.1953, 37.088315 ], [ -89.205347, 37.086121 ], [ -89.252387, 37.099638 ], [ -89.265675, 37.110759 ], [ -89.273631, 37.126968 ] ] ] } },
{ "type": "Feature", "properties": { "STATEFP": "17", "COUNTYFP": "191", "COUNTYNS": "00424296", "GEOIDFQ": "0500000US17191", "GEOID": "17191", "NAME": "Wayne", "NAMELSAD": "Wayne County", "STUSPS": "IL", "STATE_NAME": "Illinois", "LSAD": "06", "ALAND": 1848810381, "AWATER": 4224962 }, "geometry": { "type": "Polygon", "coordinates": [ [ [ -88.702197, 38.271932 ], [ -88.699445, 38.401675 ], [ -88.698961, 38.474914 ], [ -88.698459, 38.606062 ], [ -88.584531, 38.607309 ], [ -88.364181, 38.602237 ], [ -88.253978, 38.599502 ], [ -88.148194, 38.597987 ], [ -88.147803, 38.569037 ], [ -88.148347, 38.415042 ], [ -88.150891, 38.256156 ], [ -88.231647, 38.25693 ], [ -88.370375, 38.255319 ], [ -88.370367, 38.255481 ], [ -88.702391, 38.256661 ], [ -88.702197, 38.271932 ] ] ] } },
{ "type": "Feature", "properties": { "STATEFP": "17", "COUNTYFP": "035", "COUNTYNS": "00424219", "GEOIDFQ": "0500000US17035", "GEOID": "17035", "NAME": "Cumberland", "NAMELSAD": "Cumberland County", "STUSPS": "IL", "STATE_NAME": "Illinois", "LSAD": "06", "ALAND": 895989975, "AWATER": 2538006 }, "geometry": { "type": "Polygon", "coordinates": [ [ [ -88.471157, 39.356224 ], [ -88.47083, 39.374515 ], [ -88.453169, 39.373638 ], [ -88.323051, 39.374273 ], [ -88.267089, 39.374491 ], [ -88.102332, 39.376462 ], [ -88.026521, 39.377545 ], [ -88.012121, 39.378968 ], [ -88.011728, 39.349837 ], [ -88.009743, 39.261775 ], [ -88.007766, 39.173925 ], [ -88.24875, 39.171372 ], [ -88.303028, 39.171217 ], [ -88.360654, 39.171118 ], [ -88.470865, 39.171463 ], [ -88.470906, 39.215029 ], [ -88.471157, 39.356224 ] ] ] } },
{ "type": "Feature", "properties": { "STATEFP": "17", "COUNTYFP": "151", "COUNTYNS": "00424277", "GEOIDFQ": "0500000US17151", "GEOID": "17151", "NAME": "Pope", "NAMELSAD": "Pope County", "STUSPS": "IL", "STATE_NAME": "Illinois", "LSAD": "06", "ALAND": 955362039, "AWATER": 14662240 }, "geometry": { "type": "Polygon", "coordinates": [ [ [ -88.710688, 37.39063 ], [ -88.708546, 37.599059 ], [ -88.412697, 37.599625 ], [ -88.415263708820603, 37.423493097779101 ], [ -88.418594, 37.421987 ], [ -88.425981, 37.419441 ], [ -88.433182, 37.418169 ], [ -88.439333, 37.416416 ], [ -88.450127, 37.411717 ], [ -88.456, 37.408482 ], [ -88.465861, 37.400547 ], [ -88.470224, 37.396255 ], [ -88.476592, 37.386875 ], [ -88.478523, 37.375052 ], [ -88.480984359854205, 37.367896230418403 ], [ -88.482113, 37.364615 ], [ -88.482612, 37.354915 ], [ -88.484462, 37.345609 ], [ -88.486947, 37.339596 ], [ -88.49031, 37.335042 ], [ -88.494137, 37.327689 ], [ -88.500566, 37.317822 ], [ -88.505087, 37.307858 ], [ -88.508657, 37.303353 ], [ -88.511497, 37.298527 ], [ -88.514661, 37.290948 ], [ -88.515939, 37.284043 ], [ -88.509587, 37.273398 ], [ -88.506942, 37.266656 ], [ -88.509328, 37.26213 ], [ -88.508031, 37.260261 ], [ -88.500777, 37.253579 ], [ -88.492383, 37.248445 ], [ -88.487277, 37.244077 ], [ -88.484982, 37.240774 ], [ -88.47973, 37.229606 ], [ -88.478179, 37.227251 ], [ -88.471753, 37.220155 ], [ -88.466981, 37.217026 ], [ -88.458763, 37.213536 ], [ -88.450653, 37.207046 ], [ -88.447764, 37.203527 ], [ -88.441956, 37.189036 ], [ -88.439527, 37.18174 ], [ -88.437781, 37.180007 ], [ -88.433454, 37.165871 ], [ -88.433782, 37.16407 ], [ -88.431488, 37.160298 ], [ -88.429906, 37.158668 ], [ -88.428097, 37.157758 ], [ -88.424403, 37.152428 ], [ -88.424618631831393, 37.150967137699901 ], [ -88.424776, 37.149901 ], [ -88.434701, 37.126424 ], [ -88.435829, 37.125055 ], [ -88.443538, 37.109192 ], [ -88.443538, 37.108517 ], [ -88.442743, 37.107842 ], [ -88.444605, 37.098601 ], [ -88.458948, 37.073796 ], [ -88.476127, 37.068223 ], [ -88.482856, 37.067114 ], [ -88.490068, 37.067874 ], [ -88.490419485444804, 37.067810180282201 ], [ -88.49033, 37.159462 ], [ -88.528904, 37.188834 ], [ -88.643014, 37.281954 ], [ -88.710738, 37.337081 ], [ -88.710688, 37.39063 ] ] ] } },
{ "type": "Feature", "properties": { "STATEFP": "17", "COUNTYFP": "019", "COUNTYNS": "00424211", "GEOIDFQ": "0500000US17019", "GEOID": "17019", "NAME": "Champaign", "NAMELSAD": "Champaign County", "STUSPS": "IL", "STATE_NAME": "Illinois", "LSAD": "06", "ALAND": 2579898018, "AWATER": 6110542 }, "geometry": { "type": "Polygon", "coordinates": [ [ [ -88.463634, 40.218257 ], [ -88.46072, 40.223322 ], [ -88.460418, 40.281935 ], [ -88.460269, 40.310991 ], [ -88.459957, 40.39885 ], [ -88.346987, 40.398417 ], [ -88.252831, 40.399335 ], [ -88.23372, 40.399518 ], [ -87.932387, 40.3994 ], [ -87.929992, 40.313376 ], [ -87.92876, 40.225619 ], [ -87.942103, 40.225482 ], [ -87.941318, 40.170906 ], [ -87.939632, 40.083616 ], [ -87.939622, 40.07636 ], [ -87.937645, 39.879803 ], [ -88.1227, 39.880223 ], [ -88.236361, 39.879115 ], [ -88.278719, 39.879178 ], [ -88.292716, 39.87924 ], [ -88.406105, 39.879235 ], [ -88.462207, 39.879092 ], [ -88.46302, 40.05503 ], [ -88.463174, 40.142196 ], [ -88.463273, 40.148307 ], [ -88.463634, 40.218257 ] ] ] } },
{ "type": "Feature", "properties": { "STATEFP": "17", "COUNTYFP": "135", "COUNTYNS": "01784866", "GEOIDFQ": "0500000US17135", "GEOID": "17135", "NAME": "Montgomery", "NAMELSAD": "Montgomery County", "STUSPS": "IL", "STATE_NAME": "Illinois", "LSAD": "06", "ALAND": 1822745310, "AWATER": 15472187 }, "geometry": { "type": "Polygon", "coordinates": [ [ [ -89.703692, 39.34803 ], [ -89.700216, 39.421157 ], [ -89.701661, 39.523316 ], [ -89.533526, 39.524592 ], [ -89.530836, 39.348864 ], [ -89.474318, 39.348782 ], [ -89.363591, 39.348792 ], [ -89.251376, 39.348707 ], [ -89.139807, 39.348888 ], [ -89.139464, 39.217773 ], [ -89.250513, 39.217512 ], [ -89.250619, 39.181055 ], [ -89.250309, 39.028185 ], [ -89.473348, 39.02777 ], [ -89.580278, 39.028366 ], [ -89.586092, 38.999456 ], [ -89.639265, 38.999129 ], [ -89.698555, 38.998979 ], [ -89.69987, 39.147765 ], [ -89.700338, 39.17544 ], [ -89.702602, 39.28014 ], [ -89.703692, 39.34803 ] ] ] } },
{ "type": "Feature", "properties": { "STATEFP": "17", "COUNTYFP": "021", "COUNTYNS": "00424212", "GEOIDFQ": "0500000US17021", "GEOID": "17021", "NAME": "Christian", "NAMELSAD": "Christian County", "STUSPS": "IL", "STATE_NAME": "Illinois", "LSAD": "06", "ALAND": 1837552893, "AWATER": 16227346 }, "geometry": { "type": "Polygon", "coordinates": [ [ [ -89.535028, 39.641138 ], [ -89.478473, 39.640842 ], [ -89.478923, 39.683964 ], [ -89.443616, 39.68395 ], [ -89.425033, 39.686073 ], [ -89.425171, 39.762022 ], [ -89.409592, 39.743641 ], [ -89.392858, 39.74385 ], [ -89.373718, 39.758707 ], [ -89.362605, 39.755799 ], [ -89.353958, 39.772107 ], [ -89.327389, 39.764133 ], [ -89.303122, 39.775813 ], [ -89.296367, 39.789879 ], [ -89.260966, 39.805093 ], [ -89.246532, 39.826085 ], [ -89.233523, 39.813159 ], [ -89.217473, 39.813666 ], [ -89.18819, 39.817524 ], [ -89.141967, 39.801273 ], [ -89.139945, 39.699118 ], [ -89.139125, 39.655131 ], [ -89.025691, 39.654637 ], [ -89.02568, 39.654183 ], [ -89.023991, 39.523072 ], [ -89.025382, 39.34592 ], [ -89.139807, 39.348888 ], [ -89.251376, 39.348707 ], [ -89.363591, 39.348792 ], [ -89.474318, 39.348782 ], [ -89.530836, 39.348864 ], [ -89.533526, 39.524592 ], [ -89.535028, 39.641138 ] ] ] } },
{ "type": "Feature", "properties": { "STATEFP": "17", "COUNTYFP": "119", "COUNTYNS": "00424258", "GEOIDFQ": "0500000US17119", "GEOID": "17119", "NAME": "Madison", "NAMELSAD": "Madison County", "STUSPS": "IL", "STATE_NAME": "Illinois", "LSAD": "06", "ALAND": 1853176519, "AWATER": 63521524 }, "geometry": { "type": "Polygon", "coordinates": [ [ [ -90.274788, 38.958923 ], [ -90.273959, 38.999036 ], [ -90.231728, 38.999107 ], [ -90.156142, 38.999354 ], [ -90.145984, 38.999303 ], [ -90.118014, 38.999027 ], [ -90.073838, 38.998459 ], [ -89.92698, 38.998766 ], [ -89.922521, 38.998748 ], [ -89.812963, 38.99833 ], [ -89.802362, 38.998418 ], [ -89.773774, 38.998472 ], [ -89.749582, 38.998784 ], [ -89.698555, 38.998979 ], [ -89.639265, 38.999129 ], [ -89.636874, 38.874278 ], [ -89.599593, 38.87453 ], [ -89.599123, 38.830529 ], [ -89.598581, 38.801888 ], [ -89.597321, 38.743236 ], [ -89.595103, 38.655948 ], [ -89.706949, 38.655019 ], [ -89.818745, 38.655825 ], [ -89.876045, 38.656849 ], [ -89.883875, 38.656798 ], [ -89.913452, 38.657478 ], [ -89.9284, 38.657707 ], [ -89.928876, 38.657712 ], [ -89.983178, 38.658189 ], [ -89.98589, 38.658205 ], [ -90.01843, 38.65832 ], [ -90.031312, 38.658397 ], [ -90.038073, 38.658438 ], [ -90.082603, 38.659294 ], [ -90.146387, 38.660227 ], [ -90.159084, 38.660266 ], [ -90.181242479799394, 38.660062255224297 ], [ -90.18261, 38.66535 ], [ -90.1854551579396, 38.672388022271598 ], [ -90.18641, 38.67475 ], [ -90.1874867453581, 38.676316175066297 ], [ -90.19521, 38.68755 ], [ -90.195228183963707, 38.6875653264837 ], [ -90.20221, 38.69345 ], [ -90.202223787642197, 38.693468317867499 ], [ -90.20921, 38.70275 ], [ -90.21201, 38.71175 ], [ -90.21191, 38.71795 ], [ -90.21141, 38.72135 ], [ -90.20991, 38.72605 ], [ -90.209342520573401, 38.7267865158516 ], [ -90.20521, 38.73215 ], [ -90.191309, 38.742949 ], [ -90.183409, 38.746849 ], [ -90.176309, 38.754449 ], [ -90.175109, 38.760249 ], [ -90.174589306299595, 38.761110597450603 ], [ -90.171309, 38.766549 ], [ -90.166713861319806, 38.772269478765097 ], [ -90.166409, 38.772649 ], [ -90.146708, 38.783049 ], [ -90.123107, 38.798048 ], [ -90.117707, 38.805748 ], [ -90.114707, 38.815048 ], [ -90.110077588235299, 38.833565647058798 ], [ -90.109107, 38.837448 ], [ -90.109407, 38.843548 ], [ -90.113327, 38.849306 ], [ -90.121021456620696, 38.8529016233474 ], [ -90.131877306907896, 38.857974567503497 ], [ -90.151508, 38.867148 ], [ -90.166409, 38.876348 ], [ -90.186909, 38.885048 ], [ -90.190309, 38.886248 ], [ -90.192662942628004, 38.8864881492173 ], [ -90.19521, 38.886748 ], [ -90.19761, 38.887648 ], [ -90.209221150874299, 38.896994432717101 ], [ -90.213519, 38.900454 ], [ -90.223041, 38.907389 ], [ -90.230336, 38.91086 ], [ -90.241703, 38.914828 ], [ -90.250248, 38.919344 ], [ -90.254033, 38.920489 ], [ -90.256993, 38.920763 ], [ -90.262792, 38.920344 ], [ -90.269872, 38.922556 ], [ -90.275714387651902, 38.923447850200802 ], [ -90.274788, 38.958923 ] ] ] } },
{ "type": "Feature", "properties": { "STATEFP": "17", "COUNTYFP": "101", "COUNTYNS": "00424252", "GEOIDFQ": "0500000US17101", "GEOID": "17101", "NAME": "Lawrence", "NAMELSAD": "Lawrence County", "STUSPS": "IL", "STATE_NAME": "Illinois", "LSAD": "06", "ALAND": 963938126, "AWATER": 5076516 }, "geometry": { "type": "Polygon", "coordinates": [ [ [ -87.910282, 38.574932 ], [ -87.908962, 38.732296 ], [ -87.908536, 38.776338 ], [ -87.908113, 38.850107 ], [ -87.534354934007297, 38.852494647453 ], [ -87.525893, 38.848795 ], [ -87.521681, 38.826576 ], [ -87.527342, 38.818121 ], [ -87.496537, 38.778571 ], [ -87.498948, 38.757774 ], [ -87.496494, 38.742728 ], [ -87.497068062009106, 38.741978365273297 ], [ -87.516707, 38.716333 ], [ -87.518740263448294, 38.702926212927999 ], [ -87.519609, 38.697198 ], [ -87.531231, 38.684036 ], [ -87.535475356008703, 38.682130534238901 ], [ -87.535688428432493, 38.682034877275299 ], [ -87.545538, 38.677613 ], [ -87.593678, 38.667402 ], [ -87.62012, 38.639489 ], [ -87.622375, 38.618873 ], [ -87.627348, 38.60544 ], [ -87.624143, 38.596955 ], [ -87.62389, 38.593984 ], [ -87.626444, 38.591066 ], [ -87.629362, 38.589971 ], [ -87.637752, 38.588512 ], [ -87.651529, 38.568166 ], [ -87.654312, 38.568061 ], [ -87.912286, 38.570104 ], [ -87.910282, 38.574932 ] ] ] } },
{ "type": "Feature", "properties": { "STATEFP": "17", "COUNTYFP": "047", "COUNTYNS": "00424225", "GEOIDFQ": "0500000US17047", "GEOID": "17047", "NAME": "Edwards", "NAMELSAD": "Edwards County", "STUSPS": "IL", "STATE_NAME": "Illinois", "LSAD": "06", "ALAND": 576012470, "AWATER": 781202 }, "geometry": { "type": "Polygon", "coordinates": [ [ [ -88.148347, 38.415042 ], [ -88.147803, 38.569037 ], [ -87.954675, 38.57023 ], [ -87.951903, 38.542227 ], [ -87.941849, 38.528248 ], [ -87.955044, 38.515043 ], [ -87.955556, 38.489468 ], [ -87.941944, 38.461025 ], [ -87.942888, 38.449629 ], [ -87.952249, 38.418103 ], [ -87.963028, 38.415342 ], [ -87.976012, 38.400614 ], [ -87.964956, 38.391072 ], [ -87.977134, 38.377266 ], [ -87.967298, 38.353556 ], [ -87.953892, 38.337009 ], [ -87.956336, 38.317347 ], [ -87.946594, 38.308672 ], [ -87.957131, 38.299884 ], [ -87.951092, 38.290935 ], [ -87.977924, 38.281952 ], [ -87.972973, 38.27482 ], [ -87.991726, 38.269619 ], [ -87.990628, 38.259629 ], [ -88.027749, 38.255661 ], [ -88.150891, 38.256156 ], [ -88.148347, 38.415042 ] ] ] } },
{ "type": "Feature", "properties": { "STATEFP": "17", "COUNTYFP": "131", "COUNTYNS": "01784750", "GEOIDFQ": "0500000US17131", "GEOID": "17131", "NAME": "Mercer", "NAMELSAD": "Mercer County", "STUSPS": "IL", "STATE_NAME": "Illinois", "LSAD": "06", "ALAND": 1453604388, "AWATER": 19411909 }, "geometry": { "type": "Polygon", "coordinates": [ [ [ -91.114186, 41.250029 ], [ -91.110304, 41.256088 ], [ -91.104462, 41.262104 ], [ -91.101142, 41.267169 ], [ -91.092034, 41.286911 ], [ -91.08688, 41.294371 ], [ -91.077505, 41.301828 ], [ -91.074841, 41.305578 ], [ -91.073233, 41.31344 ], [ -91.071955524145096, 41.333359047967598 ], [ -90.80151, 41.329967 ], [ -90.677651, 41.328585 ], [ -90.57896, 41.327518 ], [ -90.433737, 41.326989 ], [ -90.435265, 41.267829 ], [ -90.437652, 41.151463 ], [ -90.43882, 41.093338 ], [ -90.439423, 41.063995 ], [ -90.550218, 41.064065 ], [ -90.625791, 41.066655 ], [ -90.667715, 41.067595 ], [ -90.745355, 41.06833 ], [ -90.785194, 41.068749 ], [ -90.948990026159805, 41.0702495855382 ], [ -90.949136, 41.070611 ], [ -90.949383, 41.072711 ], [ -90.948207, 41.084413 ], [ -90.946259, 41.094734 ], [ -90.946627, 41.096632 ], [ -90.957246, 41.111085 ], [ -90.965905, 41.119559 ], [ -90.970851, 41.130107 ], [ -90.981311, 41.142659 ], [ -90.989663, 41.155716 ], [ -90.99496, 41.160624 ], [ -90.997906, 41.162564 ], [ -91.007586, 41.166183 ], [ -91.009628072926503, 41.166075781928399 ], [ -91.012557, 41.165922 ], [ -91.027214, 41.163373 ], [ -91.030029, 41.16354 ], [ -91.041536, 41.166138 ], [ -91.055069, 41.185766 ], [ -91.065899, 41.199517 ], [ -91.07298, 41.207151 ], [ -91.081445, 41.214429 ], [ -91.093018, 41.222635 ], [ -91.100829, 41.230532 ], [ -91.109562, 41.236567 ], [ -91.112333, 41.239003 ], [ -91.113648, 41.241401 ], [ -91.114186, 41.250029 ] ] ] } },
{ "type": "Feature", "properties": { "STATEFP": "17", "COUNTYFP": "189", "COUNTYNS": "01785150", "GEOIDFQ": "0500000US17189", "GEOID": "17189", "NAME": "Washington", "NAMELSAD": "Washington County", "STUSPS": "IL", "STATE_NAME": "Illinois", "LSAD": "06", "ALAND": 1457120179, "AWATER": 3386079 }, "geometry": { "type": "Polygon", "coordinates": [ [ [ -89.704245, 38.415779 ], [ -89.696755, 38.425041 ], [ -89.667257, 38.43223 ], [ -89.664018, 38.445368 ], [ -89.627677, 38.450743 ], [ -89.615495, 38.471849 ], [ -89.588923, 38.475565 ], [ -89.577122, 38.483432 ], [ -89.568055, 38.475745 ], [ -89.540047, 38.474197 ], [ -89.53863, 38.481025 ], [ -89.490107, 38.47174 ], [ -89.48942, 38.476972 ], [ -89.479832, 38.469692 ], [ -89.455145, 38.479769 ], [ -89.448521, 38.489214 ], [ -89.428491, 38.499078 ], [ -89.410917, 38.487404 ], [ -89.405914, 38.495642 ], [ -89.36737, 38.497923 ], [ -89.36123, 38.514501 ], [ -89.351483, 38.518861 ], [ -89.343869, 38.510737 ], [ -89.310847, 38.512375 ], [ -89.298971, 38.50588 ], [ -89.273065, 38.504519 ], [ -89.254885, 38.508556 ], [ -89.143866, 38.503089 ], [ -89.144388, 38.473878 ], [ -89.145472, 38.387436 ], [ -89.145647, 38.336744 ], [ -89.147597, 38.212895 ], [ -89.592797, 38.219271 ], [ -89.666073, 38.219382 ], [ -89.703256, 38.219404 ], [ -89.703716, 38.305495 ], [ -89.704245, 38.415779 ] ] ] } },
{ "type": "Feature", "properties": { "STATEFP": "17", "COUNTYFP": "197", "COUNTYNS": "01785190", "GEOIDFQ": "0500000US17197", "GEOID": "17197", "NAME": "Will", "NAMELSAD": "Will County", "STUSPS": "IL", "STATE_NAME": "Illinois", "LSAD": "06", "ALAND": 2164905500, "AWATER": 34569925 }, "geometry": { "type": "Polygon", "coordinates": [ [ [ -88.261275, 41.724656 ], [ -88.235658, 41.724929 ], [ -88.206298, 41.725251 ], [ -88.186972, 41.725505 ], [ -88.167524, 41.725787 ], [ -88.148194, 41.726117 ], [ -88.131619, 41.72652 ], [ -88.117293, 41.726848 ], [ -88.102783, 41.727164 ], [ -88.063367, 41.728147 ], [ -88.040012, 41.728674 ], [ -88.030352, 41.728894 ], [ -88.030282, 41.72672 ], [ -88.029637, 41.706707 ], [ -88.029586, 41.705045 ], [ -88.028973, 41.685242 ], [ -88.028557, 41.669915 ], [ -88.028354, 41.663534 ], [ -88.027688, 41.641506 ], [ -87.999231, 41.642019 ], [ -87.979817, 41.642548 ], [ -87.950778, 41.643099 ], [ -87.931454, 41.643535 ], [ -87.91193, 41.643933 ], [ -87.91154, 41.629409 ], [ -87.910999, 41.614899 ], [ -87.910461, 41.600302 ], [ -87.909377, 41.556819 ], [ -87.890201, 41.557126 ], [ -87.870786, 41.55734 ], [ -87.853957, 41.557645 ], [ -87.853491, 41.557654 ], [ -87.841951, 41.557862 ], [ -87.825563, 41.558124 ], [ -87.812262, 41.558291 ], [ -87.792793, 41.55854 ], [ -87.792132, 41.538309 ], [ -87.790402, 41.53547 ], [ -87.790408, 41.528041 ], [ -87.790416, 41.51351 ], [ -87.790317, 41.499036 ], [ -87.79031, 41.491782 ], [ -87.790303, 41.469846 ], [ -87.787302, 41.469839 ], [ -87.748271, 41.469731 ], [ -87.732189, 41.46971 ], [ -87.718203, 41.469734 ], [ -87.709839, 41.469762 ], [ -87.70314, 41.469784 ], [ -87.674167, 41.469773 ], [ -87.671212, 41.469768 ], [ -87.648476, 41.469758 ], [ -87.644979, 41.469768 ], [ -87.620411, 41.469833 ], [ -87.620212, 41.469833 ], [ -87.577339, 41.469992 ], [ -87.577103, 41.469993 ], [ -87.525668945574395, 41.470282557937203 ], [ -87.525671, 41.470115 ], [ -87.525623224817807, 41.453696262390203 ], [ -87.525623, 41.453619 ], [ -87.525555338610104, 41.435583893700901 ], [ -87.525366665552696, 41.385293193908097 ], [ -87.52535, 41.380851 ], [ -87.526404, 41.355812 ], [ -87.5264509817993, 41.348373 ], [ -87.526768, 41.298177 ], [ -87.526767812341802, 41.298051603275503 ], [ -87.623798, 41.297163 ], [ -87.66938, 41.296778 ], [ -87.781662, 41.295863 ], [ -87.78468, 41.295818 ], [ -87.830848, 41.295234 ], [ -87.842535, 41.295101 ], [ -87.900349, 41.294295 ], [ -88.013919, 41.292447 ], [ -88.012009, 41.212808 ], [ -88.011891, 41.208191 ], [ -88.01181, 41.205508 ], [ -88.186532, 41.202645 ], [ -88.244144, 41.201566 ], [ -88.245324, 41.238096 ], [ -88.246054, 41.259484 ], [ -88.246993, 41.288579 ], [ -88.249188, 41.375691 ], [ -88.249583, 41.387572 ], [ -88.25071, 41.4191 ], [ -88.250993, 41.42839 ], [ -88.252219, 41.462753 ], [ -88.252231, 41.463066 ], [ -88.25377, 41.506249 ], [ -88.254059, 41.514043 ], [ -88.254941, 41.540138 ], [ -88.255348, 41.550089 ], [ -88.255995, 41.564534 ], [ -88.256568, 41.578743 ], [ -88.257274, 41.593469 ], [ -88.25912, 41.6362 ], [ -88.26081, 41.695843 ], [ -88.260812, 41.696061 ], [ -88.261154, 41.717185 ], [ -88.261275, 41.724656 ] ] ] } },
{ "type": "Feature", "properties": { "STATEFP": "17", "COUNTYFP": "193", "COUNTYNS": "00424297", "GEOIDFQ": "0500000US17193", "GEOID": "17193", "NAME": "White", "NAMELSAD": "White County", "STUSPS": "IL", "STATE_NAME": "Illinois", "LSAD": "06", "ALAND": 1281999217, "AWATER": 17833682 }, "geometry": { "type": "Polygon", "coordinates": [ [ [ -88.373602, 38.053515 ], [ -88.372973, 38.082355 ], [ -88.370816, 38.248662 ], [ -88.370375, 38.255319 ], [ -88.231647, 38.25693 ], [ -88.150891, 38.256156 ], [ -88.027749, 38.255661 ], [ -87.990628, 38.259629 ], [ -87.987496717872403, 38.256784643872102 ], [ -87.988037, 38.255486 ], [ -87.988794, 38.248739 ], [ -87.987277, 38.240742 ], [ -87.985268532885598, 38.230064961447198 ], [ -87.984929, 38.22826 ], [ -87.984234, 38.20996 ], [ -87.975819, 38.197834 ], [ -87.9595, 38.184376 ], [ -87.937162, 38.172189 ], [ -87.933759, 38.164351 ], [ -87.933768, 38.156317 ], [ -87.927468, 38.151946 ], [ -87.9255, 38.146251 ], [ -87.92783, 38.141545 ], [ -87.935135, 38.139428 ], [ -87.945472, 38.126616 ], [ -87.955872, 38.132897 ], [ -87.960482, 38.132095 ], [ -87.967349, 38.132139 ], [ -87.970793, 38.128919 ], [ -87.974445, 38.120836 ], [ -87.974219, 38.11138 ], [ -87.979926, 38.10802 ], [ -87.986958, 38.10715 ], [ -87.99831, 38.108488 ], [ -88.013118, 38.103527 ], [ -88.016729, 38.097257 ], [ -88.012131, 38.085275 ], [ -88.004697, 38.083965 ], [ -87.96221, 38.100054 ], [ -87.956878, 38.088284 ], [ -87.96126, 38.078295 ], [ -87.967226, 38.067105 ], [ -87.98877, 38.055591 ], [ -88.00133, 38.051545 ], [ -88.035332, 38.051145 ], [ -88.041845, 38.038181 ], [ -88.041830229856203, 38.0381709367363 ], [ -88.030884, 38.030713 ], [ -88.017631, 38.034745 ], [ -88.007631, 38.029145 ], [ -88.019835758711807, 38.018494987620898 ], [ -88.023331, 38.015445 ], [ -88.021879, 37.995959 ], [ -88.012574, 37.977062 ], [ -88.012929, 37.966544 ], [ -88.016311, 37.961574 ], [ -88.020868, 37.959351 ], [ -88.028218, 37.958409 ], [ -88.031989, 37.95859 ], [ -88.036688, 37.956872 ], [ -88.036124, 37.942746 ], [ -88.054122, 37.933029 ], [ -88.059902, 37.933831 ], [ -88.068948, 37.928565 ], [ -88.06519, 37.919684 ], [ -88.030199, 37.914346 ], [ -88.02006, 37.9129 ], [ -88.013355, 37.894854 ], [ -88.018693, 37.888403 ], [ -88.026569, 37.891024 ], [ -88.040861, 37.891767 ], [ -88.055373, 37.891238 ], [ -88.071449, 37.895813 ], [ -88.086237, 37.905713 ], [ -88.095662, 37.905808 ], [ -88.097892, 37.901517 ], [ -88.094956, 37.893689 ], [ -88.092853674589406, 37.891824205237803 ], [ -88.135887, 37.916118 ], [ -88.135981, 37.907795 ], [ -88.374521, 37.908391 ], [ -88.373602, 38.053515 ] ] ] } },
{ "type": "Feature", "properties": { "STATEFP": "17", "COUNTYFP": "043", "COUNTYNS": "00422191", "GEOIDFQ": "0500000US17043", "GEOID": "17043", "NAME": "DuPage", "NAMELSAD": "DuPage County", "STUSPS": "IL", "STATE_NAME": "Illinois", "LSAD": "06", "ALAND": 849088852, "AWATER": 22153881 }, "geometry": { "type": "Polygon", "coordinates": [ [ [ -88.262875, 41.986378 ], [ -88.207396, 41.987326 ], [ -88.18879, 41.987593 ], [ -88.184215, 41.987599 ], [ -88.183565, 41.987612 ], [ -88.168754, 41.987739 ], [ -88.149353, 41.988168 ], [ -88.145101, 41.988242 ], [ -88.144836, 41.988254 ], [ -88.109855, 41.989585 ], [ -88.080223, 41.990752 ], [ -88.046281, 41.991964 ], [ -88.031449, 41.992527 ], [ -88.03131, 41.992526 ], [ -88.003158, 41.992621 ], [ -87.995425, 41.992715 ], [ -87.976594, 41.992915 ], [ -87.970353, 41.993001 ], [ -87.959231, 41.99317 ], [ -87.938967, 41.993515 ], [ -87.920476, 41.993886 ], [ -87.920229, 41.97184 ], [ -87.920171, 41.958165 ], [ -87.920197, 41.953259 ], [ -87.920243, 41.94636 ], [ -87.920244, 41.943126 ], [ -87.920288, 41.9313 ], [ -87.920342, 41.921566 ], [ -87.920423, 41.906843 ], [ -87.920607, 41.883078 ], [ -87.920606, 41.882701 ], [ -87.920496, 41.87641 ], [ -87.920459, 41.873114 ], [ -87.920462, 41.867465 ], [ -87.919238, 41.847681 ], [ -87.918952, 41.833149 ], [ -87.918282, 41.81872 ], [ -87.918245, 41.817872 ], [ -87.917795, 41.808073 ], [ -87.917016, 41.789428 ], [ -87.91672, 41.781733 ], [ -87.916658, 41.780224 ], [ -87.916322, 41.771515 ], [ -87.915811, 41.756835 ], [ -87.915411, 41.745716 ], [ -87.915119, 41.738444 ], [ -87.91461, 41.723888 ], [ -87.914264, 41.716598 ], [ -87.921071, 41.716401 ], [ -87.941056, 41.703447 ], [ -87.966674, 41.686742 ], [ -88.004455, 41.685666 ], [ -88.028973, 41.685242 ], [ -88.029586, 41.705045 ], [ -88.029637, 41.706707 ], [ -88.030282, 41.72672 ], [ -88.030352, 41.728894 ], [ -88.040012, 41.728674 ], [ -88.063367, 41.728147 ], [ -88.102783, 41.727164 ], [ -88.117293, 41.726848 ], [ -88.131619, 41.72652 ], [ -88.148194, 41.726117 ], [ -88.167524, 41.725787 ], [ -88.186972, 41.725505 ], [ -88.206298, 41.725251 ], [ -88.235658, 41.724929 ], [ -88.261275, 41.724656 ], [ -88.261952, 41.724652 ], [ -88.261894, 41.73224 ], [ -88.261937, 41.7376 ], [ -88.26198, 41.746456 ], [ -88.26212, 41.760446 ], [ -88.262173, 41.764668 ], [ -88.262272, 41.772095 ], [ -88.262274, 41.772172 ], [ -88.262407, 41.782905 ], [ -88.26279, 41.812132 ], [ -88.26279, 41.812301 ], [ -88.262787, 41.815632 ], [ -88.262711, 41.840976 ], [ -88.26271, 41.84151 ], [ -88.262539, 41.862913 ], [ -88.262552, 41.871154 ], [ -88.262487, 41.88191 ], [ -88.26241, 41.899234 ], [ -88.262574, 41.92129 ], [ -88.262531, 41.9222 ], [ -88.262706, 41.950726 ], [ -88.262875, 41.986378 ] ] ] } },
{ "type": "Feature", "properties": { "STATEFP": "17", "COUNTYFP": "067", "COUNTYNS": "00424235", "GEOIDFQ": "0500000US17067", "GEOID": "17067", "NAME": "Hancock", "NAMELSAD": "Hancock County", "STUSPS": "IL", "STATE_NAME": "Illinois", "LSAD": "06", "ALAND": 2055798714, "AWATER": 53563360 }, "geometry": { "type": "Polygon", "coordinates": [ [ [ -91.506947, 40.21555 ], [ -91.504282, 40.224299 ], [ -91.504289, 40.231712 ], [ -91.505968, 40.234305 ], [ -91.506501, 40.236304 ], [ -91.505828, 40.238839 ], [ -91.503231, 40.243474 ], [ -91.500855, 40.245722 ], [ -91.498104, 40.247422 ], [ -91.497263321357494, 40.248761318639403 ], [ -91.490524, 40.259498 ], [ -91.489969, 40.26234 ], [ -91.490525, 40.264814 ], [ -91.492891, 40.269923 ], [ -91.493061, 40.275262 ], [ -91.492727, 40.278217 ], [ -91.489868, 40.286048 ], [ -91.486078, 40.293426 ], [ -91.471826, 40.31734 ], [ -91.469656, 40.322409 ], [ -91.466603, 40.334461 ], [ -91.46214, 40.342414 ], [ -91.452237, 40.35367 ], [ -91.447835, 40.359129 ], [ -91.446308, 40.361823 ], [ -91.444833, 40.36317 ], [ -91.439342, 40.366569 ], [ -91.429442, 40.370386 ], [ -91.426632, 40.371988 ], [ -91.419422, 40.378264 ], [ -91.415695, 40.381381 ], [ -91.413011, 40.382277 ], [ -91.396996, 40.383127 ], [ -91.390095307627206, 40.384566908251003 ], [ -91.38836, 40.384929 ], [ -91.381958, 40.387632 ], [ -91.378422, 40.38967 ], [ -91.376757170952104, 40.391044292738002 ], [ -91.375746, 40.391879 ], [ -91.372921, 40.399108 ], [ -91.372554, 40.4012 ], [ -91.372486916357005, 40.407827734919799 ], [ -91.37245, 40.411475 ], [ -91.373721, 40.417891 ], [ -91.377625, 40.426335 ], [ -91.377730754730706, 40.426621867622899 ], [ -91.379540792293398, 40.431531729993402 ], [ -91.380965, 40.435395 ], [ -91.381769, 40.442555 ], [ -91.381468, 40.44604 ], [ -91.379907, 40.45211 ], [ -91.378144, 40.456394 ], [ -91.373689667881607, 40.464465762909199 ], [ -91.368074, 40.474642 ], [ -91.364915, 40.484168 ], [ -91.36391, 40.490122 ], [ -91.363683, 40.494211 ], [ -91.364211, 40.500043 ], [ -91.367876, 40.510479 ], [ -91.369059, 40.512532 ], [ -91.381857, 40.528247 ], [ -91.384531, 40.530948 ], [ -91.388067, 40.533069 ], [ -91.394475, 40.534543 ], [ -91.400725, 40.536789 ], [ -91.404125, 40.539127 ], [ -91.406202, 40.542698 ], [ -91.406851, 40.547557 ], [ -91.406373, 40.551831 ], [ -91.406331505692705, 40.551934002653297 ], [ -91.405241, 40.554641 ], [ -91.401482, 40.559458 ], [ -91.379752, 40.57445 ], [ -91.374252, 40.58259 ], [ -91.359873, 40.601805 ], [ -91.353989, 40.606553 ], [ -91.348733, 40.609695 ], [ -91.339719, 40.613488 ], [ -91.306524, 40.626231 ], [ -91.276175, 40.63224 ], [ -91.264953, 40.633893 ], [ -91.258249, 40.636672 ], [ -91.256111034828095, 40.6372049420428 ], [ -91.253074, 40.637962 ], [ -91.247851, 40.63839 ], [ -91.218437, 40.638437 ], [ -91.197906, 40.636107 ], [ -91.18698, 40.637297 ], [ -91.185428463587996, 40.638070655948198 ], [ -91.118808, 40.636939 ], [ -91.02263, 40.634946 ], [ -90.913894, 40.637748 ], [ -90.904216, 40.639201 ], [ -90.907335, 40.462592 ], [ -90.909756, 40.284394 ], [ -90.911969, 40.193088 ], [ -91.145168, 40.195537 ], [ -91.276469, 40.197624 ], [ -91.505036912337602, 40.199925095814102 ], [ -91.506664, 40.204758 ], [ -91.507269, 40.209338 ], [ -91.506947, 40.21555 ] ] ] } },
{ "type": "Feature", "properties": { "STATEFP": "17", "COUNTYFP": "003", "COUNTYNS": "00424203", "GEOIDFQ": "0500000US17003", "GEOID": "17003", "NAME": "Alexander", "NAMELSAD": "Alexander County", "STUSPS": "IL", "STATE_NAME": "Illinois", "LSAD": "06", "ALAND": 609667767, "AWATER": 44639203 }, "geometry": { "type": "Polygon", "coordinates": [ [ [ -89.518393, 37.289354 ], [ -89.517692, 37.29204 ], [ -89.515741, 37.295362 ], [ -89.515291159080505, 37.296930503417201 ], [ -89.514605, 37.299323 ], [ -89.514042, 37.303776 ], [ -89.512107890848299, 37.309973061549996 ], [ -89.511842, 37.310825 ], [ -89.509699, 37.31426 ], [ -89.508174, 37.315662 ], [ -89.49909, 37.32149 ], [ -89.49516, 37.324795 ], [ -89.491194, 37.331361 ], [ -89.489319882834195, 37.333079297465403 ], [ -89.489005, 37.333368 ], [ -89.486518149839299, 37.3345496947572 ], [ -89.248566, 37.335298 ], [ -89.206569, 37.321393 ], [ -89.203321, 37.306583 ], [ -89.202723, 37.289376 ], [ -89.24593, 37.263943 ], [ -89.262509, 37.216168 ], [ -89.251919, 37.190892 ], [ -89.26731, 37.180525 ], [ -89.257881, 37.146585 ], [ -89.273631, 37.126968 ], [ -89.265675, 37.110759 ], [ -89.252387, 37.099638 ], [ -89.205347, 37.086121 ], [ -89.1953, 37.088315 ], [ -89.18857, 37.081093 ], [ -89.179637, 37.06909 ], [ -89.171880551089004, 37.068183979028497 ], [ -89.175725, 37.062069 ], [ -89.179384, 37.053012 ], [ -89.181369, 37.046305 ], [ -89.182509, 37.037275 ], [ -89.180849, 37.026843 ], [ -89.178975, 37.020928 ], [ -89.173595, 37.011409 ], [ -89.172851252981403, 37.010406218666297 ], [ -89.17112, 37.008072 ], [ -89.166447, 37.003337 ], [ -89.160667, 37.000051 ], [ -89.148142380450096, 36.991621249315997 ], [ -89.138437, 36.985089 ], [ -89.132915, 36.982057 ], [ -89.140814, 36.979416 ], [ -89.14411, 36.979133 ], [ -89.149882, 36.977636 ], [ -89.161767, 36.972768 ], [ -89.170008, 36.970298 ], [ -89.177235, 36.970885 ], [ -89.185491, 36.973518 ], [ -89.192097, 36.979995 ], [ -89.195039, 36.989768 ], [ -89.195029, 37.000051 ], [ -89.196491055277903, 37.004984538364802 ], [ -89.198488, 37.011723 ], [ -89.200793, 37.016164 ], [ -89.205038, 37.020047 ], [ -89.225482, 37.031077 ], [ -89.234053, 37.037277 ], [ -89.238253, 37.042853 ], [ -89.245648, 37.057783 ], [ -89.25493, 37.072014 ], [ -89.255334468952995, 37.071372230744402 ], [ -89.259936, 37.064071 ], [ -89.264484, 37.064814 ], [ -89.280375, 37.065224 ], [ -89.283488, 37.065811 ], [ -89.283685, 37.066736 ], [ -89.294036, 37.067345 ], [ -89.307726, 37.069654 ], [ -89.30829, 37.068371 ], [ -89.310819, 37.057897 ], [ -89.309401, 37.053769 ], [ -89.307397, 37.050432 ], [ -89.304752, 37.047565 ], [ -89.301368, 37.044982 ], [ -89.291185, 37.040408 ], [ -89.277715, 37.03614 ], [ -89.266286, 37.028683 ], [ -89.260003, 37.023288 ], [ -89.257608, 37.015496 ], [ -89.263527, 37.00005 ], [ -89.266242, 36.996302 ], [ -89.269564, 36.993401 ], [ -89.274198, 36.990495 ], [ -89.278628, 36.98867 ], [ -89.29213, 36.992189 ], [ -89.313270665145296, 37.0095638944548 ], [ -89.317168, 37.012767 ], [ -89.322982, 37.01609 ], [ -89.331164, 37.019936 ], [ -89.345996, 37.025521 ], [ -89.362397, 37.030156 ], [ -89.378277, 37.039605 ], [ -89.381644, 37.04301 ], [ -89.383937, 37.046441 ], [ -89.384681, 37.048251 ], [ -89.385434, 37.05513 ], [ -89.385186, 37.057748 ], [ -89.385056483012505, 37.058010263158202 ], [ -89.378889, 37.070499 ], [ -89.375712, 37.080505 ], [ -89.375615, 37.085936 ], [ -89.37871, 37.094586 ], [ -89.384175, 37.103267 ], [ -89.38805, 37.107481 ], [ -89.393427, 37.111197 ], [ -89.407451, 37.119307 ], [ -89.41173, 37.122507 ], [ -89.414471, 37.12505 ], [ -89.42558, 37.138235 ], [ -89.435202, 37.15209 ], [ -89.438275, 37.161287 ], [ -89.456105, 37.18812 ], [ -89.457471912128895, 37.190826044386597 ], [ -89.461862, 37.199517 ], [ -89.462676, 37.203351 ], [ -89.467631, 37.2182 ], [ -89.4675, 37.221844 ], [ -89.465973615433398, 37.224918010405801 ], [ -89.458302, 37.240368 ], [ -89.4579831694451, 37.2418780357768 ], [ -89.457832, 37.242594 ], [ -89.458246, 37.247066 ], [ -89.458827, 37.248661 ], [ -89.460692, 37.250577 ], [ -89.46266, 37.25152 ], [ -89.470525, 37.253357 ], [ -89.479205, 37.253052 ], [ -89.488728187582595, 37.251507483022301 ], [ -89.489915, 37.251315 ], [ -89.496386, 37.258474 ], [ -89.502303, 37.263738 ], [ -89.506773, 37.268537 ], [ -89.513905, 37.277164 ], [ -89.517032, 37.28192 ], [ -89.51834, 37.285497 ], [ -89.518393, 37.289354 ] ] ] } },
{ "type": "Feature", "properties": { "STATEFP": "17", "COUNTYFP": "097", "COUNTYNS": "01784796", "GEOIDFQ": "0500000US17097", "GEOID": "17097", "NAME": "Lake", "NAMELSAD": "Lake County", "STUSPS": "IL", "STATE_NAME": "Illinois", "LSAD": "06", "ALAND": 1148932541, "AWATER": 2395026197 }, "geometry": { "type": "Polygon", "coordinates": [ [ [ -88.199461, 42.19418 ], [ -88.199378, 42.202966 ], [ -88.199175, 42.219775 ], [ -88.198494, 42.241561 ], [ -88.198245, 42.241559 ], [ -88.198462, 42.272285 ], [ -88.19855, 42.284586 ], [ -88.19875, 42.328611 ], [ -88.198647, 42.328861 ], [ -88.198488, 42.343153 ], [ -88.198454, 42.357962 ], [ -88.198662, 42.385027 ], [ -88.198804, 42.396642 ], [ -88.198819, 42.414857 ], [ -88.19882, 42.41557 ], [ -88.198601, 42.415567 ], [ -88.199212, 42.480897 ], [ -88.199391116084698, 42.496017867417102 ], [ -88.187095722973197, 42.496047270798101 ], [ -88.1238364242069, 42.4961985500004 ], [ -88.118114331823193, 42.496212233894902 ], [ -88.115285, 42.496219 ], [ -88.094207845027697, 42.495929403501002 ], [ -88.068936355030104, 42.495582177557097 ], [ -88.062063356375106, 42.495487743732902 ], [ -88.049782, 42.495319 ], [ -88.003145055469901, 42.4946930217505 ], [ -87.99018, 42.494519 ], [ -87.971279, 42.494019 ], [ -87.950146265712704, 42.493721808373799 ], [ -87.900242, 42.49302 ], [ -87.886806699825598, 42.492850896606697 ], [ -87.883012410501806, 42.492803139787597 ], [ -87.862599420795306, 42.492546211711399 ], [ -87.852888804825795, 42.492423989052398 ], [ -87.852878378731305, 42.492423857824399 ], [ -87.843594, 42.492307 ], [ -87.816570681646496, 42.491929753618003 ], [ -87.815872, 42.49192 ], [ -87.800477, 42.49192 ], [ -87.799127694158898, 42.480592224154798 ], [ -87.7980792064578, 42.471789895361901 ], [ -87.798071, 42.471721 ], [ -87.800354131551302, 42.4497040114599 ], [ -87.8008809280593, 42.4446239394548 ], [ -87.801146901716393, 42.442059067992801 ], [ -87.80337, 42.420621 ], [ -87.803505069648196, 42.418196499815402 ], [ -87.803750213848105, 42.4137961614259 ], [ -87.80537, 42.384721 ], [ -87.805457443787702, 42.384557184928497 ], [ -87.806096394733601, 42.383360189720698 ], [ -87.812499071022899, 42.371365571221901 ], [ -87.816529, 42.363816 ], [ -87.823755, 42.361871 ], [ -87.824803867684295, 42.357294043712997 ], [ -87.825002605670406, 42.356426808419002 ], [ -87.826048382118998, 42.351863341393702 ], [ -87.828483514462405, 42.341237125661003 ], [ -87.830986, 42.330317 ], [ -87.831219194593402, 42.328541996479899 ], [ -87.831432224865594, 42.326920477397699 ], [ -87.831696220456394, 42.324911026422498 ], [ -87.834335077275995, 42.304824882589998 ], [ -87.834769, 42.301522 ], [ -87.833468098510295, 42.294891598859103 ], [ -87.832738483392504, 42.291172915355503 ], [ -87.828569, 42.269922 ], [ -87.828028619832907, 42.2686590909099 ], [ -87.826889787838397, 42.265997554892401 ], [ -87.826575987510196, 42.265264179925801 ], [ -87.8261592973234, 42.264290343621902 ], [ -87.825313097151593, 42.262312710181398 ], [ -87.815612618468606, 42.239641961969902 ], [ -87.812267, 42.231823 ], [ -87.811928326769404, 42.231162391507702 ], [ -87.809205874848502, 42.225852037170803 ], [ -87.808369906578406, 42.224221416003601 ], [ -87.800066, 42.208024 ], [ -87.796593838099, 42.203280008095 ], [ -87.791422847281098, 42.196214917445403 ], [ -87.790964691066193, 42.195588941630803 ], [ -87.787058439096498, 42.190251855328199 ], [ -87.7783786434711, 42.178392707812201 ], [ -87.775909900660906, 42.175019680793099 ], [ -87.759249118689794, 42.152256164271101 ], [ -87.772315, 42.152362 ], [ -87.789522, 42.152473 ], [ -87.793855, 42.15255 ], [ -87.809145, 42.152527 ], [ -87.828446, 42.152715 ], [ -87.841709, 42.152784 ], [ -87.848183, 42.152811 ], [ -87.8674, 42.152939 ], [ -87.887268, 42.152953 ], [ -87.91486, 42.153164 ], [ -87.934405, 42.153106 ], [ -87.955339, 42.153484 ], [ -87.961974, 42.153546 ], [ -87.962095, 42.153548 ], [ -87.968951, 42.153589 ], [ -87.981571, 42.153621 ], [ -87.984994, 42.153626 ], [ -88.004466, 42.153645 ], [ -88.016982, 42.153693 ], [ -88.02375, 42.153735 ], [ -88.062827, 42.153855 ], [ -88.09222, 42.153994 ], [ -88.121545, 42.154193 ], [ -88.136089, 42.154213 ], [ -88.150745, 42.154215 ], [ -88.199584, 42.15426 ], [ -88.199461, 42.19418 ] ] ] } },
{ "type": "Feature", "properties": { "STATEFP": "17", "COUNTYFP": "023", "COUNTYNS": "00424213", "GEOIDFQ": "0500000US17023", "GEOID": "17023", "NAME": "Clark", "NAMELSAD": "Clark County", "STUSPS": "IL", "STATE_NAME": "Illinois", "LSAD": "06", "ALAND": 1298554904, "AWATER": 8771353 }, "geometry": { "type": "Polygon", "coordinates": [ [ [ -88.013944, 39.48079 ], [ -87.960179, 39.481309 ], [ -87.848858, 39.483635 ], [ -87.687622, 39.487363 ], [ -87.689275, 39.476771 ], [ -87.531662950404396, 39.4771101546363 ], [ -87.531624, 39.469378 ], [ -87.531608, 39.466225 ], [ -87.531489, 39.449474 ], [ -87.531355, 39.437732 ], [ -87.531355, 39.436656 ], [ -87.531548656577698, 39.377582092477702 ], [ -87.5316393583728, 39.349913993007497 ], [ -87.531646, 39.347888 ], [ -87.544013, 39.352907 ], [ -87.5544, 39.340488 ], [ -87.578331, 39.340343 ], [ -87.589084, 39.333831 ], [ -87.600397, 39.312904 ], [ -87.597946, 39.299479 ], [ -87.597545, 39.296388 ], [ -87.61005, 39.282232 ], [ -87.605543, 39.261122 ], [ -87.604075798943001, 39.259458515016199 ], [ -87.593486, 39.247452 ], [ -87.583535, 39.243579 ], [ -87.579163, 39.232962 ], [ -87.574558, 39.218404 ], [ -87.577029, 39.211123 ], [ -87.588614, 39.197824 ], [ -87.620796, 39.17479 ], [ -87.640435, 39.166727 ], [ -87.642669649887097, 39.157946495394199 ], [ -87.656919, 39.172179 ], [ -87.747096, 39.172391 ], [ -87.820293, 39.177838 ], [ -87.950385, 39.174882 ], [ -88.007766, 39.173925 ], [ -88.009743, 39.261775 ], [ -88.011728, 39.349837 ], [ -88.012121, 39.378968 ], [ -88.013944, 39.48079 ] ] ] } },
{ "type": "Feature", "properties": { "STATEFP": "17", "COUNTYFP": "063", "COUNTYNS": "00424233", "GEOIDFQ": "0500000US17063", "GEOID": "17063", "NAME": "Grundy", "NAMELSAD": "Grundy County", "STUSPS": "IL", "STATE_NAME": "Illinois", "LSAD": "06", "ALAND": 1082945365, "AWATER": 32126925 }, "geometry": { "type": "Polygon", "coordinates": [ [ [ -88.595961, 41.457129 ], [ -88.365289, 41.460494 ], [ -88.252231, 41.463066 ], [ -88.252219, 41.462753 ], [ -88.250993, 41.42839 ], [ -88.25071, 41.4191 ], [ -88.249583, 41.387572 ], [ -88.249188, 41.375691 ], [ -88.246993, 41.288579 ], [ -88.246054, 41.259484 ], [ -88.245324, 41.238096 ], [ -88.244144, 41.201566 ], [ -88.240889, 41.114383 ], [ -88.251501, 41.114218 ], [ -88.33683, 41.11222 ], [ -88.40574, 41.11052 ], [ -88.43059, 41.10993 ], [ -88.58461, 41.10831 ], [ -88.58624, 41.108293 ], [ -88.588474, 41.267953 ], [ -88.59004, 41.303464 ], [ -88.590392, 41.311478 ], [ -88.594585, 41.398861 ], [ -88.595961, 41.457129 ] ] ] } },
{ "type": "Feature", "properties": { "STATEFP": "17", "COUNTYFP": "165", "COUNTYNS": "00424283", "GEOIDFQ": "0500000US17165", "GEOID": "17165", "NAME": "Saline", "NAMELSAD": "Saline County", "STUSPS": "IL", "STATE_NAME": "Illinois", "LSAD": "06", "ALAND": 984171707, "AWATER": 17977593 }, "geometry": { "type": "Polygon", "coordinates": [ [ [ -88.708546, 37.599277 ], [ -88.707562, 37.687119 ], [ -88.707071, 37.804115 ], [ -88.706759, 37.863457 ], [ -88.706622, 37.906797 ], [ -88.602468, 37.907177 ], [ -88.595979, 37.9067 ], [ -88.37453, 37.907678 ], [ -88.373714, 37.761093 ], [ -88.373688, 37.746872 ], [ -88.375434, 37.599595 ], [ -88.380306, 37.5991 ], [ -88.412697, 37.599625 ], [ -88.708546, 37.599059 ], [ -88.708546, 37.599277 ] ] ] } },
{ "type": "Feature", "properties": { "STATEFP": "17", "COUNTYFP": "127", "COUNTYNS": "01784730", "GEOIDFQ": "0500000US17127", "GEOID": "17127", "NAME": "Massac", "NAMELSAD": "Massac County", "STUSPS": "IL", "STATE_NAME": "Illinois", "LSAD": "06", "ALAND": 614218330, "AWATER": 12784614 }, "geometry": { "type": "Polygon", "coordinates": [ [ [ -88.928757, 37.302848 ], [ -88.897561, 37.317491 ], [ -88.905071, 37.335743 ], [ -88.728691, 37.335317 ], [ -88.710738, 37.337081 ], [ -88.643014, 37.281954 ], [ -88.528904, 37.188834 ], [ -88.49033, 37.159462 ], [ -88.490419485444804, 37.067810180282201 ], [ -88.504437, 37.065265 ], [ -88.514356, 37.065231 ], [ -88.521436, 37.065584 ], [ -88.531576, 37.067192 ], [ -88.545403, 37.070003 ], [ -88.560032, 37.07601 ], [ -88.5638603119626, 37.0785516910097 ], [ -88.569375, 37.082213 ], [ -88.576718, 37.085852 ], [ -88.581635, 37.090567 ], [ -88.583446163676697, 37.092740779119701 ], [ -88.589207, 37.099655 ], [ -88.593922, 37.101761 ], [ -88.600555146530894, 37.106647228128601 ], [ -88.601144, 37.107081 ], [ -88.61144, 37.112745 ], [ -88.625889, 37.119458 ], [ -88.627348863749603, 37.119936263251297 ], [ -88.630605, 37.121003 ], [ -88.637977, 37.121309 ], [ -88.644872, 37.122844 ], [ -88.676300515035194, 37.134958210691003 ], [ -88.687767, 37.139378 ], [ -88.693983, 37.141155 ], [ -88.702553, 37.142646 ], [ -88.720224, 37.140641 ], [ -88.720553811162205, 37.1406977119318 ], [ -88.72344, 37.141194 ], [ -88.732105, 37.143956 ], [ -88.737937, 37.146513 ], [ -88.740178002067694, 37.147905630590998 ], [ -88.742447323147204, 37.149315859524698 ], [ -88.746065, 37.151564 ], [ -88.753068, 37.154701 ], [ -88.765357, 37.162662 ], [ -88.77595, 37.16878 ], [ -88.779466, 37.172495 ], [ -88.786947, 37.178584 ], [ -88.797373, 37.184854 ], [ -88.80572, 37.188595 ], [ -88.820935, 37.192203 ], [ -88.835051, 37.196486 ], [ -88.86953, 37.209711 ], [ -88.902841, 37.219299 ], [ -88.916934, 37.224291 ], [ -88.920878, 37.224769 ], [ -88.927892471952404, 37.226591846120698 ], [ -88.928757, 37.302848 ] ] ] } },
{ "type": "Feature", "properties": { "STATEFP": "17", "COUNTYFP": "161", "COUNTYNS": "00424282", "GEOIDFQ": "0500000US17161", "GEOID": "17161", "NAME": "Rock Island", "NAMELSAD": "Rock Island County", "STUSPS": "IL", "STATE_NAME": "Illinois", "LSAD": "06", "ALAND": 1107209785, "AWATER": 61633874 }, "geometry": { "type": "Polygon", "coordinates": [ [ [ -91.071940564762002, 41.333592302215301 ], [ -91.071552, 41.339651 ], [ -91.06652, 41.365246 ], [ -91.065058, 41.369101 ], [ -91.05158, 41.385283 ], [ -91.05101, 41.387556 ], [ -91.050698308189993, 41.393265627246102 ], [ -91.050328, 41.400049 ], [ -91.047819, 41.4109 ], [ -91.04589, 41.414085 ], [ -91.045063875638505, 41.414872033303403 ], [ -91.043988, 41.415897 ], [ -91.039872, 41.418523 ], [ -91.037131, 41.420017 ], [ -91.0347524997036, 41.420929810580397 ], [ -91.027787, 41.423603 ], [ -91.01198, 41.425024 ], [ -91.009572046957899, 41.425460132349201 ], [ -91.005846, 41.426135 ], [ -90.984898, 41.433869 ], [ -90.979815, 41.434321 ], [ -90.975168, 41.433985 ], [ -90.966662, 41.430051 ], [ -90.953198, 41.425075 ], [ -90.949791, 41.424163 ], [ -90.930016, 41.421404 ], [ -90.924343, 41.42286 ], [ -90.919351, 41.425589 ], [ -90.900471, 41.431154 ], [ -90.890787, 41.435432 ], [ -90.879778, 41.441065 ], [ -90.867282, 41.448215 ], [ -90.857554, 41.452751 ], [ -90.853604, 41.453909 ], [ -90.846558, 41.455141 ], [ -90.837414, 41.455623 ], [ -90.824736, 41.454467 ], [ -90.807283, 41.454466 ], [ -90.786282, 41.452888 ], [ -90.777583, 41.451261 ], [ -90.771672, 41.450761 ], [ -90.750142, 41.449632 ], [ -90.737537, 41.450127 ], [ -90.723545, 41.452248 ], [ -90.7233269653468, 41.452272300744198 ], [ -90.701159, 41.454743 ], [ -90.690951, 41.456643 ], [ -90.676439, 41.460832 ], [ -90.668939, 41.460684941176503 ], [ -90.666239, 41.460632 ], [ -90.655839, 41.462132 ], [ -90.650238, 41.465032 ], [ -90.640238, 41.473332 ], [ -90.632538, 41.478732 ], [ -90.630666879848206, 41.479573943929502 ], [ -90.618537, 41.485032 ], [ -90.609467484798699, 41.491654185702501 ], [ -90.608606098274393, 41.492283134593301 ], [ -90.605937, 41.494232 ], [ -90.605733871388594, 41.494566564771702 ], [ -90.604237, 41.497032 ], [ -90.602137, 41.506032 ], [ -90.595237, 41.511032 ], [ -90.594526620689606, 41.511336448275898 ], [ -90.591037, 41.512832 ], [ -90.582036, 41.515132 ], [ -90.580414342749506, 41.515310531073403 ], [ -90.571136, 41.516332 ], [ -90.567236, 41.517532 ], [ -90.566288475308696, 41.518109076214103 ], [ -90.556235, 41.524232 ], [ -90.554930291961298, 41.5243941078419 ], [ -90.540935, 41.526133 ], [ -90.533035, 41.524933 ], [ -90.513189019239903, 41.519547929093797 ], [ -90.513134, 41.519533 ], [ -90.503614077432701, 41.518390700675901 ], [ -90.500633, 41.518033 ], [ -90.489933, 41.518233 ], [ -90.4894869918826, 41.518275882647004 ], [ -90.475294977835304, 41.519640411912498 ], [ -90.474332, 41.519733 ], [ -90.461432, 41.523533 ], [ -90.445231, 41.536133 ], [ -90.438431, 41.544133 ], [ -90.432731, 41.549533 ], [ -90.427231, 41.551533 ], [ -90.42223, 41.554233 ], [ -90.419886633915596, 41.557418513270903 ], [ -90.41583, 41.562933 ], [ -90.412986397300003, 41.565207882160003 ], [ -90.41283, 41.565333 ], [ -90.39793, 41.572233 ], [ -90.381329, 41.576633 ], [ -90.378779926740293, 41.577077579953396 ], [ -90.3646696505308, 41.579538531562598 ], [ -90.364128, 41.579633 ], [ -90.351894876694004, 41.584432598617603 ], [ -90.343228, 41.587833 ], [ -90.341528, 41.590633 ], [ -90.339528, 41.598633 ], [ -90.340942355535105, 41.614339712099301 ], [ -90.34333, 41.640855 ], [ -90.343452, 41.646959 ], [ -90.336729, 41.664532 ], [ -90.336703322026196, 41.664707073916702 ], [ -90.334525, 41.679559 ], [ -90.332481, 41.682146 ], [ -90.330222, 41.683954 ], [ -90.319924, 41.689721 ], [ -90.317315, 41.69167 ], [ -90.314687, 41.69483 ], [ -90.313435, 41.698082 ], [ -90.31277, 41.702426 ], [ -90.312893, 41.707528 ], [ -90.31332, 41.709494 ], [ -90.317421, 41.718333 ], [ -90.317668, 41.72269 ], [ -90.316357747074306, 41.728884798759097 ], [ -90.31522, 41.734264 ], [ -90.310708, 41.742214 ], [ -90.302782, 41.750031 ], [ -90.278633, 41.767358 ], [ -90.263286, 41.772112 ], [ -90.258622, 41.775295 ], [ -90.248631, 41.779805 ], [ -90.242379396321894, 41.7829539696558 ], [ -90.244812, 41.769511 ], [ -90.247917, 41.746877 ], [ -90.234705, 41.736111 ], [ -90.244956, 41.702379 ], [ -90.22679, 41.692521 ], [ -90.232703, 41.676573 ], [ -90.218531, 41.671993 ], [ -90.189532, 41.663374 ], [ -90.161233, 41.643927 ], [ -90.1733, 41.637626 ], [ -90.162465, 41.635526 ], [ -90.165057, 41.602933 ], [ -90.166037, 41.59416 ], [ -90.185536, 41.584574 ], [ -90.179287, 41.576083 ], [ -90.184769, 41.555969 ], [ -90.195324, 41.540686 ], [ -90.241657, 41.524826 ], [ -90.304716, 41.517791 ], [ -90.31951, 41.509705 ], [ -90.341245, 41.511379 ], [ -90.358727, 41.506134 ], [ -90.376528, 41.478734 ], [ -90.396585, 41.469401 ], [ -90.421129, 41.457634 ], [ -90.43193, 41.456834 ], [ -90.432181, 41.434725 ], [ -90.432469, 41.414223 ], [ -90.433737, 41.326989 ], [ -90.57896, 41.327518 ], [ -90.677651, 41.328585 ], [ -90.80151, 41.329967 ], [ -91.071955524145096, 41.333359047967598 ], [ -91.071940564762002, 41.333592302215301 ] ] ] } },
{ "type": "Feature", "properties": { "STATEFP": "17", "COUNTYFP": "183", "COUNTYNS": "01785114", "GEOIDFQ": "0500000US17183", "GEOID": "17183", "NAME": "Vermilion", "NAMELSAD": "Vermilion County", "STUSPS": "IL", "STATE_NAME": "Illinois", "LSAD": "06", "ALAND": 2326634937, "AWATER": 7531157 }, "geometry": { "type": "Polygon", "coordinates": [ [ [ -87.942103, 40.225482 ], [ -87.92876, 40.225619 ], [ -87.929992, 40.313376 ], [ -87.932387, 40.3994 ], [ -87.93187, 40.404165 ], [ -87.935309, 40.485923 ], [ -87.763518, 40.488197 ], [ -87.689335, 40.487957 ], [ -87.633318, 40.48863 ], [ -87.526378948003298, 40.491236710982101 ], [ -87.526502, 40.477158 ], [ -87.526510746794997, 40.476879033069999 ], [ -87.526549, 40.475659 ], [ -87.526809, 40.46217 ], [ -87.527939202577002, 40.3885069137649 ], [ -87.529722307349104, 40.2722896945996 ], [ -87.530054, 40.250671 ], [ -87.529992, 40.250036 ], [ -87.530828, 40.191812 ], [ -87.531133, 40.17003 ], [ -87.531133602101406, 40.1699867057579 ], [ -87.531437660508104, 40.148123316470802 ], [ -87.531439, 40.148027 ], [ -87.531759, 40.144273 ], [ -87.531732400182307, 40.142759228557203 ], [ -87.531561, 40.133005 ], [ -87.531654424254, 40.117819744213499 ], [ -87.532017524949595, 40.058801055775398 ], [ -87.532308, 40.011587 ], [ -87.532308, 40.011492 ], [ -87.532287, 40.000037 ], [ -87.532331, 39.997776 ], [ -87.532542, 39.987462 ], [ -87.532683, 39.977691 ], [ -87.53279, 39.97501 ], [ -87.532776, 39.971077 ], [ -87.532899455638599, 39.947001781779299 ], [ -87.533227, 39.883127 ], [ -87.533226850444905, 39.8830000013537 ], [ -87.581679, 39.882307 ], [ -87.557533, 39.868784 ], [ -87.617422, 39.868608 ], [ -87.615161, 39.881579 ], [ -87.692405, 39.88096 ], [ -87.733544, 39.880911 ], [ -87.937645, 39.879803 ], [ -87.939622, 40.07636 ], [ -87.939632, 40.083616 ], [ -87.941318, 40.170906 ], [ -87.942103, 40.225482 ] ] ] } },
{ "type": "Feature", "properties": { "STATEFP": "17", "COUNTYFP": "055", "COUNTYNS": "00424229", "GEOIDFQ": "0500000US17055", "GEOID": "17055", "NAME": "Franklin", "NAMELSAD": "Franklin County", "STUSPS": "IL", "STATE_NAME": "Illinois", "LSAD": "06", "ALAND": 1059114972, "AWATER": 58391305 }, "geometry": { "type": "Polygon", "coordinates": [ [ [ -89.16189, 37.957356 ], [ -89.140708, 38.000362 ], [ -89.1403, 38.033089 ], [ -89.133183, 38.052216 ], [ -89.118573, 38.059231 ], [ -89.11793, 38.09631 ], [ -89.129823, 38.111892 ], [ -89.129632, 38.124767 ], [ -88.994889, 38.125247 ], [ -88.958479, 38.125384 ], [ -88.87589, 38.126179 ], [ -88.853308, 38.12661 ], [ -88.704606, 38.125195 ], [ -88.705481, 38.070825 ], [ -88.706622, 37.906797 ], [ -88.706759, 37.863457 ], [ -88.762317, 37.8633 ], [ -88.86904, 37.862613 ], [ -88.902603, 37.862391 ], [ -88.942697, 37.862137 ], [ -88.958758, 37.862037 ], [ -89.055993, 37.862044 ], [ -89.058394, 37.862051 ], [ -89.151176, 37.861999 ], [ -89.150755, 37.945185 ], [ -89.150834, 37.950196 ], [ -89.177597, 37.950311 ], [ -89.16189, 37.957356 ] ] ] } },
{ "type": "Feature", "properties": { "STATEFP": "17", "COUNTYFP": "059", "COUNTYNS": "00424231", "GEOIDFQ": "0500000US17059", "GEOID": "17059", "NAME": "Gallatin", "NAMELSAD": "Gallatin County", "STUSPS": "IL", "STATE_NAME": "Illinois", "LSAD": "06", "ALAND": 836413648, "AWATER": 13357002 }, "geometry": { "type": "Polygon", "coordinates": [ [ [ -88.373688, 37.746872 ], [ -88.373714, 37.761093 ], [ -88.37453, 37.907678 ], [ -88.374521, 37.908391 ], [ -88.135981, 37.907795 ], [ -88.135887, 37.916118 ], [ -88.092853674589406, 37.891824205237803 ], [ -88.078529, 37.879118 ], [ -88.067364, 37.856051 ], [ -88.057576, 37.84789 ], [ -88.033309, 37.841917 ], [ -88.026382, 37.831107 ], [ -88.040271, 37.822341 ], [ -88.047947, 37.821727 ], [ -88.060212, 37.822849 ], [ -88.074042, 37.82916 ], [ -88.083671, 37.830175 ], [ -88.090884, 37.824468 ], [ -88.083204, 37.810897 ], [ -88.076595324678607, 37.806309518755299 ], [ -88.068922, 37.800983 ], [ -88.057555, 37.802031 ], [ -88.044249, 37.808575 ], [ -88.035456, 37.80952 ], [ -88.029382, 37.803601 ], [ -88.02803, 37.799224 ], [ -88.032438, 37.796361 ], [ -88.035827, 37.791917 ], [ -88.038769, 37.784307 ], [ -88.040873, 37.772082 ], [ -88.042602, 37.76712 ], [ -88.043391244253797, 37.7657176398423 ], [ -88.049942, 37.754078 ], [ -88.059588, 37.742608 ], [ -88.063802, 37.738645 ], [ -88.072538, 37.733286 ], [ -88.081925, 37.730389 ], [ -88.085901, 37.728587 ], [ -88.095759, 37.723205 ], [ -88.101844, 37.718036 ], [ -88.107088, 37.715915 ], [ -88.117803, 37.712583 ], [ -88.122412, 37.709685 ], [ -88.125033, 37.707094 ], [ -88.132341, 37.697142 ], [ -88.134282, 37.691498 ], [ -88.145434, 37.68259 ], [ -88.151646, 37.675098 ], [ -88.158207, 37.664542 ], [ -88.159372, 37.661847 ], [ -88.160187, 37.657592 ], [ -88.160062, 37.654332 ], [ -88.15864, 37.649097 ], [ -88.158374, 37.639948 ], [ -88.156827, 37.632801 ], [ -88.152691, 37.622827 ], [ -88.142225, 37.603737 ], [ -88.140752, 37.599158 ], [ -88.140226, 37.595263 ], [ -88.14094, 37.590865 ], [ -88.139973, 37.586451 ], [ -88.136164, 37.580285 ], [ -88.133698798383094, 37.574902657963698 ], [ -88.152679, 37.573813 ], [ -88.179677, 37.599228 ], [ -88.288569, 37.59908 ], [ -88.375434, 37.599595 ], [ -88.373688, 37.746872 ] ] ] } },
{ "type": "Feature", "properties": { "STATEFP": "17", "COUNTYFP": "143", "COUNTYNS": "01784920", "GEOIDFQ": "0500000US17143", "GEOID": "17143", "NAME": "Peoria", "NAMELSAD": "Peoria County", "STUSPS": "IL", "STATE_NAME": "Illinois", "LSAD": "06", "ALAND": 1602412932, "AWATER": 29919375 }, "geometry": { "type": "Polygon", "coordinates": [ [ [ -89.987211, 40.683459 ], [ -89.986064, 40.712361 ], [ -89.985373, 40.792672 ], [ -89.985333, 40.800074 ], [ -89.985429, 40.887645 ], [ -89.985506, 40.961116 ], [ -89.985479, 40.974495 ], [ -89.650719, 40.973754 ], [ -89.638727, 40.973707 ], [ -89.447693, 40.973246 ], [ -89.455306, 40.935507 ], [ -89.462565, 40.928217 ], [ -89.472522, 40.921205 ], [ -89.474787, 40.913265 ], [ -89.488637, 40.898784 ], [ -89.492351, 40.886358 ], [ -89.498757, 40.874063 ], [ -89.523486, 40.857251 ], [ -89.524832, 40.854062 ], [ -89.527679, 40.849202 ], [ -89.559495, 40.799098 ], [ -89.563623, 40.782433 ], [ -89.556595, 40.760244 ], [ -89.553433, 40.747636 ], [ -89.550256, 40.739051 ], [ -89.549359, 40.728913 ], [ -89.547063, 40.720418 ], [ -89.557112, 40.698708 ], [ -89.569629, 40.695661 ], [ -89.576742, 40.693042 ], [ -89.591948, 40.684515 ], [ -89.60044, 40.677571 ], [ -89.613756, 40.665081 ], [ -89.616369, 40.660759 ], [ -89.610973, 40.652322 ], [ -89.61111, 40.648974 ], [ -89.622439, 40.635124 ], [ -89.653688, 40.60749 ], [ -89.658, 40.602625 ], [ -89.660054, 40.596664 ], [ -89.653889, 40.578509 ], [ -89.65863, 40.567361 ], [ -89.664309, 40.562404 ], [ -89.675302, 40.554141 ], [ -89.697072, 40.562032 ], [ -89.741422, 40.550928 ], [ -89.771236, 40.553079 ], [ -89.81357, 40.540564 ], [ -89.872462, 40.513225 ], [ -89.872275, 40.567039 ], [ -89.874122, 40.580627 ], [ -89.873683, 40.624517 ], [ -89.87368, 40.624975 ], [ -89.989018, 40.625835 ], [ -89.987211, 40.683459 ] ] ] } },
{ "type": "Feature", "properties": { "STATEFP": "17", "COUNTYFP": "195", "COUNTYNS": "01785167", "GEOIDFQ": "0500000US17195", "GEOID": "17195", "NAME": "Whiteside", "NAMELSAD": "Whiteside County", "STUSPS": "IL", "STATE_NAME": "Illinois", "LSAD": "06", "ALAND": 1771808920, "AWATER": 31883751 }, "geometry": { "type": "Polygon", "coordinates": [ [ [ -90.244812, 41.769511 ], [ -90.242379396321894, 41.7829539696558 ], [ -90.242375847948495, 41.782955756992401 ], [ -90.241885, 41.783203 ], [ -90.222263, 41.793133 ], [ -90.216889, 41.795335 ], [ -90.187969, 41.803163 ], [ -90.181973, 41.80707 ], [ -90.180954, 41.809354 ], [ -90.180643, 41.811979 ], [ -90.18172, 41.822599 ], [ -90.183973, 41.83307 ], [ -90.183765, 41.83624 ], [ -90.183335773236394, 41.837846376557003 ], [ -90.183331234689206, 41.837863362021302 ], [ -90.181901, 41.843216 ], [ -90.181401, 41.844647 ], [ -90.179064829310093, 41.847951485848299 ], [ -90.175051, 41.853629 ], [ -90.173006, 41.857402 ], [ -90.172765, 41.866149 ], [ -90.171505312574794, 41.870907510868399 ], [ -90.170041, 41.876439 ], [ -90.166381957466598, 41.881834911195703 ], [ -90.165065, 41.883777 ], [ -90.157019, 41.898019 ], [ -90.153986048944304, 41.905607999803003 ], [ -90.153584, 41.906614 ], [ -90.153362, 41.915593 ], [ -90.151838378767394, 41.928917335740003 ], [ -90.035985, 41.930333 ], [ -89.841449, 41.930297 ], [ -89.685366, 41.93034 ], [ -89.628907, 41.930044 ], [ -89.62933, 41.901617 ], [ -89.630305, 41.843623 ], [ -89.631182, 41.779336 ], [ -89.631467, 41.758134 ], [ -89.632186, 41.686095 ], [ -89.631494, 41.584949 ], [ -89.862351, 41.584005 ], [ -89.920108, 41.583817 ], [ -90.185536, 41.584574 ], [ -90.166037, 41.59416 ], [ -90.165057, 41.602933 ], [ -90.162465, 41.635526 ], [ -90.1733, 41.637626 ], [ -90.161233, 41.643927 ], [ -90.189532, 41.663374 ], [ -90.218531, 41.671993 ], [ -90.232703, 41.676573 ], [ -90.22679, 41.692521 ], [ -90.244956, 41.702379 ], [ -90.234705, 41.736111 ], [ -90.247917, 41.746877 ], [ -90.244812, 41.769511 ] ] ] } },
{ "type": "Feature", "properties": { "STATEFP": "17", "COUNTYFP": "171", "COUNTYNS": "00424286", "GEOIDFQ": "0500000US17171", "GEOID": "17171", "NAME": "Scott", "NAMELSAD": "Scott County", "STUSPS": "IL", "STATE_NAME": "Illinois", "LSAD": "06", "ALAND": 649542036, "AWATER": 4814546 }, "geometry": { "type": "Polygon", "coordinates": [ [ [ -90.646112, 39.698291 ], [ -90.606247, 39.768431 ], [ -90.599105, 39.79006 ], [ -90.483063, 39.78924 ], [ -90.483318, 39.753238 ], [ -90.371256, 39.753122 ], [ -90.371413, 39.743488 ], [ -90.3727, 39.680432 ], [ -90.372833, 39.673097 ], [ -90.372969, 39.665781 ], [ -90.337812, 39.665583 ], [ -90.338126, 39.636633 ], [ -90.300666, 39.636541 ], [ -90.301831, 39.520344 ], [ -90.424098, 39.520915 ], [ -90.581055, 39.521728 ], [ -90.572293, 39.539166 ], [ -90.57662, 39.559536 ], [ -90.607545, 39.63264 ], [ -90.608385, 39.63924 ], [ -90.630574, 39.670494 ], [ -90.646112, 39.698291 ] ] ] } },
{ "type": "Feature", "properties": { "STATEFP": "17", "COUNTYFP": "105", "COUNTYNS": "00424254", "GEOIDFQ": "0500000US17105", "GEOID": "17105", "NAME": "Livingston", "NAMELSAD": "Livingston County", "STUSPS": "IL", "STATE_NAME": "Illinois", "LSAD": "06", "ALAND": 2702983877, "AWATER": 5975815 }, "geometry": { "type": "Polygon", "coordinates": [ [ [ -88.93139, 40.92774 ], [ -88.930654, 41.030573 ], [ -88.930881, 41.1059 ], [ -88.892935, 41.106054 ], [ -88.85237, 41.106228 ], [ -88.831825, 41.106361 ], [ -88.81621, 41.10649 ], [ -88.58624, 41.108293 ], [ -88.58461, 41.10831 ], [ -88.43059, 41.10993 ], [ -88.40574, 41.11052 ], [ -88.33683, 41.11222 ], [ -88.251501, 41.114218 ], [ -88.2473, 40.99456 ], [ -88.241542, 40.828523 ], [ -88.239459, 40.756033 ], [ -88.23529, 40.63243 ], [ -88.23495, 40.618208 ], [ -88.459475, 40.617345 ], [ -88.574502, 40.61655 ], [ -88.582355, 40.670792 ], [ -88.583738, 40.728639 ], [ -88.584272, 40.757608 ], [ -88.757092, 40.755648 ], [ -88.814487, 40.75506 ], [ -88.929331, 40.753337 ], [ -88.93071, 40.84048 ], [ -88.93139, 40.92774 ] ] ] } },
{ "type": "Feature", "properties": { "STATEFP": "17", "COUNTYFP": "103", "COUNTYNS": "00424253", "GEOIDFQ": "0500000US17103", "GEOID": "17103", "NAME": "Lee", "NAMELSAD": "Lee County", "STUSPS": "IL", "STATE_NAME": "Illinois", "LSAD": "06", "ALAND": 1877142078, "AWATER": 9779872 }, "geometry": { "type": "Polygon", "coordinates": [ [ [ -89.632186, 41.686095 ], [ -89.631467, 41.758134 ], [ -89.631182, 41.779336 ], [ -89.630305, 41.843623 ], [ -89.62933, 41.901617 ], [ -89.537861, 41.90251 ], [ -89.514621, 41.902166 ], [ -89.482705, 41.902463 ], [ -89.470815, 41.911462 ], [ -89.422412, 41.905567 ], [ -89.421058, 41.889451 ], [ -89.41376, 41.885463 ], [ -89.398652, 41.902833 ], [ -89.360392, 41.902616 ], [ -89.360578, 41.888018 ], [ -89.28054, 41.888116 ], [ -89.168677, 41.889502 ], [ -89.039778, 41.890554 ], [ -88.941279, 41.891752 ], [ -88.941341, 41.848085 ], [ -88.941508, 41.760774 ], [ -88.938679, 41.628316 ], [ -89.051865, 41.626717 ], [ -89.129243, 41.627949 ], [ -89.16715, 41.628657 ], [ -89.166561, 41.585289 ], [ -89.276918, 41.585121 ], [ -89.400868, 41.584926 ], [ -89.531719, 41.585056 ], [ -89.631494, 41.584949 ], [ -89.632186, 41.686095 ] ] ] } },
{ "type": "Feature", "properties": { "STATEFP": "17", "COUNTYFP": "085", "COUNTYNS": "00424244", "GEOIDFQ": "0500000US17085", "GEOID": "17085", "NAME": "Jo Daviess", "NAMELSAD": "Jo Daviess County", "STUSPS": "IL", "STATE_NAME": "Illinois", "LSAD": "06", "ALAND": 1556385358, "AWATER": 45789931 }, "geometry": { "type": "Polygon", "coordinates": [ [ [ -90.656527, 42.489203 ], [ -90.655932800302594, 42.491678832072601 ], [ -90.655927, 42.491703 ], [ -90.648627, 42.498102 ], [ -90.642843, 42.508481 ], [ -90.617731, 42.508077 ], [ -90.614589, 42.508053 ], [ -90.565441, 42.5076 ], [ -90.555862, 42.507509 ], [ -90.551165, 42.507691 ], [ -90.544799, 42.507713 ], [ -90.544347, 42.507707 ], [ -90.532254, 42.507573 ], [ -90.491716, 42.507624 ], [ -90.479446, 42.507416 ], [ -90.474955, 42.507484 ], [ -90.437174576265406, 42.507148452804202 ], [ -90.437011, 42.507147 ], [ -90.426377935344206, 42.507059428755902 ], [ -90.405927, 42.506891 ], [ -90.370673, 42.507111 ], [ -90.367874, 42.507114 ], [ -90.362652, 42.507048 ], [ -90.303823, 42.507469 ], [ -90.272864, 42.507531 ], [ -90.269335, 42.507726 ], [ -90.267143, 42.507642 ], [ -90.253121, 42.50734 ], [ -90.250622, 42.507521 ], [ -90.22319, 42.507765 ], [ -90.206094084103597, 42.507747022171699 ], [ -90.206073, 42.507747 ], [ -90.202805116058101, 42.507789814201303 ], [ -90.181572, 42.508068 ], [ -90.164363, 42.508272 ], [ -90.142922, 42.508151 ], [ -90.095004, 42.507885 ], [ -90.093026, 42.50816 ], [ -90.07367, 42.508275 ], [ -90.018665, 42.507288 ], [ -90.017028, 42.507127 ], [ -89.999314, 42.506914 ], [ -89.997213, 42.506755 ], [ -89.985645, 42.506431 ], [ -89.985072, 42.506464 ], [ -89.955291, 42.505626 ], [ -89.926484, 42.505787 ], [ -89.926466137839796, 42.505787162383299 ], [ -89.924242, 42.400653 ], [ -89.923684, 42.376957 ], [ -89.923558, 42.371416 ], [ -89.919772, 42.196881 ], [ -90.107747, 42.197166 ], [ -90.221257, 42.195645 ], [ -90.317331268890797, 42.1936467132019 ], [ -90.317774, 42.193789 ], [ -90.328273, 42.201047 ], [ -90.338169, 42.203321 ], [ -90.356964, 42.205445 ], [ -90.365138, 42.210526 ], [ -90.375129, 42.214811 ], [ -90.391108, 42.225473 ], [ -90.394749, 42.229059 ], [ -90.395883, 42.233133 ], [ -90.400653, 42.239293 ], [ -90.410471, 42.247749 ], [ -90.416315, 42.251679 ], [ -90.419326, 42.254467 ], [ -90.422181, 42.259899 ], [ -90.424098, 42.266364 ], [ -90.430884, 42.27823 ], [ -90.430735, 42.284211 ], [ -90.426909, 42.290719 ], [ -90.424326, 42.293326 ], [ -90.423955422280102, 42.2944790786079 ], [ -90.420454, 42.305374 ], [ -90.4203, 42.31169 ], [ -90.421047, 42.316109 ], [ -90.420075, 42.317681 ], [ -90.417125, 42.319943 ], [ -90.4162, 42.321314 ], [ -90.415937, 42.322699 ], [ -90.416535, 42.325109 ], [ -90.419027, 42.328505 ], [ -90.42135, 42.330472 ], [ -90.425363, 42.332615 ], [ -90.429237773748497, 42.335788531654003 ], [ -90.430546, 42.33686 ], [ -90.443874, 42.355218 ], [ -90.44632, 42.357041 ], [ -90.452724, 42.359303 ], [ -90.462619, 42.367253 ], [ -90.464788, 42.369452 ], [ -90.470273, 42.378355 ], [ -90.473812167652994, 42.3814582098911 ], [ -90.474121, 42.381729 ], [ -90.477279, 42.383794 ], [ -90.480148, 42.384616 ], [ -90.484621, 42.38453 ], [ -90.487154, 42.385141 ], [ -90.490334, 42.387093 ], [ -90.495766, 42.392406 ], [ -90.500128, 42.395539 ], [ -90.506674970813094, 42.398717226541599 ], [ -90.506829, 42.398792 ], [ -90.517516, 42.403019 ], [ -90.548068, 42.413115 ], [ -90.555018, 42.416138 ], [ -90.55755, 42.419258 ], [ -90.558168, 42.420984 ], [ -90.558801, 42.428517 ], [ -90.560439, 42.432897 ], [ -90.565248, 42.438742 ], [ -90.567968, 42.440389 ], [ -90.570736, 42.441701 ], [ -90.582128, 42.444437 ], [ -90.590416, 42.447493 ], [ -90.606328, 42.451505 ], [ -90.624328, 42.458904 ], [ -90.640900309565794, 42.468522287618001 ], [ -90.646727, 42.471904 ], [ -90.654027, 42.478503 ], [ -90.656327, 42.483603 ], [ -90.656527, 42.489203 ] ] ] } },
{ "type": "Feature", "properties": { "STATEFP": "17", "COUNTYFP": "083", "COUNTYNS": "00424243", "GEOIDFQ": "0500000US17083", "GEOID": "17083", "NAME": "Jersey", "NAMELSAD": "Jersey County", "STUSPS": "IL", "STATE_NAME": "Illinois", "LSAD": "06", "ALAND": 957143526, "AWATER": 20333974 }, "geometry": { "type": "Polygon", "coordinates": [ [ [ -90.603569, 39.117592 ], [ -90.599053, 39.134475 ], [ -90.582803, 39.144327 ], [ -90.587213, 39.154873 ], [ -90.575995, 39.165167 ], [ -90.580587, 39.184895 ], [ -90.574615, 39.178623 ], [ -90.536454, 39.192857 ], [ -90.507508, 39.185193 ], [ -90.502177, 39.163526 ], [ -90.487879, 39.164074 ], [ -90.487624, 39.175005 ], [ -90.370774, 39.174274 ], [ -90.363319, 39.174277 ], [ -90.313289, 39.174289 ], [ -90.31393, 39.225128 ], [ -90.201769, 39.225497 ], [ -90.202681, 39.258192 ], [ -90.193872, 39.26196 ], [ -90.148121, 39.261947 ], [ -90.146227, 39.15964 ], [ -90.146055, 39.115851 ], [ -90.145984, 38.999303 ], [ -90.156142, 38.999354 ], [ -90.231728, 38.999107 ], [ -90.273959, 38.999036 ], [ -90.274788, 38.958923 ], [ -90.275714387651902, 38.923447850200802 ], [ -90.277471, 38.923716 ], [ -90.283712, 38.924048 ], [ -90.298711, 38.923395 ], [ -90.306113, 38.923525 ], [ -90.309454, 38.92412 ], [ -90.317572, 38.927912 ], [ -90.324179, 38.929827 ], [ -90.333533, 38.933489 ], [ -90.346442, 38.94079 ], [ -90.383126, 38.955453 ], [ -90.385768377236005, 38.956407504117401 ], [ -90.395816, 38.960037 ], [ -90.406367, 38.962554 ], [ -90.413108, 38.96333 ], [ -90.424726, 38.963785 ], [ -90.433745, 38.965526 ], [ -90.440078, 38.967364 ], [ -90.450792, 38.967764 ], [ -90.450809944078003, 38.967758684265704 ], [ -90.491802, 38.966614 ], [ -90.519644, 38.953943 ], [ -90.534657, 38.958499 ], [ -90.570169, 38.99329 ], [ -90.57681, 39.035938 ], [ -90.588094, 39.045747 ], [ -90.581406, 39.06568 ], [ -90.592165, 39.086765 ], [ -90.602994, 39.110025 ], [ -90.603569, 39.117592 ] ] ] } },
{ "type": "Feature", "properties": { "STATEFP": "17", "COUNTYFP": "071", "COUNTYNS": "00424237", "GEOIDFQ": "0500000US17071", "GEOID": "17071", "NAME": "Henderson", "NAMELSAD": "Henderson County", "STUSPS": "IL", "STATE_NAME": "Illinois", "LSAD": "06", "ALAND": 981068795, "AWATER": 42565932 }, "geometry": { "type": "Polygon", "coordinates": [ [ [ -91.154293, 40.653596 ], [ -91.138055, 40.660893 ], [ -91.123928, 40.669152 ], [ -91.122421, 40.670675 ], [ -91.12082, 40.672777 ], [ -91.119632, 40.675892 ], [ -91.115407, 40.691825 ], [ -91.112433584579406, 40.696278690879403 ], [ -91.11194, 40.697018 ], [ -91.110927, 40.703262 ], [ -91.111095, 40.708282 ], [ -91.113885, 40.719532 ], [ -91.115158, 40.721895 ], [ -91.115735, 40.725168 ], [ -91.114249161137494, 40.730864042033502 ], [ -91.110424, 40.745528 ], [ -91.1082, 40.750935 ], [ -91.1054895963794, 40.753847948658397 ], [ -91.102486, 40.757076 ], [ -91.098105, 40.763233 ], [ -91.096133, 40.767134 ], [ -91.093605430510095, 40.774308189337802 ], [ -91.091703, 40.779708 ], [ -91.091246, 40.786724 ], [ -91.092256, 40.792909 ], [ -91.094613628428704, 40.797630181787603 ], [ -91.097031, 40.802471 ], [ -91.097649, 40.805575 ], [ -91.096846, 40.811617 ], [ -91.093498589092803, 40.819837400208698 ], [ -91.092993, 40.821079 ], [ -91.090072, 40.824638 ], [ -91.077521, 40.833405 ], [ -91.067159, 40.841997 ], [ -91.058749, 40.846309 ], [ -91.05643, 40.848387 ], [ -91.050241, 40.858514 ], [ -91.047344, 40.864654 ], [ -91.044653, 40.868356 ], [ -91.039097, 40.873565 ], [ -91.036789, 40.875038 ], [ -91.027489, 40.879173 ], [ -91.021562, 40.884021 ], [ -91.013901370939294, 40.8956205658247 ], [ -91.01324, 40.896622 ], [ -91.009536, 40.900565 ], [ -91.003536, 40.905146 ], [ -90.9985, 40.90812 ], [ -90.985462, 40.912141 ], [ -90.97919, 40.915522 ], [ -90.968995, 40.919127 ], [ -90.965344, 40.921633 ], [ -90.962916, 40.924957 ], [ -90.960462, 40.936356 ], [ -90.952233, 40.954047 ], [ -90.951967, 40.958238 ], [ -90.952715, 40.962087 ], [ -90.955111, 40.969858 ], [ -90.958089, 40.976643 ], [ -90.958142, 40.979767 ], [ -90.955201, 40.986805 ], [ -90.949634, 40.995248 ], [ -90.945949, 41.006495 ], [ -90.945054, 41.011917 ], [ -90.945324, 41.019279 ], [ -90.942253, 41.034702 ], [ -90.94232, 41.038472 ], [ -90.943652, 41.048637 ], [ -90.944577, 41.052255 ], [ -90.945549, 41.06173 ], [ -90.948990026159805, 41.0702495855382 ], [ -90.785194, 41.068749 ], [ -90.787039, 40.915964 ], [ -90.788354, 40.806501 ], [ -90.788392, 40.799231 ], [ -90.789652, 40.63575 ], [ -90.904216, 40.639201 ], [ -90.913894, 40.637748 ], [ -91.02263, 40.634946 ], [ -91.118808, 40.636939 ], [ -91.185428463587996, 40.638070655948198 ], [ -91.154293, 40.653596 ] ] ] } },
{ "type": "Feature", "properties": { "STATEFP": "17", "COUNTYFP": "137", "COUNTYNS": "00424270", "GEOIDFQ": "0500000US17137", "GEOID": "17137", "NAME": "Morgan", "NAMELSAD": "Morgan County", "STUSPS": "IL", "STATE_NAME": "Illinois", "LSAD": "06", "ALAND": 1473595803, "AWATER": 9053547 }, "geometry": { "type": "Polygon", "coordinates": [ [ [ -90.565737, 39.83007 ], [ -90.571424, 39.838961 ], [ -90.586091, 39.871413 ], [ -90.583534, 39.87675 ], [ -90.410101, 39.875441 ], [ -90.295321, 39.874208 ], [ -90.192604, 39.873169 ], [ -89.994405, 39.87286 ], [ -89.993539, 39.785393 ], [ -89.985562, 39.785416 ], [ -89.984959, 39.737166 ], [ -89.984745, 39.718079 ], [ -89.923955, 39.558678 ], [ -89.926037, 39.522104 ], [ -90.099669, 39.520762 ], [ -90.153782, 39.520315 ], [ -90.301831, 39.520344 ], [ -90.300666, 39.636541 ], [ -90.338126, 39.636633 ], [ -90.337812, 39.665583 ], [ -90.372969, 39.665781 ], [ -90.372833, 39.673097 ], [ -90.3727, 39.680432 ], [ -90.371413, 39.743488 ], [ -90.371256, 39.753122 ], [ -90.483318, 39.753238 ], [ -90.483063, 39.78924 ], [ -90.599105, 39.79006 ], [ -90.565737, 39.83007 ] ] ] } },
{ "type": "Feature", "properties": { "STATEFP": "17", "COUNTYFP": "125", "COUNTYNS": "00424261", "GEOIDFQ": "0500000US17125", "GEOID": "17125", "NAME": "Mason", "NAMELSAD": "Mason County", "STUSPS": "IL", "STATE_NAME": "Illinois", "LSAD": "06", "ALAND": 1396914848, "AWATER": 62748513 }, "geometry": { "type": "Polygon", "coordinates": [ [ [ -90.337548, 40.136092 ], [ -90.310386, 40.139296 ], [ -90.268144, 40.154563 ], [ -90.216138, 40.150459 ], [ -90.206144, 40.155789 ], [ -90.199635, 40.183812 ], [ -90.157961, 40.219655 ], [ -90.125118, 40.228874 ], [ -90.107293, 40.2609 ], [ -90.081886, 40.281558 ], [ -90.069852, 40.29438 ], [ -90.068205, 40.298588 ], [ -90.068859, 40.31248 ], [ -90.050548, 40.334229 ], [ -90.043062, 40.370026 ], [ -90.033026, 40.377806 ], [ -89.983758, 40.392636 ], [ -89.948203, 40.424918 ], [ -89.92468, 40.435921 ], [ -89.915618, 40.435635 ], [ -89.866222, 40.43571 ], [ -89.82819, 40.434387 ], [ -89.717104, 40.435655 ], [ -89.714927, 40.319218 ], [ -89.602979, 40.320129 ], [ -89.602108, 40.143029 ], [ -89.601688, 40.122378 ], [ -89.628002, 40.148817 ], [ -89.648693, 40.157408 ], [ -89.668374, 40.160707 ], [ -89.683807, 40.155006 ], [ -89.694344, 40.14091 ], [ -89.708102, 40.146603 ], [ -89.749196, 40.126852 ], [ -89.788053, 40.130056 ], [ -89.794367, 40.123805 ], [ -89.824987, 40.122899 ], [ -89.868249, 40.12972 ], [ -89.898118, 40.127795 ], [ -89.926058, 40.13995 ], [ -89.940262, 40.137292 ], [ -89.944903, 40.133697 ], [ -89.969618, 40.142358 ], [ -89.982562, 40.114377 ], [ -89.99509, 40.108908 ], [ -90.011723, 40.10101 ], [ -90.040274, 40.10859 ], [ -90.051126, 40.099643 ], [ -90.064662, 40.100145 ], [ -90.081856, 40.080195 ], [ -90.112935, 40.080998 ], [ -90.126401, 40.076889 ], [ -90.134281, 40.062524 ], [ -90.150257, 40.067586 ], [ -90.176472, 40.060135 ], [ -90.189476, 40.065448 ], [ -90.199903, 40.053963 ], [ -90.269552, 40.06121 ], [ -90.284885, 40.055373 ], [ -90.290595, 40.068894 ], [ -90.304987, 40.077905 ], [ -90.303314, 40.092814 ], [ -90.314772, 40.115714 ], [ -90.354524, 40.124217 ], [ -90.337548, 40.136092 ] ] ] } },
{ "type": "Feature", "properties": { "STATEFP": "17", "COUNTYFP": "149", "COUNTYNS": "01784941", "GEOIDFQ": "0500000US17149", "GEOID": "17149", "NAME": "Pike", "NAMELSAD": "Pike County", "STUSPS": "IL", "STATE_NAME": "Illinois", "LSAD": "06", "ALAND": 2153190724, "AWATER": 45251530 }, "geometry": { "type": "Polygon", "coordinates": [ [ [ -91.369953, 39.745042 ], [ -91.367406, 39.75388 ], [ -91.366047, 39.755955 ], [ -91.365125, 39.758723 ], [ -91.265764, 39.757431 ], [ -91.01074, 39.75712 ], [ -90.915961, 39.7572 ], [ -90.916669, 39.844927 ], [ -90.894252, 39.841058 ], [ -90.571424, 39.838961 ], [ -90.565737, 39.83007 ], [ -90.599105, 39.79006 ], [ -90.606247, 39.768431 ], [ -90.646112, 39.698291 ], [ -90.630574, 39.670494 ], [ -90.608385, 39.63924 ], [ -90.607545, 39.63264 ], [ -90.57662, 39.559536 ], [ -90.572293, 39.539166 ], [ -90.581055, 39.521728 ], [ -90.592092, 39.486979 ], [ -90.610502, 39.457447 ], [ -90.616807, 39.423878 ], [ -90.613775, 39.395416 ], [ -90.840843, 39.399869 ], [ -90.908335, 39.400252 ], [ -90.936778219234697, 39.399486555729602 ], [ -90.937419, 39.400803 ], [ -90.939025, 39.402744 ], [ -90.940766, 39.403984 ], [ -90.948299, 39.407502 ], [ -90.957459, 39.408996 ], [ -90.96748, 39.411948 ], [ -90.972465, 39.414144 ], [ -90.977618, 39.41829 ], [ -90.98302, 39.420462 ], [ -90.993789, 39.422959 ], [ -91.003692, 39.427603 ], [ -91.011954, 39.432661 ], [ -91.02361, 39.438694 ], [ -91.035515127438799, 39.446605306378501 ], [ -91.03827, 39.448436 ], [ -91.047373477136603, 39.456861087103903 ], [ -91.053058, 39.462122 ], [ -91.059439, 39.46886 ], [ -91.062414, 39.474122 ], [ -91.064305, 39.494643 ], [ -91.075309, 39.502845 ], [ -91.079769, 39.507728 ], [ -91.086292, 39.517141 ], [ -91.092869, 39.529275 ], [ -91.100307, 39.538695 ], [ -91.114305, 39.541098 ], [ -91.126638, 39.542227 ], [ -91.148275, 39.545798 ], [ -91.153628, 39.548248 ], [ -91.158606, 39.553048 ], [ -91.163634, 39.558566 ], [ -91.168419, 39.564928 ], [ -91.16982, 39.569555 ], [ -91.171641, 39.581899 ], [ -91.174232, 39.591975 ], [ -91.174651, 39.593313 ], [ -91.178012, 39.598196 ], [ -91.181936, 39.602677 ], [ -91.185921, 39.605119 ], [ -91.21664, 39.615124 ], [ -91.223328, 39.617603 ], [ -91.229317, 39.620853 ], [ -91.241225, 39.630067 ], [ -91.24356, 39.633064 ], [ -91.245914, 39.637311 ], [ -91.248779, 39.64088 ], [ -91.260475, 39.649024 ], [ -91.266765, 39.656993 ], [ -91.27614, 39.665759 ], [ -91.283329, 39.670134 ], [ -91.293788, 39.674766 ], [ -91.302485, 39.679631 ], [ -91.305348, 39.683957 ], [ -91.306681975901199, 39.684880916888403 ], [ -91.317814, 39.692591 ], [ -91.331603, 39.700433 ], [ -91.3453, 39.709402 ], [ -91.352749, 39.715279 ], [ -91.354026359001296, 39.716449600257803 ], [ -91.367753, 39.729029 ], [ -91.370009, 39.732524 ], [ -91.369953, 39.745042 ] ] ] } },
{ "type": "Feature", "properties": { "STATEFP": "17", "COUNTYFP": "157", "COUNTYNS": "01784967", "GEOIDFQ": "0500000US17157", "GEOID": "17157", "NAME": "Randolph", "NAMELSAD": "Randolph County", "STUSPS": "IL", "STATE_NAME": "Illinois", "LSAD": "06", "ALAND": 1490194097, "AWATER": 56150220 }, "geometry": { "type": "Polygon", "coordinates": [ [ [ -90.204892540830997, 38.087015953153703 ], [ -90.035867, 38.135736 ], [ -90.036065, 38.14756 ], [ -90.036311, 38.223125 ], [ -89.899354, 38.220756 ], [ -89.899043, 38.220755 ], [ -89.703256, 38.219404 ], [ -89.666073, 38.219382 ], [ -89.592797, 38.219271 ], [ -89.592556, 38.1172 ], [ -89.59341, 38.043666 ], [ -89.594769, 37.969968 ], [ -89.595073, 37.955343 ], [ -89.624487, 37.908569 ], [ -89.65631, 37.858679 ], [ -89.660289, 37.838419 ], [ -89.680705, 37.822676 ], [ -89.675999, 37.80841 ], [ -89.674415793780895, 37.803005294461599 ], [ -89.677605, 37.805066 ], [ -89.68285, 37.807789 ], [ -89.696559, 37.814337 ], [ -89.702844, 37.816812 ], [ -89.71748, 37.825724 ], [ -89.729426, 37.835081 ], [ -89.732737, 37.838507 ], [ -89.736439, 37.843494 ], [ -89.739873, 37.84693 ], [ -89.749961, 37.846984 ], [ -89.754104, 37.846358 ], [ -89.757363, 37.847613 ], [ -89.761992, 37.850657 ], [ -89.765222, 37.851782 ], [ -89.774306, 37.852123 ], [ -89.779828, 37.853896 ], [ -89.782035, 37.855092 ], [ -89.786369, 37.851734 ], [ -89.793718, 37.857054 ], [ -89.796087, 37.859505 ], [ -89.80036, 37.868625 ], [ -89.799835, 37.871367 ], [ -89.797678, 37.874202 ], [ -89.798041, 37.879655 ], [ -89.799333, 37.881517 ], [ -89.803913, 37.882985 ], [ -89.813647, 37.88771 ], [ -89.836254, 37.901802 ], [ -89.837182410166903, 37.902294732463901 ], [ -89.842649, 37.905196 ], [ -89.844786, 37.905572 ], [ -89.851048, 37.90398 ], [ -89.862949, 37.896906 ], [ -89.866988, 37.893519 ], [ -89.876594, 37.883294 ], [ -89.881475, 37.879591 ], [ -89.897301, 37.871605 ], [ -89.901832, 37.869822 ], [ -89.913317, 37.869641 ], [ -89.923185, 37.870672 ], [ -89.937383, 37.874693 ], [ -89.938190721861702, 37.8751107703036 ], [ -89.950594, 37.881526 ], [ -89.952499, 37.883218 ], [ -89.964291599765502, 37.902949513404003 ], [ -89.971649, 37.91526 ], [ -89.973642, 37.917661 ], [ -89.974221, 37.919217 ], [ -89.974918, 37.926719 ], [ -89.968365, 37.931456 ], [ -89.962273, 37.934363 ], [ -89.959646, 37.940196 ], [ -89.947429, 37.940336 ], [ -89.937927, 37.946193 ], [ -89.932467, 37.947497 ], [ -89.925389, 37.95413 ], [ -89.924811, 37.955823 ], [ -89.925071751230504, 37.959818013378502 ], [ -89.925085, 37.960021 ], [ -89.933797, 37.959143 ], [ -89.935886, 37.959581 ], [ -89.93693, 37.961042 ], [ -89.93774, 37.964994 ], [ -89.941878169491602, 37.969861261982899 ], [ -89.942099, 37.970121 ], [ -89.95491, 37.966647 ], [ -89.978919, 37.962791 ], [ -89.984542801138304, 37.962338930855999 ], [ -89.986296, 37.962198 ], [ -89.997103, 37.963225 ], [ -90.00011, 37.964563 ], [ -90.008353, 37.970179 ], [ -90.03241, 37.995258 ], [ -90.045908, 38.000052 ], [ -90.049106, 38.001715 ], [ -90.051357, 38.003584 ], [ -90.052883, 38.005907 ], [ -90.053541, 38.00844 ], [ -90.055399, 38.011953 ], [ -90.057269, 38.014362 ], [ -90.059367, 38.015543 ], [ -90.065045, 38.016875 ], [ -90.072283, 38.017001 ], [ -90.080959, 38.015428 ], [ -90.08826, 38.015772 ], [ -90.093774, 38.017833 ], [ -90.11052, 38.026547 ], [ -90.113969400498206, 38.029125930315999 ], [ -90.117423, 38.031708 ], [ -90.126194, 38.040702 ], [ -90.126612, 38.043981 ], [ -90.126006, 38.05057 ], [ -90.126396, 38.054897 ], [ -90.128159, 38.059644 ], [ -90.130788, 38.062341 ], [ -90.144553, 38.069023 ], [ -90.158533, 38.074735 ], [ -90.161562, 38.07489 ], [ -90.163411, 38.074347 ], [ -90.17222, 38.069636 ], [ -90.204892540830997, 38.087015953153703 ] ] ] } },
{ "type": "Feature", "properties": { "STATEFP": "17", "COUNTYFP": "181", "COUNTYNS": "01785113", "GEOIDFQ": "0500000US17181", "GEOID": "17181", "NAME": "Union", "NAMELSAD": "Union County", "STUSPS": "IL", "STATE_NAME": "Illinois", "LSAD": "06", "ALAND": 1070731267, "AWATER": 22540420 }, "geometry": { "type": "Polygon", "coordinates": [ [ [ -89.521729567121895, 37.566209522219602 ], [ -89.521566463421607, 37.5707784301758 ], [ -89.472208, 37.561926 ], [ -89.453087, 37.580113 ], [ -89.453202, 37.60009 ], [ -89.295445, 37.599246 ], [ -89.241541, 37.598657 ], [ -89.153617, 37.600237 ], [ -89.041401, 37.596576 ], [ -89.044348, 37.441755 ], [ -89.044799, 37.329717 ], [ -89.090161, 37.33293 ], [ -89.248566, 37.335298 ], [ -89.486518149839299, 37.3345496947572 ], [ -89.484211, 37.335646 ], [ -89.474569, 37.338165 ], [ -89.454723, 37.339283 ], [ -89.447556, 37.340475 ], [ -89.43604, 37.344441 ], [ -89.432836, 37.347056 ], [ -89.429738, 37.351956 ], [ -89.428185, 37.356158 ], [ -89.422037, 37.38053 ], [ -89.421054, 37.387668 ], [ -89.42132, 37.392077 ], [ -89.422465, 37.397132 ], [ -89.424591488639905, 37.403458839150403 ], [ -89.42594, 37.407471 ], [ -89.43413, 37.426847 ], [ -89.439769, 37.4372 ], [ -89.443493, 37.442129 ], [ -89.450969, 37.450069 ], [ -89.454573630958393, 37.452991615966802 ], [ -89.471201, 37.466473 ], [ -89.475525, 37.471388 ], [ -89.492051, 37.494008 ], [ -89.497689, 37.504948 ], [ -89.500231, 37.512954 ], [ -89.502917, 37.51787 ], [ -89.507459, 37.524322 ], [ -89.5124, 37.52981 ], [ -89.516447, 37.535558 ], [ -89.517051, 37.537278 ], [ -89.521093, 37.553805 ], [ -89.521925, 37.560735 ], [ -89.521729567121895, 37.566209522219602 ] ] ] } },
{ "type": "Feature", "properties": { "STATEFP": "17", "COUNTYFP": "199", "COUNTYNS": "01785215", "GEOIDFQ": "0500000US17199", "GEOID": "17199", "NAME": "Williamson", "NAMELSAD": "Williamson County", "STUSPS": "IL", "STATE_NAME": "Illinois", "LSAD": "06", "ALAND": 1088338986, "AWATER": 62470432 }, "geometry": { "type": "Polygon", "coordinates": [ [ [ -89.152247, 37.718404 ], [ -89.151931, 37.744778 ], [ -89.151677, 37.773956 ], [ -89.151401, 37.811046 ], [ -89.151176, 37.861999 ], [ -89.058394, 37.862051 ], [ -89.055993, 37.862044 ], [ -88.958758, 37.862037 ], [ -88.942697, 37.862137 ], [ -88.902603, 37.862391 ], [ -88.86904, 37.862613 ], [ -88.762317, 37.8633 ], [ -88.706759, 37.863457 ], [ -88.707071, 37.804115 ], [ -88.707562, 37.687119 ], [ -88.708546, 37.599277 ], [ -88.818894, 37.600677 ], [ -88.874231, 37.596981 ], [ -88.937756, 37.59669 ], [ -89.041401, 37.596576 ], [ -89.153617, 37.600237 ], [ -89.152247, 37.718404 ] ] ] } },
{ "type": "Feature", "properties": { "STATEFP": "17", "COUNTYFP": "203", "COUNTYNS": "01785231", "GEOIDFQ": "0500000US17203", "GEOID": "17203", "NAME": "Woodford", "NAMELSAD": "Woodford County", "STUSPS": "IL", "STATE_NAME": "Illinois", "LSAD": "06", "ALAND": 1366366882, "AWATER": 39858698 }, "geometry": { "type": "Polygon", "coordinates": [ [ [ -89.559495, 40.799098 ], [ -89.527679, 40.849202 ], [ -89.524832, 40.854062 ], [ -89.523486, 40.857251 ], [ -89.498757, 40.874063 ], [ -89.492351, 40.886358 ], [ -89.488637, 40.898784 ], [ -89.474787, 40.913265 ], [ -89.472522, 40.921205 ], [ -89.346053, 40.922862 ], [ -89.160448, 40.92709 ], [ -89.047718, 40.925749 ], [ -88.93139, 40.92774 ], [ -88.93071, 40.84048 ], [ -88.929331, 40.753337 ], [ -88.986896, 40.752297 ], [ -88.984704, 40.665032 ], [ -89.042488, 40.664002 ], [ -89.04532, 40.663939 ], [ -89.044368, 40.627428 ], [ -89.101569, 40.625036 ], [ -89.101134, 40.612326 ], [ -89.134217, 40.61149 ], [ -89.133752, 40.596734 ], [ -89.269397, 40.594318 ], [ -89.269831, 40.616097 ], [ -89.327343, 40.615566 ], [ -89.328695, 40.660785 ], [ -89.329614, 40.660774 ], [ -89.330092, 40.748257 ], [ -89.39698, 40.747986 ], [ -89.427108, 40.747746 ], [ -89.51266, 40.74758 ], [ -89.553433, 40.747636 ], [ -89.556595, 40.760244 ], [ -89.563623, 40.782433 ], [ -89.559495, 40.799098 ] ] ] } },
{ "type": "Feature", "properties": { "STATEFP": "17", "COUNTYFP": "069", "COUNTYNS": "00424236", "GEOIDFQ": "0500000US17069", "GEOID": "17069", "NAME": "Hardin", "NAMELSAD": "Hardin County", "STUSPS": "IL", "STATE_NAME": "Illinois", "LSAD": "06", "ALAND": 459435094, "AWATER": 10485761 }, "geometry": { "type": "Polygon", "coordinates": [ [ [ -88.415263708820603, 37.423493097779101 ], [ -88.412697, 37.599625 ], [ -88.380306, 37.5991 ], [ -88.375434, 37.599595 ], [ -88.288569, 37.59908 ], [ -88.179677, 37.599228 ], [ -88.152679, 37.573813 ], [ -88.133698798383094, 37.574902657963698 ], [ -88.133393, 37.574235 ], [ -88.131622, 37.572968 ], [ -88.121517, 37.568166 ], [ -88.11433, 37.562189 ], [ -88.105883524298505, 37.556385126644898 ], [ -88.105585, 37.55618 ], [ -88.101174, 37.55133 ], [ -88.092814, 37.539637 ], [ -88.088049, 37.535124 ], [ -88.086194, 37.534186 ], [ -88.078046, 37.532029 ], [ -88.072242, 37.528826 ], [ -88.069018, 37.525297 ], [ -88.063311, 37.515755 ], [ -88.062568, 37.513563 ], [ -88.062828, 37.508123 ], [ -88.0613347550442, 37.505312471896303 ], [ -88.061292, 37.505232 ], [ -88.062563, 37.495951 ], [ -88.064115, 37.492013 ], [ -88.06295, 37.489385 ], [ -88.062174, 37.489057 ], [ -88.062294, 37.487837 ], [ -88.064234, 37.484548 ], [ -88.067728, 37.481593 ], [ -88.068504, 37.481921 ], [ -88.072386, 37.483563 ], [ -88.077987, 37.480146 ], [ -88.080738742596907, 37.476832250465897 ], [ -88.084171, 37.472699 ], [ -88.087664, 37.471059 ], [ -88.09038, 37.471059 ], [ -88.091156, 37.471715 ], [ -88.091156, 37.472699 ], [ -88.095818, 37.473025 ], [ -88.109417, 37.472369 ], [ -88.12801, 37.470507 ], [ -88.132628, 37.471555 ], [ -88.135142, 37.471626 ], [ -88.157061, 37.466937 ], [ -88.171764, 37.465612 ], [ -88.175283, 37.46379 ], [ -88.188615, 37.461896 ], [ -88.206923, 37.460188 ], [ -88.225012, 37.45739 ], [ -88.237784, 37.456811 ], [ -88.255193, 37.456748 ], [ -88.281667, 37.452596 ], [ -88.297821, 37.446816 ], [ -88.312585, 37.440591 ], [ -88.313392209305803, 37.439869903913603 ], [ -88.317525, 37.436178 ], [ -88.321199, 37.434705 ], [ -88.330622, 37.429316 ], [ -88.333183, 37.42721 ], [ -88.348405, 37.410726 ], [ -88.358436, 37.40486 ], [ -88.358504906825502, 37.404817410680401 ], [ -88.361557, 37.402931 ], [ -88.365471, 37.401663 ], [ -88.371214, 37.40273 ], [ -88.373445, 37.404342 ], [ -88.377507, 37.409825 ], [ -88.387669, 37.416482 ], [ -88.39734, 37.421644 ], [ -88.404127, 37.424146 ], [ -88.408808, 37.425216 ], [ -88.413108, 37.424468 ], [ -88.415263708820603, 37.423493097779101 ] ] ] } },
{ "type": "Feature", "properties": { "STATEFP": "17", "COUNTYFP": "185", "COUNTYNS": "00424293", "GEOIDFQ": "0500000US17185", "GEOID": "17185", "NAME": "Wabash", "NAMELSAD": "Wabash County", "STUSPS": "IL", "STATE_NAME": "Illinois", "LSAD": "06", "ALAND": 578403994, "AWATER": 10973569 }, "geometry": { "type": "Polygon", "coordinates": [ [ [ -87.991726, 38.269619 ], [ -87.972973, 38.27482 ], [ -87.977924, 38.281952 ], [ -87.951092, 38.290935 ], [ -87.957131, 38.299884 ], [ -87.946594, 38.308672 ], [ -87.956336, 38.317347 ], [ -87.953892, 38.337009 ], [ -87.967298, 38.353556 ], [ -87.977134, 38.377266 ], [ -87.964956, 38.391072 ], [ -87.976012, 38.400614 ], [ -87.963028, 38.415342 ], [ -87.952249, 38.418103 ], [ -87.942888, 38.449629 ], [ -87.941944, 38.461025 ], [ -87.955556, 38.489468 ], [ -87.955044, 38.515043 ], [ -87.941849, 38.528248 ], [ -87.951903, 38.542227 ], [ -87.954675, 38.57023 ], [ -87.912286, 38.570104 ], [ -87.654312, 38.568061 ], [ -87.651529, 38.568166 ], [ -87.650704, 38.55624 ], [ -87.660732, 38.541092 ], [ -87.65578, 38.521206 ], [ -87.653802, 38.517382 ], [ -87.654166, 38.511911 ], [ -87.657084, 38.507169 ], [ -87.663701, 38.502931 ], [ -87.678374, 38.498438 ], [ -87.693188, 38.488038 ], [ -87.714047, 38.47988 ], [ -87.730768, 38.478717 ], [ -87.739522, 38.475069 ], [ -87.743535, 38.467774 ], [ -87.743476413728601, 38.466368732037601 ], [ -87.74317, 38.459019 ], [ -87.735729, 38.452986 ], [ -87.730134, 38.446518 ], [ -87.730699, 38.442908 ], [ -87.74104, 38.435576 ], [ -87.744381942629005, 38.414496542221201 ], [ -87.745254, 38.408996 ], [ -87.752918341659296, 38.400578945953903 ], [ -87.752950621629097, 38.400543495779303 ], [ -87.759798523612403, 38.393023063671997 ], [ -87.779996, 38.370842 ], [ -87.806075, 38.363143 ], [ -87.822721, 38.346912 ], [ -87.823193702941495, 38.3458694730868 ], [ -87.832723, 38.324853 ], [ -87.831972, 38.307241 ], [ -87.830953, 38.299365 ], [ -87.832802, 38.29334 ], [ -87.840984, 38.280105 ], [ -87.845937, 38.276667 ], [ -87.854643, 38.275376 ], [ -87.863068, 38.280267 ], [ -87.866248, 38.28998 ], [ -87.860453, 38.305372 ], [ -87.86311, 38.309823 ], [ -87.868886, 38.312277 ], [ -87.87503, 38.310221 ], [ -87.880848, 38.303725 ], [ -87.884858, 38.293063 ], [ -87.887849, 38.285299 ], [ -87.897803, 38.279482 ], [ -87.908542, 38.268581 ], [ -87.91285, 38.268133 ], [ -87.917615, 38.270078 ], [ -87.919292, 38.275908 ], [ -87.915444, 38.28235 ], [ -87.909853, 38.289335 ], [ -87.909338, 38.29572 ], [ -87.916489, 38.299372 ], [ -87.924973, 38.298659 ], [ -87.937329, 38.292431 ], [ -87.94227, 38.278976 ], [ -87.951923, 38.274253 ], [ -87.948903, 38.264116 ], [ -87.942067, 38.260301 ], [ -87.946065, 38.255319 ], [ -87.956145, 38.251652 ], [ -87.958839, 38.244964 ], [ -87.957992, 38.240096 ], [ -87.960225, 38.237118 ], [ -87.965381, 38.236411 ], [ -87.968968, 38.237389 ], [ -87.970593, 38.240861 ], [ -87.969947, 38.243354 ], [ -87.981868, 38.256444 ], [ -87.987103, 38.257731 ], [ -87.987496717872403, 38.256784643872102 ], [ -87.990628, 38.259629 ], [ -87.991726, 38.269619 ] ] ] } },
{ "type": "Feature", "properties": { "STATEFP": "17", "COUNTYFP": "007", "COUNTYNS": "00424205", "GEOIDFQ": "0500000US17007", "GEOID": "17007", "NAME": "Boone", "NAMELSAD": "Boone County", "STUSPS": "IL", "STATE_NAME": "Illinois", "LSAD": "06", "ALAND": 727114620, "AWATER": 3360626 }, "geometry": { "type": "Polygon", "coordinates": [ [ [ -88.94093, 42.249769 ], [ -88.940918, 42.274223 ], [ -88.940806, 42.290438 ], [ -88.940602, 42.319624 ], [ -88.940218, 42.32666 ], [ -88.940441, 42.370233 ], [ -88.940753, 42.41387 ], [ -88.940391, 42.495046 ], [ -88.894583833066307, 42.4941331943769 ], [ -88.786681, 42.491983 ], [ -88.776590121201906, 42.492023229102699 ], [ -88.76536, 42.492068 ], [ -88.707420808544697, 42.4935859308696 ], [ -88.705941, 42.414989 ], [ -88.70561, 42.327882 ], [ -88.705474, 42.256428 ], [ -88.70541, 42.252438 ], [ -88.705585, 42.153537 ], [ -88.822419, 42.153391 ], [ -88.861515, 42.153046 ], [ -88.939732, 42.15232 ], [ -88.94097, 42.238385 ], [ -88.94093, 42.249769 ] ] ] } },
{ "type": "Feature", "properties": { "STATEFP": "17", "COUNTYFP": "133", "COUNTYNS": "01784865", "GEOIDFQ": "0500000US17133", "GEOID": "17133", "NAME": "Monroe", "NAMELSAD": "Monroe County", "STUSPS": "IL", "STATE_NAME": "Illinois", "LSAD": "06", "ALAND": 997924034, "AWATER": 33755285 }, "geometry": { "type": "Polygon", "coordinates": [ [ [ -90.373819, 38.294454 ], [ -90.371719, 38.304354 ], [ -90.372519, 38.323354 ], [ -90.370819, 38.333554 ], [ -90.368219, 38.340254 ], [ -90.356318, 38.360354 ], [ -90.354951742518907, 38.363939516781301 ], [ -90.349743, 38.377609 ], [ -90.346118, 38.381853 ], [ -90.343118, 38.385453 ], [ -90.340757365889402, 38.387506287665502 ], [ -90.331273248701805, 38.395755605402897 ], [ -90.328517, 38.398153 ], [ -90.322317, 38.401753 ], [ -90.312755399056897, 38.410606006317401 ], [ -90.295316, 38.426753 ], [ -90.288815, 38.438453 ], [ -90.285215, 38.443453 ], [ -90.284015, 38.451053 ], [ -90.282564509854495, 38.457519768565497 ], [ -90.279215, 38.472453 ], [ -90.275915, 38.479553 ], [ -90.274914, 38.486253 ], [ -90.274776794676896, 38.486626465267001 ], [ -90.271314, 38.496052 ], [ -90.268814, 38.506152 ], [ -90.263828340056094, 38.520510700638503 ], [ -90.220335, 38.486023 ], [ -90.219031, 38.484994 ], [ -90.194675, 38.465971 ], [ -90.163227, 38.44116 ], [ -90.1454, 38.426674 ], [ -90.145562, 38.412053 ], [ -90.118056, 38.389658 ], [ -90.036096, 38.323537 ], [ -90.036107, 38.308936 ], [ -90.023525, 38.308783 ], [ -89.913057, 38.308105 ], [ -89.903558, 38.279392 ], [ -89.925213, 38.273256 ], [ -89.899043, 38.220755 ], [ -89.899354, 38.220756 ], [ -90.036311, 38.223125 ], [ -90.036065, 38.14756 ], [ -90.035867, 38.135736 ], [ -90.204892540830997, 38.087015953153703 ], [ -90.218708, 38.094365 ], [ -90.243116, 38.112669 ], [ -90.250118, 38.125054 ], [ -90.252484, 38.127571 ], [ -90.252664739513904, 38.127812941630602 ], [ -90.274928, 38.157615 ], [ -90.283091, 38.164447 ], [ -90.290765, 38.170453 ], [ -90.30049, 38.175246 ], [ -90.31063, 38.178572 ], [ -90.316839, 38.179456 ], [ -90.322353, 38.181593 ], [ -90.331554, 38.18758 ], [ -90.334258, 38.189932 ], [ -90.353902, 38.213855 ], [ -90.355430575469498, 38.216305829446704 ], [ -90.356176, 38.217501 ], [ -90.359559, 38.224525 ], [ -90.363926, 38.236355 ], [ -90.367013, 38.250054 ], [ -90.367764, 38.255807 ], [ -90.3692930829517, 38.261494132692 ], [ -90.370892, 38.267441 ], [ -90.371869, 38.273926 ], [ -90.373180876094906, 38.278974175633202 ], [ -90.373929, 38.281853 ], [ -90.373819, 38.294454 ] ] ] } },
{ "type": "Feature", "properties": { "STATEFP": "17", "COUNTYFP": "075", "COUNTYNS": "00424239", "GEOIDFQ": "0500000US17075", "GEOID": "17075", "NAME": "Iroquois", "NAMELSAD": "Iroquois County", "STUSPS": "IL", "STATE_NAME": "Illinois", "LSAD": "06", "ALAND": 2894039689, "AWATER": 4241183 }, "geometry": { "type": "Polygon", "coordinates": [ [ [ -88.131935, 40.997777 ], [ -87.813167, 41.00486 ], [ -87.771442, 41.005684 ], [ -87.751472, 41.005903 ], [ -87.674767, 41.007546 ], [ -87.526305, 41.010346 ], [ -87.526084, 40.911914 ], [ -87.526060545140496, 40.906441646206197 ], [ -87.526014, 40.895582 ], [ -87.526437, 40.894209 ], [ -87.525962, 40.880618 ], [ -87.526113, 40.879703 ], [ -87.525783, 40.854357 ], [ -87.525790559058393, 40.851792010488602 ], [ -87.525964065015799, 40.7929168256982 ], [ -87.526129, 40.73695 ], [ -87.526129052505794, 40.7368850793018 ], [ -87.526166910254403, 40.690075947357499 ], [ -87.526292, 40.535409 ], [ -87.526352, 40.535111 ], [ -87.526376, 40.491574 ], [ -87.526378948003298, 40.491236710982101 ], [ -87.633318, 40.48863 ], [ -87.689335, 40.487957 ], [ -87.763518, 40.488197 ], [ -87.935309, 40.485923 ], [ -87.9926, 40.485568 ], [ -88.002858, 40.488649 ], [ -88.1179, 40.487856 ], [ -88.120279, 40.633884 ], [ -88.124997, 40.748942 ], [ -88.12631, 40.792614 ], [ -88.129414, 40.895063 ], [ -88.131935, 40.997777 ] ] ] } },
{ "type": "Feature", "properties": { "STATEFP": "17", "COUNTYFP": "091", "COUNTYNS": "00424247", "GEOIDFQ": "0500000US17091", "GEOID": "17091", "NAME": "Kankakee", "NAMELSAD": "Kankakee County", "STUSPS": "IL", "STATE_NAME": "Illinois", "LSAD": "06", "ALAND": 1752101352, "AWATER": 12458977 }, "geometry": { "type": "Polygon", "coordinates": [ [ [ -88.251501, 41.114218 ], [ -88.240889, 41.114383 ], [ -88.244144, 41.201566 ], [ -88.186532, 41.202645 ], [ -88.01181, 41.205508 ], [ -88.011891, 41.208191 ], [ -88.012009, 41.212808 ], [ -88.013919, 41.292447 ], [ -87.900349, 41.294295 ], [ -87.842535, 41.295101 ], [ -87.830848, 41.295234 ], [ -87.78468, 41.295818 ], [ -87.781662, 41.295863 ], [ -87.66938, 41.296778 ], [ -87.623798, 41.297163 ], [ -87.526767812341802, 41.298051603275503 ], [ -87.526570339720095, 41.166096664111997 ], [ -87.526567, 41.163865 ], [ -87.52666, 41.16009 ], [ -87.526719, 41.159448 ], [ -87.526693, 41.153958 ], [ -87.526696, 41.149222 ], [ -87.5267, 41.139658 ], [ -87.526711, 41.121485 ], [ -87.526710934830206, 41.121452023421298 ], [ -87.526643180729096, 41.087167738778703 ], [ -87.52652, 41.024837 ], [ -87.526346, 41.010583 ], [ -87.526305, 41.010346 ], [ -87.674767, 41.007546 ], [ -87.751472, 41.005903 ], [ -87.771442, 41.005684 ], [ -87.813167, 41.00486 ], [ -88.131935, 40.997777 ], [ -88.2473, 40.99456 ], [ -88.251501, 41.114218 ] ] ] } },
{ "type": "Feature", "properties": { "STATEFP": "17", "COUNTYFP": "163", "COUNTYNS": "01784987", "GEOIDFQ": "0500000US17163", "GEOID": "17163", "NAME": "St. Clair", "NAMELSAD": "St. Clair County", "STUSPS": "IL", "STATE_NAME": "Illinois", "LSAD": "06", "ALAND": 1703526434, "AWATER": 41843531 }, "geometry": { "type": "Polygon", "coordinates": [ [ [ -90.263814, 38.520552 ], [ -90.263800050759301, 38.520583086879199 ], [ -90.260314, 38.528352 ], [ -90.2577736606992, 38.532006202660497 ], [ -90.248913, 38.544752 ], [ -90.240462325717502, 38.555117854827103 ], [ -90.238061267699905, 38.558063065825699 ], [ -90.224212, 38.575051 ], [ -90.222112, 38.576451 ], [ -90.221246354136397, 38.576819701015999 ], [ -90.217921067053695, 38.578236026995697 ], [ -90.216712, 38.578751 ], [ -90.210111, 38.583951 ], [ -90.202511, 38.588651 ], [ -90.201647139807605, 38.589421829094697 ], [ -90.196011, 38.594451 ], [ -90.191811, 38.598951 ], [ -90.186647852528395, 38.607861513373898 ], [ -90.184993216491605, 38.610717069333703 ], [ -90.18451, 38.611551 ], [ -90.182413946008495, 38.618022658631098 ], [ -90.17881, 38.62915 ], [ -90.178012746374705, 38.633734208345601 ], [ -90.17801, 38.63375 ], [ -90.177771467175802, 38.640905984726103 ], [ -90.17771, 38.64275 ], [ -90.181054743965504, 38.659276970182297 ], [ -90.18111, 38.65955 ], [ -90.181242479799394, 38.660062255224297 ], [ -90.159084, 38.660266 ], [ -90.146387, 38.660227 ], [ -90.082603, 38.659294 ], [ -90.038073, 38.658438 ], [ -90.031312, 38.658397 ], [ -90.01843, 38.65832 ], [ -89.98589, 38.658205 ], [ -89.983178, 38.658189 ], [ -89.928876, 38.657712 ], [ -89.9284, 38.657707 ], [ -89.913452, 38.657478 ], [ -89.883875, 38.656798 ], [ -89.876045, 38.656849 ], [ -89.818745, 38.655825 ], [ -89.706949, 38.655019 ], [ -89.706238, 38.604961 ], [ -89.705864, 38.582413 ], [ -89.705026, 38.518857 ], [ -89.70459, 38.480278 ], [ -89.704245, 38.415779 ], [ -89.703716, 38.305495 ], [ -89.703256, 38.219404 ], [ -89.899043, 38.220755 ], [ -89.925213, 38.273256 ], [ -89.903558, 38.279392 ], [ -89.913057, 38.308105 ], [ -90.023525, 38.308783 ], [ -90.036107, 38.308936 ], [ -90.036096, 38.323537 ], [ -90.118056, 38.389658 ], [ -90.145562, 38.412053 ], [ -90.1454, 38.426674 ], [ -90.163227, 38.44116 ], [ -90.194675, 38.465971 ], [ -90.219031, 38.484994 ], [ -90.220335, 38.486023 ], [ -90.263828340056094, 38.520510700638503 ], [ -90.263814, 38.520552 ] ] ] } },
{ "type": "Feature", "properties": { "STATEFP": "17", "COUNTYFP": "001", "COUNTYNS": "00424202", "GEOIDFQ": "0500000US17001", "GEOID": "17001", "NAME": "Adams", "NAMELSAD": "Adams County", "STUSPS": "IL", "STATE_NAME": "Illinois", "LSAD": "06", "ALAND": 2214831300, "AWATER": 41749180 }, "geometry": { "type": "Polygon", "coordinates": [ [ [ -91.512974, 40.181062 ], [ -91.511073, 40.188794 ], [ -91.509551, 40.191338 ], [ -91.505495, 40.195606 ], [ -91.504477, 40.198262 ], [ -91.505036912337602, 40.199925095814102 ], [ -91.276469, 40.197624 ], [ -91.145168, 40.195537 ], [ -90.911969, 40.193088 ], [ -90.913469, 40.104455 ], [ -90.914687, 40.018039 ], [ -90.916669, 39.844927 ], [ -90.915961, 39.7572 ], [ -91.01074, 39.75712 ], [ -91.265764, 39.757431 ], [ -91.365125, 39.758723 ], [ -91.365906, 39.764956 ], [ -91.365694, 39.77491 ], [ -91.364848, 39.779388 ], [ -91.363012272494899, 39.782753697561802 ], [ -91.361744, 39.785079 ], [ -91.361571, 39.787548 ], [ -91.363444, 39.792804 ], [ -91.367966, 39.800403 ], [ -91.375148, 39.80886 ], [ -91.377971, 39.811273 ], [ -91.385773, 39.815553 ], [ -91.397853, 39.821122 ], [ -91.406223, 39.826472 ], [ -91.414513, 39.829984 ], [ -91.429519, 39.837801 ], [ -91.432919, 39.840554 ], [ -91.436051, 39.84551 ], [ -91.446385, 39.870394 ], [ -91.447844, 39.877951 ], [ -91.446922, 39.883034 ], [ -91.443513, 39.893583 ], [ -91.428956, 39.907729 ], [ -91.4277611068092, 39.908784553083599 ], [ -91.420878, 39.914865 ], [ -91.41988, 39.916533 ], [ -91.418807, 39.922126 ], [ -91.41936, 39.927717 ], [ -91.420073311490498, 39.929233652586603 ], [ -91.421832, 39.932973 ], [ -91.421916099964307, 39.933075027096002 ], [ -91.425782, 39.937765 ], [ -91.429055, 39.940741 ], [ -91.435477500862703, 39.945277915357401 ], [ -91.43709, 39.946417 ], [ -91.44156, 39.951299 ], [ -91.447236, 39.959502 ], [ -91.449806, 39.965278 ], [ -91.454647, 39.971306 ], [ -91.458852, 39.979015 ], [ -91.459533, 39.979892 ], [ -91.463683, 39.981845 ], [ -91.465315, 39.983995 ], [ -91.466682, 39.987253 ], [ -91.467294, 39.990631 ], [ -91.469247, 39.995327 ], [ -91.477298, 40.008993 ], [ -91.484064, 40.019332 ], [ -91.487351, 40.023201 ], [ -91.4881317454103, 40.024575576614602 ], [ -91.494878, 40.036453 ], [ -91.489606, 40.057435 ], [ -91.495365, 40.070951 ], [ -91.497663, 40.078257 ], [ -91.500823, 40.090956 ], [ -91.502341381628597, 40.095986023647001 ], [ -91.506006, 40.108126 ], [ -91.507250449979395, 40.113408861134999 ], [ -91.509245, 40.121876 ], [ -91.510322, 40.127994 ], [ -91.511749, 40.147091 ], [ -91.51159, 40.149269 ], [ -91.508324, 40.156326 ], [ -91.508224, 40.157665 ], [ -91.511956, 40.170441 ], [ -91.513079, 40.178537 ], [ -91.512974, 40.181062 ] ] ] } },
{ "type": "Feature", "properties": { "STATEFP": "17", "COUNTYFP": "099", "COUNTYNS": "00422247", "GEOIDFQ": "0500000US17099", "GEOID": "17099", "NAME": "LaSalle", "NAMELSAD": "LaSalle County", "STUSPS": "IL", "STATE_NAME": "Illinois", "LSAD": "06", "ALAND": 2939993576, "AWATER": 33775236 }, "geometry": { "type": "Polygon", "coordinates": [ [ [ -89.16715, 41.628657 ], [ -89.129243, 41.627949 ], [ -89.051865, 41.626717 ], [ -88.938679, 41.628316 ], [ -88.818233, 41.631351 ], [ -88.751029, 41.630817 ], [ -88.731721, 41.630661 ], [ -88.654211, 41.631036 ], [ -88.60224, 41.631389 ], [ -88.600578, 41.587818 ], [ -88.600585, 41.570831 ], [ -88.599919, 41.566864 ], [ -88.599007, 41.544263 ], [ -88.595961, 41.457129 ], [ -88.594585, 41.398861 ], [ -88.590392, 41.311478 ], [ -88.59004, 41.303464 ], [ -88.588474, 41.267953 ], [ -88.58624, 41.108293 ], [ -88.81621, 41.10649 ], [ -88.831825, 41.106361 ], [ -88.85237, 41.106228 ], [ -88.892935, 41.106054 ], [ -88.930881, 41.1059 ], [ -88.930654, 41.030573 ], [ -88.93139, 40.92774 ], [ -89.047718, 40.925749 ], [ -89.047254, 41.027874 ], [ -89.047394, 41.104786 ], [ -89.162237, 41.104008 ], [ -89.16262, 41.192312 ], [ -89.162782, 41.221379 ], [ -89.163022, 41.258576 ], [ -89.163705, 41.310187 ], [ -89.163999, 41.328053 ], [ -89.16462, 41.364568 ], [ -89.165304, 41.408427 ], [ -89.166542, 41.495832 ], [ -89.166487, 41.497816 ], [ -89.166561, 41.585289 ], [ -89.16715, 41.628657 ] ] ] } },
{ "type": "Feature", "properties": { "STATEFP": "17", "COUNTYFP": "089", "COUNTYNS": "00424246", "GEOIDFQ": "0500000US17089", "GEOID": "17089", "NAME": "Kane", "NAMELSAD": "Kane County", "STUSPS": "IL", "STATE_NAME": "Illinois", "LSAD": "06", "ALAND": 1345145418, "AWATER": 12474709 }, "geometry": { "type": "Polygon", "coordinates": [ [ [ -88.602566, 41.806847 ], [ -88.601686, 41.873325 ], [ -88.601399, 41.952151 ], [ -88.601289, 41.981473 ], [ -88.60156, 42.017925 ], [ -88.601709, 42.041473 ], [ -88.601958, 42.066469 ], [ -88.58833, 42.066462 ], [ -88.588344, 42.110025 ], [ -88.588657, 42.15359 ], [ -88.481781, 42.153754 ], [ -88.432487, 42.153823 ], [ -88.38898, 42.153911 ], [ -88.369403, 42.154016 ], [ -88.354416, 42.154 ], [ -88.32117, 42.153865 ], [ -88.316265, 42.153842 ], [ -88.28649, 42.153723 ], [ -88.277284, 42.153971 ], [ -88.257734, 42.154079 ], [ -88.238449, 42.154249 ], [ -88.238346, 42.132288 ], [ -88.238316, 42.114009 ], [ -88.238334, 42.106616 ], [ -88.238257, 42.092348 ], [ -88.238276, 42.085121 ], [ -88.238186, 42.066985 ], [ -88.263641, 42.066873 ], [ -88.263546, 42.05898 ], [ -88.263408, 42.04641 ], [ -88.263401, 42.044882 ], [ -88.263427, 42.03658 ], [ -88.263427, 42.036549 ], [ -88.263255, 42.015492 ], [ -88.262922, 41.993616 ], [ -88.262875, 41.986378 ], [ -88.262706, 41.950726 ], [ -88.262531, 41.9222 ], [ -88.262574, 41.92129 ], [ -88.26241, 41.899234 ], [ -88.262487, 41.88191 ], [ -88.262552, 41.871154 ], [ -88.262539, 41.862913 ], [ -88.26271, 41.84151 ], [ -88.262711, 41.840976 ], [ -88.262787, 41.815632 ], [ -88.26279, 41.812301 ], [ -88.26279, 41.812132 ], [ -88.262407, 41.782905 ], [ -88.262274, 41.772172 ], [ -88.262272, 41.772095 ], [ -88.262173, 41.764668 ], [ -88.26212, 41.760446 ], [ -88.26198, 41.746456 ], [ -88.261937, 41.7376 ], [ -88.261894, 41.73224 ], [ -88.261952, 41.724652 ], [ -88.278603, 41.724403 ], [ -88.319495, 41.723605 ], [ -88.343216, 41.723197 ], [ -88.37131, 41.7227 ], [ -88.37532, 41.72261 ], [ -88.376361, 41.722574 ], [ -88.42403, 41.72202 ], [ -88.443812, 41.721786 ], [ -88.489188, 41.721128 ], [ -88.489673, 41.721121 ], [ -88.54782, 41.72018 ], [ -88.601933, 41.719563 ], [ -88.602566, 41.806847 ] ] ] } },
{ "type": "Feature", "properties": { "STATEFP": "17", "COUNTYFP": "015", "COUNTYNS": "00424209", "GEOIDFQ": "0500000US17015", "GEOID": "17015", "NAME": "Carroll", "NAMELSAD": "Carroll County", "STUSPS": "IL", "STATE_NAME": "Illinois", "LSAD": "06", "ALAND": 1153597400, "AWATER": 55881822 }, "geometry": { "type": "Polygon", "coordinates": [ [ [ -90.317331268890797, 42.1936467132019 ], [ -90.221257, 42.195645 ], [ -90.107747, 42.197166 ], [ -89.919772, 42.196881 ], [ -89.905757, 42.196872 ], [ -89.860567, 42.198027 ], [ -89.746738, 42.197961 ], [ -89.688486, 42.199112 ], [ -89.685988, 42.090314 ], [ -89.685063, 42.024955 ], [ -89.686455, 41.936927 ], [ -89.685366, 41.93034 ], [ -89.841449, 41.930297 ], [ -90.035985, 41.930333 ], [ -90.151838378767394, 41.928917335740003 ], [ -90.1516, 41.931002 ], [ -90.152659, 41.933058 ], [ -90.156902, 41.938181 ], [ -90.160648, 41.940845 ], [ -90.163847, 41.944934 ], [ -90.164939, 41.948861 ], [ -90.164135, 41.956178 ], [ -90.162141, 41.961293 ], [ -90.153834, 41.974116 ], [ -90.148599, 41.978269 ], [ -90.146225, 41.981329 ], [ -90.146033, 41.988139 ], [ -90.140613, 41.995999 ], [ -90.140061, 42.003252 ], [ -90.140131075261607, 42.003611816826997 ], [ -90.141167, 42.008931 ], [ -90.143776, 42.014881 ], [ -90.148096, 42.020014 ], [ -90.149112, 42.022679 ], [ -90.149733, 42.026564 ], [ -90.150916, 42.02944 ], [ -90.151579, 42.030633 ], [ -90.154221, 42.033073 ], [ -90.158829, 42.037769 ], [ -90.163446, 42.040407 ], [ -90.164485, 42.042105 ], [ -90.165294, 42.050973 ], [ -90.165555, 42.062638 ], [ -90.165895465673103, 42.064234168180803 ], [ -90.168358, 42.075779 ], [ -90.163405, 42.087613 ], [ -90.161504, 42.098912 ], [ -90.161159, 42.106372 ], [ -90.161884, 42.11378 ], [ -90.162895, 42.116718 ], [ -90.167533, 42.122475 ], [ -90.17097, 42.125198 ], [ -90.187474, 42.125423 ], [ -90.190452, 42.125779 ], [ -90.197342, 42.128163 ], [ -90.201404, 42.130937 ], [ -90.20536, 42.139079 ], [ -90.206369, 42.1455 ], [ -90.207421, 42.149109 ], [ -90.209479, 42.15268 ], [ -90.216107, 42.15673 ], [ -90.224244, 42.160028 ], [ -90.234919, 42.165431 ], [ -90.250129, 42.171469 ], [ -90.255456, 42.171821 ], [ -90.26908, 42.1745 ], [ -90.282173, 42.178846 ], [ -90.298442, 42.187576 ], [ -90.306887969102803, 42.190290401305397 ], [ -90.317331268890797, 42.1936467132019 ] ] ] } },
{ "type": "Feature", "properties": { "STATEFP": "17", "COUNTYFP": "033", "COUNTYNS": "00424218", "GEOIDFQ": "0500000US17033", "GEOID": "17033", "NAME": "Crawford", "NAMELSAD": "Crawford County", "STUSPS": "IL", "STATE_NAME": "Illinois", "LSAD": "06", "ALAND": 1149031259, "AWATER": 5744821 }, "geometry": { "type": "Polygon", "coordinates": [ [ [ -87.950385, 39.174882 ], [ -87.820293, 39.177838 ], [ -87.747096, 39.172391 ], [ -87.656919, 39.172179 ], [ -87.642669649887097, 39.157946495394199 ], [ -87.64599, 39.1449 ], [ -87.643145, 39.128562 ], [ -87.632245, 39.118702 ], [ -87.632874, 39.114297 ], [ -87.632874, 39.11055 ], [ -87.632249, 39.106803 ], [ -87.630376, 39.104305 ], [ -87.625379, 39.101806 ], [ -87.619134, 39.100557 ], [ -87.61726, 39.096186 ], [ -87.616636, 39.08994 ], [ -87.613513, 39.085568 ], [ -87.608517, 39.082445 ], [ -87.596373, 39.079639 ], [ -87.589237946555301, 39.072933519670002 ], [ -87.572588, 39.057286 ], [ -87.575027, 39.034062 ], [ -87.569696, 39.019413 ], [ -87.579117, 39.001607 ], [ -87.578319, 38.988786 ], [ -87.529496, 38.971925 ], [ -87.512187, 38.954417 ], [ -87.517449820694097, 38.929674846135697 ], [ -87.518826, 38.923205 ], [ -87.527645, 38.907688 ], [ -87.544089, 38.895093 ], [ -87.54737, 38.875614 ], [ -87.553384, 38.863344 ], [ -87.550515, 38.85956 ], [ -87.534354934007297, 38.852494647453 ], [ -87.908113, 38.850107 ], [ -87.945919, 38.850148 ], [ -87.945485, 38.960605 ], [ -87.946239, 39.010211 ], [ -87.946706, 39.068348 ], [ -87.950385, 39.174882 ] ] ] } },
{ "type": "Feature", "properties": { "STATEFP": "17", "COUNTYFP": "051", "COUNTYNS": "00424227", "GEOIDFQ": "0500000US17051", "GEOID": "17051", "NAME": "Fayette", "NAMELSAD": "Fayette County", "STUSPS": "IL", "STATE_NAME": "Illinois", "LSAD": "06", "ALAND": 1855578066, "AWATER": 22920396 }, "geometry": { "type": "Polygon", "coordinates": [ [ [ -89.25736, 38.99917 ], [ -89.250309, 39.028185 ], [ -89.250619, 39.181055 ], [ -89.250513, 39.217512 ], [ -89.139464, 39.217773 ], [ -89.13553, 39.217192 ], [ -89.035187, 39.215608 ], [ -88.898881, 39.216489 ], [ -88.805325, 39.216263 ], [ -88.805688, 39.086336 ], [ -88.805945, 39.026361 ], [ -88.806795, 38.911585 ], [ -88.693531, 38.914617 ], [ -88.695025, 38.833719 ], [ -88.695165, 38.826299 ], [ -88.801996, 38.824541 ], [ -89.014157, 38.82306 ], [ -89.138138, 38.824209 ], [ -89.138393, 38.736331 ], [ -89.215236, 38.740253 ], [ -89.254185, 38.742018 ], [ -89.256706, 38.916253 ], [ -89.25736, 38.99917 ] ] ] } },
{ "type": "Feature", "properties": { "STATEFP": "17", "COUNTYFP": "173", "COUNTYNS": "01785051", "GEOIDFQ": "0500000US17173", "GEOID": "17173", "NAME": "Shelby", "NAMELSAD": "Shelby County", "STUSPS": "IL", "STATE_NAME": "Illinois", "LSAD": "06", "ALAND": 1964529416, "AWATER": 24746071 }, "geometry": { "type": "Polygon", "coordinates": [ [ [ -89.139807, 39.348888 ], [ -89.025382, 39.34592 ], [ -89.023991, 39.523072 ], [ -89.02568, 39.654183 ], [ -88.921087, 39.652682 ], [ -88.810575, 39.653222 ], [ -88.81058, 39.652771 ], [ -88.809051, 39.580241 ], [ -88.717438, 39.579334 ], [ -88.707334, 39.521063 ], [ -88.641468, 39.520958 ], [ -88.608129, 39.491678 ], [ -88.603185, 39.477031 ], [ -88.584543, 39.476988 ], [ -88.584273, 39.447582 ], [ -88.470505, 39.447041 ], [ -88.470351, 39.432629 ], [ -88.47083, 39.374515 ], [ -88.471157, 39.356224 ], [ -88.470906, 39.215029 ], [ -88.554759, 39.215222 ], [ -88.805325, 39.216263 ], [ -88.898881, 39.216489 ], [ -89.035187, 39.215608 ], [ -89.13553, 39.217192 ], [ -89.139464, 39.217773 ], [ -89.139807, 39.348888 ] ] ] } },
{ "type": "Feature", "properties": { "STATEFP": "17", "COUNTYFP": "077", "COUNTYNS": "00424240", "GEOIDFQ": "0500000US17077", "GEOID": "17077", "NAME": "Jackson", "NAMELSAD": "Jackson County", "STUSPS": "IL", "STATE_NAME": "Illinois", "LSAD": "06", "ALAND": 1511439596, "AWATER": 48312243 }, "geometry": { "type": "Polygon", "coordinates": [ [ [ -89.680705, 37.822676 ], [ -89.660289, 37.838419 ], [ -89.65631, 37.858679 ], [ -89.624487, 37.908569 ], [ -89.595073, 37.955343 ], [ -89.28203, 37.950629 ], [ -89.276197, 37.950564 ], [ -89.237735, 37.950375 ], [ -89.177597, 37.950311 ], [ -89.150834, 37.950196 ], [ -89.150755, 37.945185 ], [ -89.151176, 37.861999 ], [ -89.151401, 37.811046 ], [ -89.151677, 37.773956 ], [ -89.151931, 37.744778 ], [ -89.152247, 37.718404 ], [ -89.153617, 37.600237 ], [ -89.241541, 37.598657 ], [ -89.295445, 37.599246 ], [ -89.453202, 37.60009 ], [ -89.453087, 37.580113 ], [ -89.472208, 37.561926 ], [ -89.521566463421607, 37.5707784301758 ], [ -89.521517425674404, 37.5721520897118 ], [ -89.521274, 37.578971 ], [ -89.520804, 37.581155 ], [ -89.519808, 37.582748 ], [ -89.516538, 37.584504 ], [ -89.513943, 37.584815 ], [ -89.509542, 37.584147 ], [ -89.494051, 37.580116 ], [ -89.486062, 37.580853 ], [ -89.481118, 37.582973 ], [ -89.477548, 37.585885 ], [ -89.47603, 37.590226 ], [ -89.475932, 37.592998 ], [ -89.476514, 37.595554 ], [ -89.478399, 37.598869 ], [ -89.485792, 37.607157 ], [ -89.506563, 37.62505 ], [ -89.510526, 37.631755 ], [ -89.515649, 37.636446 ], [ -89.517718, 37.641217 ], [ -89.517136, 37.643789 ], [ -89.51586, 37.645555 ], [ -89.515903, 37.650803 ], [ -89.516827, 37.656089 ], [ -89.516146, 37.667975 ], [ -89.513927, 37.676575 ], [ -89.51204, 37.680985 ], [ -89.512009, 37.685525 ], [ -89.514255, 37.689923 ], [ -89.516685, 37.692762 ], [ -89.521948, 37.696475 ], [ -89.52573, 37.698441 ], [ -89.531427, 37.700334 ], [ -89.538652, 37.701054 ], [ -89.566704, 37.707189 ], [ -89.573516, 37.709065 ], [ -89.583316, 37.713261 ], [ -89.584080266575995, 37.714094299636002 ], [ -89.587213, 37.71751 ], [ -89.591289, 37.723599 ], [ -89.596566, 37.732886 ], [ -89.602406, 37.736492 ], [ -89.608757, 37.739684 ], [ -89.612478, 37.740036 ], [ -89.615586, 37.74235 ], [ -89.616194, 37.744283 ], [ -89.615933, 37.748184 ], [ -89.616389, 37.749167 ], [ -89.617278, 37.74972 ], [ -89.624023, 37.74912 ], [ -89.62801, 37.748135 ], [ -89.63337, 37.745782 ], [ -89.645429, 37.746108 ], [ -89.64953, 37.745498 ], [ -89.658455, 37.74771 ], [ -89.663352, 37.750052 ], [ -89.665546, 37.752095 ], [ -89.667993, 37.759484 ], [ -89.666474, 37.764195 ], [ -89.66413, 37.76851 ], [ -89.66119, 37.775732 ], [ -89.660227, 37.781032 ], [ -89.66038, 37.786296 ], [ -89.66132, 37.788204 ], [ -89.663982, 37.790801 ], [ -89.669644, 37.799922 ], [ -89.674415793780895, 37.803005294461599 ], [ -89.675999, 37.80841 ], [ -89.680705, 37.822676 ] ] ] } },
{ "type": "Feature", "properties": { "STATEFP": "17", "COUNTYFP": "093", "COUNTYNS": "00424248", "GEOIDFQ": "0500000US17093", "GEOID": "17093", "NAME": "Kendall", "NAMELSAD": "Kendall County", "STUSPS": "IL", "STATE_NAME": "Illinois", "LSAD": "06", "ALAND": 829411568, "AWATER": 5137717 }, "geometry": { "type": "Polygon", "coordinates": [ [ [ -88.603488, 41.713584 ], [ -88.601933, 41.719563 ], [ -88.54782, 41.72018 ], [ -88.489673, 41.721121 ], [ -88.489188, 41.721128 ], [ -88.443812, 41.721786 ], [ -88.42403, 41.72202 ], [ -88.376361, 41.722574 ], [ -88.37532, 41.72261 ], [ -88.37131, 41.7227 ], [ -88.343216, 41.723197 ], [ -88.319495, 41.723605 ], [ -88.278603, 41.724403 ], [ -88.261952, 41.724652 ], [ -88.261275, 41.724656 ], [ -88.261154, 41.717185 ], [ -88.260812, 41.696061 ], [ -88.26081, 41.695843 ], [ -88.25912, 41.6362 ], [ -88.257274, 41.593469 ], [ -88.256568, 41.578743 ], [ -88.255995, 41.564534 ], [ -88.255348, 41.550089 ], [ -88.254941, 41.540138 ], [ -88.254059, 41.514043 ], [ -88.25377, 41.506249 ], [ -88.252231, 41.463066 ], [ -88.365289, 41.460494 ], [ -88.595961, 41.457129 ], [ -88.599007, 41.544263 ], [ -88.599919, 41.566864 ], [ -88.600585, 41.570831 ], [ -88.600578, 41.587818 ], [ -88.60224, 41.631389 ], [ -88.602341, 41.647525 ], [ -88.602592, 41.665912 ], [ -88.603488, 41.713584 ] ] ] } },
{ "type": "Feature", "properties": { "STATEFP": "17", "COUNTYFP": "201", "COUNTYNS": "01785216", "GEOIDFQ": "0500000US17201", "GEOID": "17201", "NAME": "Winnebago", "NAMELSAD": "Winnebago County", "STUSPS": "IL", "STATE_NAME": "Illinois", "LSAD": "06", "ALAND": 1328792562, "AWATER": 15873992 }, "geometry": { "type": "Polygon", "coordinates": [ [ [ -89.401416393029507, 42.5004329299029 ], [ -89.366031, 42.500274 ], [ -89.365798775376703, 42.5002603886239 ], [ -89.361561, 42.500012 ], [ -89.290896, 42.498853 ], [ -89.250759, 42.497994 ], [ -89.246972, 42.49813 ], [ -89.228279, 42.498047 ], [ -89.22627, 42.497957 ], [ -89.166728, 42.497256 ], [ -89.164905, 42.497347 ], [ -89.157147794427999, 42.497270975720603 ], [ -89.129924811698402, 42.497004177628803 ], [ -89.125111, 42.496957 ], [ -89.120365, 42.496992 ], [ -89.116949, 42.49691 ], [ -89.099012, 42.496499 ], [ -89.098912038355905, 42.496497956304403 ], [ -89.071141, 42.496208 ], [ -89.0707629095199, 42.496208629191401 ], [ -89.067443943673197, 42.496214152379302 ], [ -89.056356002890297, 42.4962326041449 ], [ -89.042898, 42.496255 ], [ -89.042095555644295, 42.4962506421871 ], [ -89.041977701301306, 42.496250002158703 ], [ -89.013804, 42.496097 ], [ -89.013667, 42.496087 ], [ -89.012110046024802, 42.496082405029199 ], [ -88.992981955869496, 42.496025953125702 ], [ -88.992659, 42.496025 ], [ -88.943264, 42.495114 ], [ -88.940391, 42.495046 ], [ -88.940753, 42.41387 ], [ -88.940441, 42.370233 ], [ -88.940218, 42.32666 ], [ -88.940602, 42.319624 ], [ -88.940806, 42.290438 ], [ -88.940918, 42.274223 ], [ -88.94093, 42.249769 ], [ -88.94097, 42.238385 ], [ -88.939732, 42.15232 ], [ -89.076998, 42.150812 ], [ -89.096604, 42.15064 ], [ -89.172803, 42.150417 ], [ -89.173, 42.204241 ], [ -89.232474, 42.203558 ], [ -89.253002, 42.203669 ], [ -89.279738, 42.203076 ], [ -89.396192, 42.201916 ], [ -89.397434, 42.288722 ], [ -89.397665, 42.332022 ], [ -89.398011, 42.375173 ], [ -89.401416393029507, 42.5004329299029 ] ] ] } },
{ "type": "Feature", "properties": { "STATEFP": "17", "COUNTYFP": "013", "COUNTYNS": "00424208", "GEOIDFQ": "0500000US17013", "GEOID": "17013", "NAME": "Calhoun", "NAMELSAD": "Calhoun County", "STUSPS": "IL", "STATE_NAME": "Illinois", "LSAD": "06", "ALAND": 657415184, "AWATER": 77051402 }, "geometry": { "type": "Polygon", "coordinates": [ [ [ -90.936778219234697, 39.399486555729602 ], [ -90.908335, 39.400252 ], [ -90.840843, 39.399869 ], [ -90.613775, 39.395416 ], [ -90.620802, 39.381156 ], [ -90.62229, 39.365089 ], [ -90.611258, 39.311213 ], [ -90.60243, 39.292693 ], [ -90.609796, 39.259812 ], [ -90.597989, 39.24333 ], [ -90.59123, 39.198624 ], [ -90.608234, 39.173445 ], [ -90.615071, 39.14813 ], [ -90.603569, 39.117592 ], [ -90.602994, 39.110025 ], [ -90.592165, 39.086765 ], [ -90.581406, 39.06568 ], [ -90.588094, 39.045747 ], [ -90.57681, 39.035938 ], [ -90.570169, 38.99329 ], [ -90.534657, 38.958499 ], [ -90.519644, 38.953943 ], [ -90.491802, 38.966614 ], [ -90.450809944078003, 38.967758684265704 ], [ -90.462411, 38.964322 ], [ -90.467784, 38.961809 ], [ -90.472122, 38.958838 ], [ -90.482419, 38.94446 ], [ -90.483339, 38.942133 ], [ -90.483452, 38.940436 ], [ -90.482725, 38.934712 ], [ -90.486974, 38.925982 ], [ -90.500117, 38.910408 ], [ -90.507451, 38.902767 ], [ -90.516963, 38.898818 ], [ -90.531118, 38.887078 ], [ -90.54403, 38.87505 ], [ -90.545872, 38.874008 ], [ -90.555693, 38.870785 ], [ -90.564627353914602, 38.8691912244213 ], [ -90.566557, 38.868847 ], [ -90.576719, 38.868336 ], [ -90.583388, 38.86903 ], [ -90.595354, 38.87505 ], [ -90.625122, 38.888654 ], [ -90.628485, 38.891617 ], [ -90.635896, 38.903941 ], [ -90.639917, 38.908272 ], [ -90.647988, 38.912106 ], [ -90.653164, 38.916141 ], [ -90.657254, 38.92027 ], [ -90.6614, 38.924989 ], [ -90.663372, 38.928042 ], [ -90.665565, 38.934179 ], [ -90.665570080526706, 38.934198408333202 ], [ -90.669229, 38.948176 ], [ -90.671844, 38.952296 ], [ -90.674182858720101, 38.957904702859999 ], [ -90.675949, 38.96214 ], [ -90.676417, 38.965812 ], [ -90.676397, 38.984096 ], [ -90.678193, 38.991851 ], [ -90.682068, 38.998778 ], [ -90.683683, 39.000049 ], [ -90.687719, 39.005374 ], [ -90.688813, 39.007342 ], [ -90.69, 39.012169 ], [ -90.692403, 39.016656 ], [ -90.700595, 39.029074 ], [ -90.707885, 39.042262 ], [ -90.71158, 39.046798 ], [ -90.713629, 39.053977 ], [ -90.713585, 39.055567 ], [ -90.712541, 39.057064 ], [ -90.702136, 39.065568 ], [ -90.701187, 39.070408 ], [ -90.700424, 39.071787 ], [ -90.682744, 39.088348 ], [ -90.681994, 39.090066 ], [ -90.681086, 39.10059 ], [ -90.684518, 39.113567 ], [ -90.685230363679594, 39.115527045662503 ], [ -90.686051, 39.117785 ], [ -90.694945, 39.12968 ], [ -90.700464, 39.135439 ], [ -90.702923, 39.138749 ], [ -90.705168, 39.143152 ], [ -90.707902, 39.15086 ], [ -90.709146, 39.155111 ], [ -90.709953, 39.172924 ], [ -90.71048, 39.176366 ], [ -90.71437, 39.185308 ], [ -90.717404, 39.197414 ], [ -90.717427, 39.202791 ], [ -90.716677, 39.206723 ], [ -90.716597, 39.210414 ], [ -90.717113, 39.213912 ], [ -90.718227414170897, 39.216318303872598 ], [ -90.721835, 39.224108 ], [ -90.721188, 39.230176 ], [ -90.721593, 39.23273 ], [ -90.726981, 39.251173 ], [ -90.72996, 39.255894 ], [ -90.733976, 39.259098 ], [ -90.739087, 39.261893 ], [ -90.748877, 39.264126 ], [ -90.751599, 39.265432 ], [ -90.767648, 39.280025 ], [ -90.773887, 39.290544 ], [ -90.775673, 39.292811 ], [ -90.783789, 39.297164 ], [ -90.790675, 39.302908 ], [ -90.791689, 39.306957 ], [ -90.793461, 39.309498 ], [ -90.799346, 39.313087 ], [ -90.816851, 39.320496 ], [ -90.821306, 39.323659 ], [ -90.840106, 39.340438 ], [ -90.8475, 39.345272 ], [ -90.859113, 39.35137 ], [ -90.893777, 39.367343 ], [ -90.900095, 39.372354 ], [ -90.902656, 39.375366 ], [ -90.902905, 39.377534 ], [ -90.904862, 39.379403 ], [ -90.907999, 39.380812 ], [ -90.914658, 39.381956 ], [ -90.918521335674001, 39.383014473259202 ], [ -90.920976, 39.383687 ], [ -90.924601, 39.385136 ], [ -90.928745, 39.387544 ], [ -90.934007, 39.392127 ], [ -90.935729, 39.397331 ], [ -90.936778219234697, 39.399486555729602 ] ] ] } },
{ "type": "Feature", "properties": { "STATEFP": "17", "COUNTYFP": "167", "COUNTYNS": "01785010", "GEOIDFQ": "0500000US17167", "GEOID": "17167", "NAME": "Sangamon", "NAMELSAD": "Sangamon County", "STUSPS": "IL", "STATE_NAME": "Illinois", "LSAD": "06", "ALAND": 2248704829, "AWATER": 22747766 }, "geometry": { "type": "Polygon", "coordinates": [ [ [ -89.994506, 39.901925 ], [ -89.811401, 39.902344 ], [ -89.769168, 39.90235 ], [ -89.769186, 39.914202 ], [ -89.76055, 39.916702 ], [ -89.701864, 39.916787 ], [ -89.698259, 39.975309 ], [ -89.578289, 39.976127 ], [ -89.528225, 39.976483 ], [ -89.483826, 39.976733 ], [ -89.483512, 39.940486 ], [ -89.483498, 39.933151 ], [ -89.404969, 39.932717 ], [ -89.404984, 39.918187 ], [ -89.367112, 39.917587 ], [ -89.311089, 39.917194 ], [ -89.217846, 39.91699 ], [ -89.217473, 39.813666 ], [ -89.233523, 39.813159 ], [ -89.246532, 39.826085 ], [ -89.260966, 39.805093 ], [ -89.296367, 39.789879 ], [ -89.303122, 39.775813 ], [ -89.327389, 39.764133 ], [ -89.353958, 39.772107 ], [ -89.362605, 39.755799 ], [ -89.373718, 39.758707 ], [ -89.392858, 39.74385 ], [ -89.409592, 39.743641 ], [ -89.425171, 39.762022 ], [ -89.425033, 39.686073 ], [ -89.443616, 39.68395 ], [ -89.478923, 39.683964 ], [ -89.478473, 39.640842 ], [ -89.535028, 39.641138 ], [ -89.533526, 39.524592 ], [ -89.701661, 39.523316 ], [ -89.759537, 39.52295 ], [ -89.795316, 39.522939 ], [ -89.813147, 39.522838 ], [ -89.860248, 39.522546 ], [ -89.926037, 39.522104 ], [ -89.923955, 39.558678 ], [ -89.984745, 39.718079 ], [ -89.984959, 39.737166 ], [ -89.985562, 39.785416 ], [ -89.993539, 39.785393 ], [ -89.994405, 39.87286 ], [ -89.994506, 39.901925 ] ] ] } },
{ "type": "Feature", "properties": { "STATEFP": "17", "COUNTYFP": "061", "COUNTYNS": "00424232", "GEOIDFQ": "0500000US17061", "GEOID": "17061", "NAME": "Greene", "NAMELSAD": "Greene County", "STUSPS": "IL", "STATE_NAME": "Illinois", "LSAD": "06", "ALAND": 1406736598, "AWATER": 8423898 }, "geometry": { "type": "Polygon", "coordinates": [ [ [ -90.620802, 39.381156 ], [ -90.613775, 39.395416 ], [ -90.616807, 39.423878 ], [ -90.610502, 39.457447 ], [ -90.592092, 39.486979 ], [ -90.581055, 39.521728 ], [ -90.424098, 39.520915 ], [ -90.301831, 39.520344 ], [ -90.153782, 39.520315 ], [ -90.150704, 39.351011 ], [ -90.149462, 39.346302 ], [ -90.148121, 39.261947 ], [ -90.193872, 39.26196 ], [ -90.202681, 39.258192 ], [ -90.201769, 39.225497 ], [ -90.31393, 39.225128 ], [ -90.313289, 39.174289 ], [ -90.363319, 39.174277 ], [ -90.370774, 39.174274 ], [ -90.487624, 39.175005 ], [ -90.487879, 39.164074 ], [ -90.502177, 39.163526 ], [ -90.507508, 39.185193 ], [ -90.536454, 39.192857 ], [ -90.574615, 39.178623 ], [ -90.580587, 39.184895 ], [ -90.575995, 39.165167 ], [ -90.587213, 39.154873 ], [ -90.582803, 39.144327 ], [ -90.599053, 39.134475 ], [ -90.603569, 39.117592 ], [ -90.615071, 39.14813 ], [ -90.608234, 39.173445 ], [ -90.59123, 39.198624 ], [ -90.597989, 39.24333 ], [ -90.609796, 39.259812 ], [ -90.60243, 39.292693 ], [ -90.611258, 39.311213 ], [ -90.62229, 39.365089 ], [ -90.620802, 39.381156 ] ] ] } },
{ "type": "Feature", "properties": { "STATEFP": "17", "COUNTYFP": "045", "COUNTYNS": "00424224", "GEOIDFQ": "0500000US17045", "GEOID": "17045", "NAME": "Edgar", "NAMELSAD": "Edgar County", "STUSPS": "IL", "STATE_NAME": "Illinois", "LSAD": "06", "ALAND": 1614400671, "AWATER": 1565052 }, "geometry": { "type": "Polygon", "coordinates": [ [ [ -87.968777, 39.79235 ], [ -87.937029, 39.792371 ], [ -87.937645, 39.879803 ], [ -87.733544, 39.880911 ], [ -87.692405, 39.88096 ], [ -87.615161, 39.881579 ], [ -87.617422, 39.868608 ], [ -87.557533, 39.868784 ], [ -87.581679, 39.882307 ], [ -87.533226850444905, 39.8830000013537 ], [ -87.533142, 39.810947 ], [ -87.533056, 39.803922 ], [ -87.533058, 39.796243 ], [ -87.533066, 39.781743 ], [ -87.532907662944993, 39.730763266369401 ], [ -87.532703133223706, 39.664910893986203 ], [ -87.532703098393995, 39.664899679885401 ], [ -87.532703, 39.664868 ], [ -87.532444, 39.646102 ], [ -87.532365, 39.646126 ], [ -87.532196223515697, 39.607305990332897 ], [ -87.532008, 39.564013 ], [ -87.531939, 39.545853 ], [ -87.531953834695997, 39.535060188079001 ], [ -87.531965, 39.526937 ], [ -87.531692, 39.495516 ], [ -87.531627, 39.491698 ], [ -87.531663, 39.47712 ], [ -87.531662950404396, 39.4771101546363 ], [ -87.689275, 39.476771 ], [ -87.687622, 39.487363 ], [ -87.848858, 39.483635 ], [ -87.960179, 39.481309 ], [ -87.963634, 39.568914 ], [ -87.964567, 39.598181 ], [ -87.966347, 39.685973 ], [ -87.968777, 39.79235 ] ] ] } },
{ "type": "Feature", "properties": { "STATEFP": "17", "COUNTYFP": "179", "COUNTYNS": "01785094", "GEOIDFQ": "0500000US17179", "GEOID": "17179", "NAME": "Tazewell", "NAMELSAD": "Tazewell County", "STUSPS": "IL", "STATE_NAME": "Illinois", "LSAD": "06", "ALAND": 1674346567, "AWATER": 29712323 }, "geometry": { "type": "Polygon", "coordinates": [ [ [ -89.92468, 40.435921 ], [ -89.908543, 40.445278 ], [ -89.905582, 40.451506 ], [ -89.889067, 40.473068 ], [ -89.882194, 40.505402 ], [ -89.872462, 40.513225 ], [ -89.81357, 40.540564 ], [ -89.771236, 40.553079 ], [ -89.741422, 40.550928 ], [ -89.697072, 40.562032 ], [ -89.675302, 40.554141 ], [ -89.664309, 40.562404 ], [ -89.65863, 40.567361 ], [ -89.653889, 40.578509 ], [ -89.660054, 40.596664 ], [ -89.658, 40.602625 ], [ -89.653688, 40.60749 ], [ -89.622439, 40.635124 ], [ -89.61111, 40.648974 ], [ -89.610973, 40.652322 ], [ -89.616369, 40.660759 ], [ -89.613756, 40.665081 ], [ -89.60044, 40.677571 ], [ -89.591948, 40.684515 ], [ -89.576742, 40.693042 ], [ -89.569629, 40.695661 ], [ -89.557112, 40.698708 ], [ -89.547063, 40.720418 ], [ -89.549359, 40.728913 ], [ -89.550256, 40.739051 ], [ -89.553433, 40.747636 ], [ -89.51266, 40.74758 ], [ -89.427108, 40.747746 ], [ -89.39698, 40.747986 ], [ -89.330092, 40.748257 ], [ -89.329614, 40.660774 ], [ -89.328695, 40.660785 ], [ -89.327343, 40.615566 ], [ -89.269831, 40.616097 ], [ -89.269397, 40.594318 ], [ -89.266499, 40.485552 ], [ -89.265404, 40.42753 ], [ -89.26374, 40.325344 ], [ -89.344744, 40.324425 ], [ -89.489426, 40.322045 ], [ -89.602979, 40.320129 ], [ -89.714927, 40.319218 ], [ -89.717104, 40.435655 ], [ -89.82819, 40.434387 ], [ -89.866222, 40.43571 ], [ -89.915618, 40.435635 ], [ -89.92468, 40.435921 ] ] ] } },
{ "type": "Feature", "properties": { "STATEFP": "17", "COUNTYFP": "029", "COUNTYNS": "00424216", "GEOIDFQ": "0500000US17029", "GEOID": "17029", "NAME": "Coles", "NAMELSAD": "Coles County", "STUSPS": "IL", "STATE_NAME": "Illinois", "LSAD": "06", "ALAND": 1316418028, "AWATER": 4650074 }, "geometry": { "type": "Polygon", "coordinates": [ [ [ -88.472073, 39.651588 ], [ -88.352238, 39.651794 ], [ -88.314033, 39.651805 ], [ -88.24699, 39.65233 ], [ -88.139551, 39.652057 ], [ -88.063518, 39.652657 ], [ -88.063013, 39.681311 ], [ -87.966347, 39.685973 ], [ -87.964567, 39.598181 ], [ -87.963634, 39.568914 ], [ -87.960179, 39.481309 ], [ -88.013944, 39.48079 ], [ -88.012121, 39.378968 ], [ -88.026521, 39.377545 ], [ -88.102332, 39.376462 ], [ -88.267089, 39.374491 ], [ -88.323051, 39.374273 ], [ -88.453169, 39.373638 ], [ -88.47083, 39.374515 ], [ -88.470351, 39.432629 ], [ -88.470505, 39.447041 ], [ -88.472073, 39.651588 ] ] ] } },
{ "type": "Feature", "properties": { "STATEFP": "17", "COUNTYFP": "057", "COUNTYNS": "00424230", "GEOIDFQ": "0500000US17057", "GEOID": "17057", "NAME": "Fulton", "NAMELSAD": "Fulton County", "STUSPS": "IL", "STATE_NAME": "Illinois", "LSAD": "06", "ALAND": 2242109835, "AWATER": 43927321 }, "geometry": { "type": "Polygon", "coordinates": [ [ [ -90.450227, 40.276335 ], [ -90.449054, 40.327619 ], [ -90.447461, 40.452055 ], [ -90.446883, 40.539839 ], [ -90.445627, 40.627638 ], [ -90.444339, 40.714868 ], [ -90.358243, 40.714133 ], [ -90.224763, 40.713667 ], [ -90.215308, 40.713633 ], [ -90.033867, 40.712843 ], [ -89.986064, 40.712361 ], [ -89.987211, 40.683459 ], [ -89.989018, 40.625835 ], [ -89.87368, 40.624975 ], [ -89.873683, 40.624517 ], [ -89.874122, 40.580627 ], [ -89.872275, 40.567039 ], [ -89.872462, 40.513225 ], [ -89.882194, 40.505402 ], [ -89.889067, 40.473068 ], [ -89.905582, 40.451506 ], [ -89.908543, 40.445278 ], [ -89.92468, 40.435921 ], [ -89.948203, 40.424918 ], [ -89.983758, 40.392636 ], [ -90.033026, 40.377806 ], [ -90.043062, 40.370026 ], [ -90.050548, 40.334229 ], [ -90.068859, 40.31248 ], [ -90.068205, 40.298588 ], [ -90.069852, 40.29438 ], [ -90.081886, 40.281558 ], [ -90.107293, 40.2609 ], [ -90.125118, 40.228874 ], [ -90.157961, 40.219655 ], [ -90.199635, 40.183812 ], [ -90.42312, 40.188539 ], [ -90.451916, 40.188803 ], [ -90.450227, 40.276335 ] ] ] } },
{ "type": "Feature", "properties": { "STATEFP": "17", "COUNTYFP": "141", "COUNTYNS": "01784894", "GEOIDFQ": "0500000US17141", "GEOID": "17141", "NAME": "Ogle", "NAMELSAD": "Ogle County", "STUSPS": "IL", "STATE_NAME": "Illinois", "LSAD": "06", "ALAND": 1964903749, "AWATER": 12378959 }, "geometry": { "type": "Polygon", "coordinates": [ [ [ -89.688486, 42.199112 ], [ -89.629821, 42.200534 ], [ -89.435033, 42.201249 ], [ -89.396192, 42.201916 ], [ -89.279738, 42.203076 ], [ -89.253002, 42.203669 ], [ -89.232474, 42.203558 ], [ -89.173, 42.204241 ], [ -89.172803, 42.150417 ], [ -89.096604, 42.15064 ], [ -89.076998, 42.150812 ], [ -88.939732, 42.15232 ], [ -88.938936, 42.065068 ], [ -88.942146, 42.06505 ], [ -88.941883, 41.97888 ], [ -88.9419, 41.978264 ], [ -88.941279, 41.891752 ], [ -89.039778, 41.890554 ], [ -89.168677, 41.889502 ], [ -89.28054, 41.888116 ], [ -89.360578, 41.888018 ], [ -89.360392, 41.902616 ], [ -89.398652, 41.902833 ], [ -89.41376, 41.885463 ], [ -89.421058, 41.889451 ], [ -89.422412, 41.905567 ], [ -89.470815, 41.911462 ], [ -89.482705, 41.902463 ], [ -89.514621, 41.902166 ], [ -89.537861, 41.90251 ], [ -89.62933, 41.901617 ], [ -89.628907, 41.930044 ], [ -89.685366, 41.93034 ], [ -89.686455, 41.936927 ], [ -89.685063, 42.024955 ], [ -89.685988, 42.090314 ], [ -89.688486, 42.199112 ] ] ] } },
{ "type": "Feature", "properties": { "STATEFP": "17", "COUNTYFP": "177", "COUNTYNS": "01785076", "GEOIDFQ": "0500000US17177", "GEOID": "17177", "NAME": "Stephenson", "NAMELSAD": "Stephenson County", "STUSPS": "IL", "STATE_NAME": "Illinois", "LSAD": "06", "ALAND": 1461392058, "AWATER": 1350223 }, "geometry": { "type": "Polygon", "coordinates": [ [ [ -89.926374, 42.505788 ], [ -89.837587462529697, 42.5055426328327 ], [ -89.801897, 42.505444 ], [ -89.799704, 42.505421 ], [ -89.793957, 42.505466 ], [ -89.780302, 42.505349 ], [ -89.769643, 42.505322 ], [ -89.742395, 42.505382 ], [ -89.734176528729606, 42.505334444848103 ], [ -89.693487, 42.505099 ], [ -89.690088, 42.505191 ], [ -89.667596, 42.50496 ], [ -89.650324, 42.504613 ], [ -89.644176, 42.50452 ], [ -89.61341, 42.503942 ], [ -89.603523, 42.503557 ], [ -89.600001, 42.503672 ], [ -89.594779, 42.503468 ], [ -89.581636382668293, 42.5031045139418 ], [ -89.564407, 42.502628 ], [ -89.522542, 42.501889 ], [ -89.493216, 42.501514 ], [ -89.492612, 42.501514 ], [ -89.4843, 42.501426 ], [ -89.425162, 42.500726 ], [ -89.423926, 42.500818 ], [ -89.422567, 42.50068 ], [ -89.420991, 42.500589 ], [ -89.401432, 42.500433 ], [ -89.401416393029507, 42.5004329299029 ], [ -89.398011, 42.375173 ], [ -89.397665, 42.332022 ], [ -89.397434, 42.288722 ], [ -89.396192, 42.201916 ], [ -89.435033, 42.201249 ], [ -89.629821, 42.200534 ], [ -89.688486, 42.199112 ], [ -89.746738, 42.197961 ], [ -89.860567, 42.198027 ], [ -89.905757, 42.196872 ], [ -89.919772, 42.196881 ], [ -89.923558, 42.371416 ], [ -89.923684, 42.376957 ], [ -89.924242, 42.400653 ], [ -89.926466137839796, 42.505787162383299 ], [ -89.926374, 42.505788 ] ] ] } },
{ "type": "Feature", "properties": { "STATEFP": "17", "COUNTYFP": "111", "COUNTYNS": "01784815", "GEOIDFQ": "0500000US17111", "GEOID": "17111", "NAME": "McHenry", "NAMELSAD": "McHenry County", "STUSPS": "IL", "STATE_NAME": "Illinois", "LSAD": "06", "ALAND": 1562790274, "AWATER": 19871806 }, "geometry": { "type": "Polygon", "coordinates": [ [ [ -88.70738, 42.493587 ], [ -88.658475996926299, 42.494623044472696 ], [ -88.638653, 42.495043 ], [ -88.599412880818406, 42.4949953427098 ], [ -88.589869384199105, 42.494983752092899 ], [ -88.506912, 42.494883 ], [ -88.471621653397804, 42.494677530553702 ], [ -88.461397, 42.494618 ], [ -88.417396, 42.494618 ], [ -88.334910155414093, 42.494731223080301 ], [ -88.304692, 42.494772701623098 ], [ -88.274585994545404, 42.494814026224802 ], [ -88.271691, 42.494818 ], [ -88.25009, 42.495823 ], [ -88.237892906746893, 42.4958597493018 ], [ -88.218857675810796, 42.4959171016095 ], [ -88.2169, 42.495923 ], [ -88.200172, 42.496016 ], [ -88.199391116084698, 42.496017867417102 ], [ -88.199212, 42.480897 ], [ -88.198601, 42.415567 ], [ -88.19882, 42.41557 ], [ -88.198819, 42.414857 ], [ -88.198804, 42.396642 ], [ -88.198662, 42.385027 ], [ -88.198454, 42.357962 ], [ -88.198488, 42.343153 ], [ -88.198647, 42.328861 ], [ -88.19875, 42.328611 ], [ -88.19855, 42.284586 ], [ -88.198462, 42.272285 ], [ -88.198245, 42.241559 ], [ -88.198494, 42.241561 ], [ -88.199175, 42.219775 ], [ -88.199378, 42.202966 ], [ -88.199461, 42.19418 ], [ -88.199584, 42.15426 ], [ -88.238449, 42.154249 ], [ -88.257734, 42.154079 ], [ -88.277284, 42.153971 ], [ -88.28649, 42.153723 ], [ -88.316265, 42.153842 ], [ -88.32117, 42.153865 ], [ -88.354416, 42.154 ], [ -88.369403, 42.154016 ], [ -88.38898, 42.153911 ], [ -88.432487, 42.153823 ], [ -88.481781, 42.153754 ], [ -88.588657, 42.15359 ], [ -88.593284, 42.153555 ], [ -88.695685, 42.15352 ], [ -88.705585, 42.153537 ], [ -88.70541, 42.252438 ], [ -88.705474, 42.256428 ], [ -88.70561, 42.327882 ], [ -88.705941, 42.414989 ], [ -88.707420808544697, 42.4935859308696 ], [ -88.70738, 42.493587 ] ] ] } }
]
}
